[2026-08-14T09:19:20.871Z] [LOG] Đã tạo nhân sự #2 (vana@fcvn.local)
[2026-08-14T09:25:02.106Z] [LOG] Đã đổi trạng thái nhân sự #2 → inactive
[2026-08-14T10:10:45.853Z] [LOG] Đã tạo nhân sự #2 (vana@fcvn.local)
[2026-08-15T01:48:36.020Z] [LOG] Đã tạo nhân sự #3 (test1@fcvn.local)
[2026-08-15T02:17:41.214Z] [LOG] Đã tạo nhân sự #5 (test1@fcvn.local)
[2026-08-15T03:39:41.130Z] [LOG] Đã tạo nhân sự #6 (test2@fcvn.local)
[2026-08-15T03:40:10.418Z] [LOG] Đã tạo nhân sự #7 (test3@fcvn.local)
[2026-08-15T04:13:16.867Z] [LOG] Đã tạo nhân sự #2 (test3@fcvn.local)
[2026-08-15T04:14:57.210Z] [LOG] Đã đổi trạng thái nhân sự #2 → inactive
[2026-08-15T04:39:45.332Z] [LOG] Đã tạo nhân sự #3 (test1@fcvn.local)
[2026-08-17T04:51:40.705Z] [LOG] Đã tạo nhân sự #1 (a@fcvn.local)
[2026-08-17T04:51:40.715Z] [LOG] Đã đổi trạng thái nhân sự #1 → inactive
[2026-08-19T03:19:07.180Z] [LOG] Đã tạo nhân sự #2 (test1@fcvn.local)
[2026-08-19T07:04:53.084Z] [LOG] [NestFactory] Starting Nest application...
[2026-08-19T07:04:53.085Z] [LOG] [InstanceLoader] TypeOrmModule dependencies initialized
[2026-08-19T07:04:53.085Z] [LOG] [InstanceLoader] TokenModule dependencies initialized
[2026-08-19T07:04:53.085Z] [LOG] [InstanceLoader] AppModule dependencies initialized
[2026-08-19T07:04:53.085Z] [LOG] [InstanceLoader] ConfigModule dependencies initialized
[2026-08-19T07:04:53.085Z] [LOG] [InstanceLoader] ConfigHostModule dependencies initialized
[2026-08-19T07:04:53.086Z] [LOG] [InstanceLoader] RedisModule dependencies initialized
[2026-08-19T07:04:53.085Z] [LOG] [InstanceLoader] ConfigModule dependencies initialized
[2026-08-19T07:04:53.086Z] [LOG] [InstanceLoader] TypeOrmCoreModule dependencies initialized
[2026-08-19T07:04:53.086Z] [LOG] [InstanceLoader] TypeOrmModule dependencies initialized
[2026-08-19T07:04:53.086Z] [LOG] [InstanceLoader] TypeOrmModule dependencies initialized
[2026-08-19T07:04:53.086Z] [LOG] [InstanceLoader] TypeOrmModule dependencies initialized
[2026-08-19T07:04:53.086Z] [LOG] [InstanceLoader] JwtModule dependencies initialized
[2026-08-19T07:04:53.086Z] [LOG] [InstanceLoader] UserModule dependencies initialized
[2026-08-19T07:04:53.086Z] [LOG] [InstanceLoader] SupplierModule dependencies initialized
[2026-08-19T07:04:53.087Z] [LOG] [InstanceLoader] SupplierGroupModule dependencies initialized
[2026-08-19T07:04:53.087Z] [LOG] [RouterExplorer] Mapped {/, GET} route
[2026-08-19T07:04:53.086Z] [LOG] [InstanceLoader] AuthModule dependencies initialized
[2026-08-19T07:04:53.087Z] [LOG] [RouterExplorer] Mapped {/users, POST} route
[2026-08-19T07:04:53.087Z] [LOG] [RoutesResolver] AppController {/}:
[2026-08-19T07:04:53.087Z] [LOG] [RoutesResolver] UserController {/users}:
[2026-08-19T07:04:53.087Z] [LOG] [RouterExplorer] Mapped {/users/:id, GET} route
[2026-08-19T07:04:53.087Z] [LOG] [RouterExplorer] Mapped {/users/:id/status, PUT} route
[2026-08-19T07:04:53.088Z] [LOG] [RouterExplorer] Mapped {/auth/login, POST} route
[2026-08-19T07:04:53.087Z] [LOG] [RoutesResolver] AuthController {/auth}:
[2026-08-19T07:04:53.087Z] [LOG] [RouterExplorer] Mapped {/users, GET} route
[2026-08-19T07:04:53.088Z] [LOG] [RouterExplorer] Mapped {/auth/logout, POST} route
[2026-08-19T07:04:53.088Z] [LOG] [RouterExplorer] Mapped {/auth/refresh, POST} route
[2026-08-19T07:04:53.088Z] [LOG] [RouterExplorer] Mapped {/suppliers, POST} route
[2026-08-19T07:04:53.088Z] [LOG] [RoutesResolver] SupplierController {/suppliers}:
[2026-08-19T07:04:53.088Z] [LOG] [RouterExplorer] Mapped {/auth/me, GET} route
[2026-08-19T07:04:53.088Z] [LOG] [RouterExplorer] Mapped {/suppliers, GET} route
[2026-08-19T07:04:53.088Z] [LOG] [RouterExplorer] Mapped {/suppliers/:id, GET} route
[2026-08-19T07:04:53.088Z] [LOG] [RouterExplorer] Mapped {/supplier-groups, POST} route
[2026-08-19T07:04:53.088Z] [LOG] [RoutesResolver] SupplierGroupController {/supplier-groups}:
[2026-08-19T07:04:53.088Z] [LOG] [RouterExplorer] Mapped {/supplier-groups/:id, PUT} route
[2026-08-19T07:04:53.088Z] [LOG] [RouterExplorer] Mapped {/supplier-groups, GET} route
[2026-08-19T07:04:53.088Z] [LOG] [RouterExplorer] Mapped {/supplier-groups/:id, GET} route
[2026-08-19T07:04:53.089Z] [LOG] [RouterExplorer] Mapped {/supplier-groups/:id/assign-suppliers, POST} route
[2026-08-19T07:04:53.089Z] [LOG] [NestApplication] Nest application successfully started
[2026-08-19T07:04:53.089Z] [LOG] [RouterExplorer] Mapped {/supplier-groups/:id/status, PUT} route
[2026-08-19T07:07:05.969Z] [LOG] [NestFactory] Starting Nest application...
[2026-08-19T07:07:05.970Z] [LOG] [InstanceLoader] TypeOrmModule dependencies initialized
[2026-08-19T07:07:05.970Z] [LOG] [InstanceLoader] TokenModule dependencies initialized
[2026-08-19T07:07:05.970Z] [LOG] [InstanceLoader] AppModule dependencies initialized
[2026-08-19T07:07:05.970Z] [LOG] [InstanceLoader] ConfigHostModule dependencies initialized
[2026-08-19T07:07:05.970Z] [LOG] [InstanceLoader] RedisModule dependencies initialized
[2026-08-19T07:07:05.970Z] [LOG] [InstanceLoader] ConfigModule dependencies initialized
[2026-08-19T07:07:05.971Z] [LOG] [InstanceLoader] TypeOrmCoreModule dependencies initialized
[2026-08-19T07:07:05.970Z] [LOG] [InstanceLoader] ConfigModule dependencies initialized
[2026-08-19T07:07:05.971Z] [LOG] [InstanceLoader] TypeOrmModule dependencies initialized
[2026-08-19T07:07:05.971Z] [LOG] [InstanceLoader] JwtModule dependencies initialized
[2026-08-19T07:07:05.971Z] [LOG] [InstanceLoader] TypeOrmModule dependencies initialized
[2026-08-19T07:07:05.971Z] [LOG] [InstanceLoader] AuthModule dependencies initialized
[2026-08-19T07:07:05.971Z] [LOG] [InstanceLoader] TypeOrmModule dependencies initialized
[2026-08-19T07:07:05.972Z] [LOG] [InstanceLoader] SupplierModule dependencies initialized
[2026-08-19T07:07:05.972Z] [LOG] [InstanceLoader] SupplierGroupModule dependencies initialized
[2026-08-19T07:07:05.972Z] [LOG] [RoutesResolver] AppController {/}:
[2026-08-19T07:07:05.972Z] [LOG] [InstanceLoader] UserModule dependencies initialized
[2026-08-19T07:07:05.972Z] [LOG] [RoutesResolver] UserController {/users}:
[2026-08-19T07:07:05.972Z] [LOG] [RouterExplorer] Mapped {/users, POST} route
[2026-08-19T07:07:05.972Z] [LOG] [RouterExplorer] Mapped {/users/:id, GET} route
[2026-08-19T07:07:05.973Z] [LOG] [RouterExplorer] Mapped {/users/:id/status, PUT} route
[2026-08-19T07:07:05.972Z] [LOG] [RouterExplorer] Mapped {/users, GET} route
[2026-08-19T07:07:05.973Z] [LOG] [RouterExplorer] Mapped {/auth/login, POST} route
[2026-08-19T07:07:05.973Z] [LOG] [RouterExplorer] Mapped {/auth/refresh, POST} route
[2026-08-19T07:07:05.973Z] [LOG] [RoutesResolver] AuthController {/auth}:
[2026-08-19T07:07:05.973Z] [LOG] [RouterExplorer] Mapped {/auth/me, GET} route
[2026-08-19T07:07:05.973Z] [LOG] [RouterExplorer] Mapped {/auth/logout, POST} route
[2026-08-19T07:07:05.972Z] [LOG] [RouterExplorer] Mapped {/, GET} route
[2026-08-19T07:07:05.973Z] [LOG] [RoutesResolver] SupplierController {/suppliers}:
[2026-08-19T07:07:05.973Z] [LOG] [RouterExplorer] Mapped {/suppliers, GET} route
[2026-08-19T07:07:05.973Z] [LOG] [RouterExplorer] Mapped {/suppliers/:id, GET} route
[2026-08-19T07:07:05.974Z] [LOG] [RoutesResolver] SupplierGroupController {/supplier-groups}:
[2026-08-19T07:07:05.974Z] [LOG] [RouterExplorer] Mapped {/supplier-groups, GET} route
[2026-08-19T07:07:05.974Z] [LOG] [RouterExplorer] Mapped {/supplier-groups, POST} route
[2026-08-19T07:07:05.974Z] [LOG] [RouterExplorer] Mapped {/supplier-groups/:id, PUT} route
[2026-08-19T07:07:05.973Z] [LOG] [RouterExplorer] Mapped {/suppliers, POST} route
[2026-08-19T07:07:05.974Z] [LOG] [RouterExplorer] Mapped {/supplier-groups/:id, GET} route
[2026-08-19T07:07:05.974Z] [LOG] [RouterExplorer] Mapped {/supplier-groups/:id/assign-suppliers, POST} route
[2026-08-19T07:07:05.974Z] [LOG] [RouterExplorer] Mapped {/supplier-groups/:id/status, PUT} route
[2026-08-19T07:07:05.974Z] [LOG] [NestApplication] Nest application successfully started
[2026-08-19T07:07:14.553Z] [LOG] [NestFactory] Starting Nest application...
[2026-08-19T07:07:14.553Z] [LOG] [InstanceLoader] TypeOrmModule dependencies initialized
[2026-08-19T07:07:14.554Z] [LOG] [InstanceLoader] ConfigHostModule dependencies initialized
[2026-08-19T07:07:14.554Z] [LOG] [InstanceLoader] AppModule dependencies initialized
[2026-08-19T07:07:14.554Z] [LOG] [InstanceLoader] TokenModule dependencies initialized
[2026-08-19T07:07:14.554Z] [LOG] [InstanceLoader] ConfigModule dependencies initialized
[2026-08-19T07:07:14.554Z] [LOG] [InstanceLoader] ConfigModule dependencies initialized
[2026-08-19T07:07:14.555Z] [LOG] [InstanceLoader] JwtModule dependencies initialized
[2026-08-19T07:07:14.555Z] [LOG] [InstanceLoader] TypeOrmCoreModule dependencies initialized
[2026-08-19T07:07:14.555Z] [LOG] [InstanceLoader] TypeOrmModule dependencies initialized
[2026-08-19T07:07:14.554Z] [LOG] [InstanceLoader] RedisModule dependencies initialized
[2026-08-19T07:07:14.555Z] [LOG] [InstanceLoader] TypeOrmModule dependencies initialized
[2026-08-19T07:07:14.555Z] [LOG] [InstanceLoader] UserModule dependencies initialized
[2026-08-19T07:07:14.555Z] [LOG] [InstanceLoader] TypeOrmModule dependencies initialized
[2026-08-19T07:07:14.555Z] [LOG] [InstanceLoader] SupplierModule dependencies initialized
[2026-08-19T07:07:14.556Z] [LOG] [InstanceLoader] SupplierGroupModule dependencies initialized
[2026-08-19T07:07:14.556Z] [LOG] [RoutesResolver] AppController {/}:
[2026-08-19T07:07:14.555Z] [LOG] [InstanceLoader] AuthModule dependencies initialized
[2026-08-19T07:07:14.556Z] [LOG] [RoutesResolver] UserController {/users}:
[2026-08-19T07:07:14.556Z] [LOG] [RouterExplorer] Mapped {/users, POST} route
[2026-08-19T07:07:14.556Z] [LOG] [RouterExplorer] Mapped {/users/:id, GET} route
[2026-08-19T07:07:14.556Z] [LOG] [RouterExplorer] Mapped {/users, GET} route
[2026-08-19T07:07:14.556Z] [LOG] [RouterExplorer] Mapped {/users/:id/status, PUT} route
[2026-08-19T07:07:14.556Z] [LOG] [RouterExplorer] Mapped {/, GET} route
[2026-08-19T07:07:14.556Z] [LOG] [RoutesResolver] AuthController {/auth}:
[2026-08-19T07:07:14.557Z] [LOG] [RouterExplorer] Mapped {/auth/logout, POST} route
[2026-08-19T07:07:14.557Z] [LOG] [RouterExplorer] Mapped {/auth/refresh, POST} route
[2026-08-19T07:07:14.557Z] [LOG] [RouterExplorer] Mapped {/auth/me, GET} route
[2026-08-19T07:07:14.557Z] [LOG] [RoutesResolver] SupplierController {/suppliers}:
[2026-08-19T07:07:14.557Z] [LOG] [RouterExplorer] Mapped {/auth/login, POST} route
[2026-08-19T07:07:14.557Z] [LOG] [RouterExplorer] Mapped {/suppliers/:id, GET} route
[2026-08-19T07:07:14.557Z] [LOG] [RouterExplorer] Mapped {/suppliers, POST} route
[2026-08-19T07:07:14.557Z] [LOG] [RoutesResolver] SupplierGroupController {/supplier-groups}:
[2026-08-19T07:07:14.558Z] [LOG] [RouterExplorer] Mapped {/supplier-groups, GET} route
[2026-08-19T07:07:14.557Z] [LOG] [RouterExplorer] Mapped {/supplier-groups, POST} route
[2026-08-19T07:07:14.558Z] [LOG] [RouterExplorer] Mapped {/supplier-groups/:id, GET} route
[2026-08-19T07:07:14.557Z] [LOG] [RouterExplorer] Mapped {/suppliers, GET} route
[2026-08-19T07:07:14.558Z] [LOG] [RouterExplorer] Mapped {/supplier-groups/:id/status, PUT} route
[2026-08-19T07:07:14.558Z] [LOG] [RouterExplorer] Mapped {/supplier-groups/:id/assign-suppliers, POST} route
[2026-08-19T07:07:14.558Z] [LOG] [RouterExplorer] Mapped {/supplier-groups/:id, PUT} route
[2026-08-19T07:07:14.558Z] [LOG] [NestApplication] Nest application successfully started
[2026-08-19T07:14:08.937Z] [LOG] [NestFactory] Starting Nest application...
[2026-08-19T07:14:08.937Z] [LOG] [InstanceLoader] TypeOrmModule dependencies initialized
[2026-08-19T07:14:08.938Z] [LOG] [InstanceLoader] TokenModule dependencies initialized
[2026-08-19T07:14:08.938Z] [LOG] [InstanceLoader] AppModule dependencies initialized
[2026-08-19T07:14:08.938Z] [LOG] [InstanceLoader] ConfigModule dependencies initialized
[2026-08-19T07:14:08.938Z] [LOG] [InstanceLoader] RedisModule dependencies initialized
[2026-08-19T07:14:08.938Z] [LOG] [InstanceLoader] ConfigModule dependencies initialized
[2026-08-19T07:14:08.939Z] [LOG] [InstanceLoader] TypeOrmCoreModule dependencies initialized
[2026-08-19T07:14:08.938Z] [LOG] [InstanceLoader] ConfigHostModule dependencies initialized
[2026-08-19T07:14:08.938Z] [LOG] [InstanceLoader] JwtModule dependencies initialized
[2026-08-19T07:14:08.939Z] [LOG] [InstanceLoader] TypeOrmModule dependencies initialized
[2026-08-19T07:14:08.939Z] [LOG] [InstanceLoader] TypeOrmModule dependencies initialized
[2026-08-19T07:14:08.939Z] [LOG] [InstanceLoader] AuthModule dependencies initialized
[2026-08-19T07:14:08.939Z] [LOG] [InstanceLoader] TypeOrmModule dependencies initialized
[2026-08-19T07:14:08.939Z] [LOG] [InstanceLoader] SupplierModule dependencies initialized
[2026-08-19T07:14:08.940Z] [LOG] [InstanceLoader] SupplierGroupModule dependencies initialized
[2026-08-19T07:14:08.940Z] [LOG] [RouterExplorer] Mapped {/, GET} route
[2026-08-19T07:14:08.939Z] [LOG] [InstanceLoader] UserModule dependencies initialized
[2026-08-19T07:14:08.940Z] [LOG] [RoutesResolver] AppController {/}:
[2026-08-19T07:14:08.940Z] [LOG] [RouterExplorer] Mapped {/users, GET} route
[2026-08-19T07:14:08.940Z] [LOG] [RouterExplorer] Mapped {/users, POST} route
[2026-08-19T07:14:08.940Z] [LOG] [RouterExplorer] Mapped {/users/:id, GET} route
[2026-08-19T07:14:08.940Z] [LOG] [RouterExplorer] Mapped {/users/:id/status, PUT} route
[2026-08-19T07:14:08.940Z] [LOG] [RoutesResolver] AuthController {/auth}:
[2026-08-19T07:14:08.940Z] [LOG] [RoutesResolver] UserController {/users}:
[2026-08-19T07:14:08.940Z] [LOG] [RouterExplorer] Mapped {/auth/refresh, POST} route
[2026-08-19T07:14:08.941Z] [LOG] [RouterExplorer] Mapped {/auth/me, GET} route
[2026-08-19T07:14:08.941Z] [LOG] [RouterExplorer] Mapped {/auth/logout, POST} route
[2026-08-19T07:14:08.941Z] [LOG] [RouterExplorer] Mapped {/suppliers, POST} route
[2026-08-19T07:14:08.940Z] [LOG] [RouterExplorer] Mapped {/auth/login, POST} route
[2026-08-19T07:14:08.941Z] [LOG] [RouterExplorer] Mapped {/suppliers, GET} route
[2026-08-19T07:14:08.941Z] [LOG] [RoutesResolver] SupplierController {/suppliers}:
[2026-08-19T07:14:08.941Z] [LOG] [RoutesResolver] SupplierGroupController {/supplier-groups}:
[2026-08-19T07:14:08.941Z] [LOG] [RouterExplorer] Mapped {/supplier-groups, GET} route
[2026-08-19T07:14:08.941Z] [LOG] [RouterExplorer] Mapped {/supplier-groups, POST} route
[2026-08-19T07:14:08.941Z] [LOG] [RouterExplorer] Mapped {/supplier-groups/:id, PUT} route
[2026-08-19T07:14:08.941Z] [LOG] [RouterExplorer] Mapped {/suppliers/:id, GET} route
[2026-08-19T07:14:08.941Z] [LOG] [RouterExplorer] Mapped {/supplier-groups/:id/status, PUT} route
[2026-08-19T07:14:08.941Z] [LOG] [RouterExplorer] Mapped {/supplier-groups/:id/assign-suppliers, POST} route
[2026-08-19T07:14:08.941Z] [LOG] [RouterExplorer] Mapped {/supplier-groups/:id, GET} route
[2026-08-19T07:14:08.942Z] [LOG] [NestApplication] Nest application successfully started
[2026-08-19T07:14:24.037Z] [LOG] [NestFactory] Starting Nest application...
[2026-08-19T07:14:24.037Z] [LOG] [InstanceLoader] TypeOrmModule dependencies initialized
[2026-08-19T07:14:24.037Z] [LOG] [InstanceLoader] TokenModule dependencies initialized
[2026-08-19T07:14:24.038Z] [LOG] [InstanceLoader] AppModule dependencies initialized
[2026-08-19T07:14:24.038Z] [LOG] [InstanceLoader] ConfigHostModule dependencies initialized
[2026-08-19T07:14:24.038Z] [LOG] [InstanceLoader] ConfigModule dependencies initialized
[2026-08-19T07:14:24.038Z] [LOG] [InstanceLoader] JwtModule dependencies initialized
[2026-08-19T07:14:24.038Z] [LOG] [InstanceLoader] ConfigModule dependencies initialized
[2026-08-19T07:14:24.039Z] [LOG] [InstanceLoader] TypeOrmCoreModule dependencies initialized
[2026-08-19T07:14:24.038Z] [LOG] [InstanceLoader] RedisModule dependencies initialized
[2026-08-19T07:14:24.039Z] [LOG] [InstanceLoader] TypeOrmModule dependencies initialized
[2026-08-19T07:14:24.039Z] [LOG] [InstanceLoader] TypeOrmModule dependencies initialized
[2026-08-19T07:14:24.039Z] [LOG] [InstanceLoader] AuthModule dependencies initialized
[2026-08-19T07:14:24.039Z] [LOG] [InstanceLoader] TypeOrmModule dependencies initialized
[2026-08-19T07:14:24.039Z] [LOG] [InstanceLoader] SupplierModule dependencies initialized
[2026-08-19T07:14:24.039Z] [LOG] [InstanceLoader] SupplierGroupModule dependencies initialized
[2026-08-19T07:14:24.039Z] [LOG] [RoutesResolver] AppController {/}:
[2026-08-19T07:14:24.039Z] [LOG] [RouterExplorer] Mapped {/, GET} route
[2026-08-19T07:14:24.040Z] [LOG] [RoutesResolver] UserController {/users}:
[2026-08-19T07:14:24.039Z] [LOG] [InstanceLoader] UserModule dependencies initialized
[2026-08-19T07:14:24.040Z] [LOG] [RouterExplorer] Mapped {/users/:id, GET} route
[2026-08-19T07:14:24.040Z] [LOG] [RouterExplorer] Mapped {/users, GET} route
[2026-08-19T07:14:24.040Z] [LOG] [RouterExplorer] Mapped {/users, POST} route
[2026-08-19T07:14:24.040Z] [LOG] [RouterExplorer] Mapped {/users/:id/status, PUT} route
[2026-08-19T07:14:24.040Z] [LOG] [RouterExplorer] Mapped {/auth/login, POST} route
[2026-08-19T07:14:24.040Z] [LOG] [RouterExplorer] Mapped {/auth/refresh, POST} route
[2026-08-19T07:14:24.040Z] [LOG] [RoutesResolver] AuthController {/auth}:
[2026-08-19T07:14:24.040Z] [LOG] [RouterExplorer] Mapped {/auth/logout, POST} route
[2026-08-19T07:14:24.040Z] [LOG] [RouterExplorer] Mapped {/suppliers, POST} route
[2026-08-19T07:14:24.040Z] [LOG] [RouterExplorer] Mapped {/auth/me, GET} route
[2026-08-19T07:14:24.040Z] [LOG] [RoutesResolver] SupplierController {/suppliers}:
[2026-08-19T07:14:24.041Z] [LOG] [RouterExplorer] Mapped {/suppliers/:id, GET} route
[2026-08-19T07:14:24.041Z] [LOG] [RouterExplorer] Mapped {/supplier-groups, POST} route
[2026-08-19T07:14:24.041Z] [LOG] [RoutesResolver] SupplierGroupController {/supplier-groups}:
[2026-08-19T07:14:24.040Z] [LOG] [RouterExplorer] Mapped {/suppliers, GET} route
[2026-08-19T07:14:24.041Z] [LOG] [RouterExplorer] Mapped {/supplier-groups, GET} route
[2026-08-19T07:14:24.041Z] [LOG] [RouterExplorer] Mapped {/supplier-groups/:id, PUT} route
[2026-08-19T07:14:24.041Z] [LOG] [RouterExplorer] Mapped {/supplier-groups/:id/status, PUT} route
[2026-08-19T07:14:24.041Z] [LOG] [RouterExplorer] Mapped {/supplier-groups/:id/assign-suppliers, POST} route
[2026-08-19T07:14:24.041Z] [LOG] [NestApplication] Nest application successfully started
[2026-08-19T07:14:24.041Z] [LOG] [RouterExplorer] Mapped {/supplier-groups/:id, GET} route
[2026-08-19T07:17:03.986Z] [LOG] [NestFactory] Starting Nest application...
[2026-08-19T07:17:03.987Z] [LOG] [InstanceLoader] TypeOrmModule dependencies initialized
[2026-08-19T07:17:03.987Z] [LOG] [InstanceLoader] TokenModule dependencies initialized
[2026-08-19T07:17:03.987Z] [LOG] [InstanceLoader] AppModule dependencies initialized
[2026-08-19T07:17:03.987Z] [LOG] [InstanceLoader] ConfigHostModule dependencies initialized
[2026-08-19T07:17:03.987Z] [LOG] [InstanceLoader] ConfigModule dependencies initialized
[2026-08-19T07:17:03.988Z] [LOG] [InstanceLoader] RedisModule dependencies initialized
[2026-08-19T07:17:03.987Z] [LOG] [InstanceLoader] ConfigModule dependencies initialized
[2026-08-19T07:17:03.988Z] [LOG] [InstanceLoader] TypeOrmModule dependencies initialized
[2026-08-19T07:17:03.988Z] [LOG] [InstanceLoader] TypeOrmCoreModule dependencies initialized
[2026-08-19T07:17:03.988Z] [LOG] [InstanceLoader] JwtModule dependencies initialized
[2026-08-19T07:17:03.988Z] [LOG] [InstanceLoader] TypeOrmModule dependencies initialized
[2026-08-19T07:17:03.988Z] [LOG] [InstanceLoader] UserModule dependencies initialized
[2026-08-19T07:17:03.988Z] [LOG] [InstanceLoader] TypeOrmModule dependencies initialized
[2026-08-19T07:17:03.989Z] [LOG] [InstanceLoader] SupplierModule dependencies initialized
[2026-08-19T07:17:03.989Z] [LOG] [InstanceLoader] SupplierGroupModule dependencies initialized
[2026-08-19T07:17:03.989Z] [LOG] [RouterExplorer] Mapped {/, GET} route
[2026-08-19T07:17:03.989Z] [LOG] [RoutesResolver] AppController {/}:
[2026-08-19T07:17:03.988Z] [LOG] [InstanceLoader] AuthModule dependencies initialized
[2026-08-19T07:17:03.989Z] [LOG] [RoutesResolver] UserController {/users}:
[2026-08-19T07:17:03.989Z] [LOG] [RouterExplorer] Mapped {/users, GET} route
[2026-08-19T07:17:03.989Z] [LOG] [RouterExplorer] Mapped {/users/:id/status, PUT} route
[2026-08-19T07:17:03.989Z] [LOG] [RouterExplorer] Mapped {/users/:id, GET} route
[2026-08-19T07:17:03.989Z] [LOG] [RouterExplorer] Mapped {/users, POST} route
[2026-08-19T07:17:03.989Z] [LOG] [RouterExplorer] Mapped {/auth/login, POST} route
[2026-08-19T07:17:03.989Z] [LOG] [RouterExplorer] Mapped {/auth/refresh, POST} route
[2026-08-19T07:17:03.989Z] [LOG] [RoutesResolver] AuthController {/auth}:
[2026-08-19T07:17:03.990Z] [LOG] [RouterExplorer] Mapped {/auth/logout, POST} route
[2026-08-19T07:17:03.990Z] [LOG] [RouterExplorer] Mapped {/auth/me, GET} route
[2026-08-19T07:17:03.990Z] [LOG] [RoutesResolver] SupplierController {/suppliers}:
[2026-08-19T07:17:03.990Z] [LOG] [RouterExplorer] Mapped {/suppliers/:id, GET} route
[2026-08-19T07:17:03.990Z] [LOG] [RoutesResolver] SupplierGroupController {/supplier-groups}:
[2026-08-19T07:17:03.990Z] [LOG] [RouterExplorer] Mapped {/suppliers, GET} route
[2026-08-19T07:17:03.990Z] [LOG] [RouterExplorer] Mapped {/supplier-groups, POST} route
[2026-08-19T07:17:03.990Z] [LOG] [RouterExplorer] Mapped {/supplier-groups/:id, GET} route
[2026-08-19T07:17:03.990Z] [LOG] [RouterExplorer] Mapped {/supplier-groups/:id, PUT} route
[2026-08-19T07:17:03.990Z] [LOG] [RouterExplorer] Mapped {/suppliers, POST} route
[2026-08-19T07:17:03.990Z] [LOG] [RouterExplorer] Mapped {/supplier-groups, GET} route
[2026-08-19T07:17:03.990Z] [LOG] [RouterExplorer] Mapped {/supplier-groups/:id/assign-suppliers, POST} route
[2026-08-19T07:17:03.990Z] [LOG] [RouterExplorer] Mapped {/supplier-groups/:id/status, PUT} route
[2026-08-19T07:17:03.991Z] [LOG] [NestApplication] Nest application successfully started
[2026-08-19T07:17:19.823Z] [LOG] [NestFactory] Starting Nest application...
[2026-08-19T07:17:19.824Z] [LOG] [InstanceLoader] TypeOrmModule dependencies initialized
[2026-08-19T07:17:19.825Z] [LOG] [InstanceLoader] TokenModule dependencies initialized
[2026-08-19T07:17:19.825Z] [LOG] [InstanceLoader] ConfigHostModule dependencies initialized
[2026-08-19T07:17:19.825Z] [LOG] [InstanceLoader] AppModule dependencies initialized
[2026-08-19T07:17:19.825Z] [LOG] [InstanceLoader] ConfigModule dependencies initialized
[2026-08-19T07:17:19.825Z] [LOG] [InstanceLoader] ConfigModule dependencies initialized
[2026-08-19T07:17:19.825Z] [LOG] [InstanceLoader] RedisModule dependencies initialized
[2026-08-19T07:17:19.825Z] [LOG] [InstanceLoader] JwtModule dependencies initialized
[2026-08-19T07:17:19.826Z] [LOG] [InstanceLoader] TypeOrmCoreModule dependencies initialized
[2026-08-19T07:17:19.826Z] [LOG] [InstanceLoader] TypeOrmModule dependencies initialized
[2026-08-19T07:17:19.826Z] [LOG] [InstanceLoader] TypeOrmModule dependencies initialized
[2026-08-19T07:17:19.826Z] [LOG] [InstanceLoader] AuthModule dependencies initialized
[2026-08-19T07:17:19.826Z] [LOG] [InstanceLoader] TypeOrmModule dependencies initialized
[2026-08-19T07:17:19.827Z] [LOG] [InstanceLoader] SupplierGroupModule dependencies initialized
[2026-08-19T07:17:19.827Z] [LOG] [InstanceLoader] UserModule dependencies initialized
[2026-08-19T07:17:19.827Z] [LOG] [RoutesResolver] AppController {/}:
[2026-08-19T07:17:19.827Z] [LOG] [InstanceLoader] SupplierModule dependencies initialized
[2026-08-19T07:17:19.828Z] [LOG] [RouterExplorer] Mapped {/users, POST} route
[2026-08-19T07:17:19.827Z] [LOG] [RouterExplorer] Mapped {/, GET} route
[2026-08-19T07:17:19.828Z] [LOG] [RoutesResolver] UserController {/users}:
[2026-08-19T07:17:19.828Z] [LOG] [RouterExplorer] Mapped {/users/:id, GET} route
[2026-08-19T07:17:19.828Z] [LOG] [RouterExplorer] Mapped {/users/:id/status, PUT} route
[2026-08-19T07:17:19.828Z] [LOG] [RouterExplorer] Mapped {/users, GET} route
[2026-08-19T07:17:19.829Z] [LOG] [RouterExplorer] Mapped {/auth/login, POST} route
[2026-08-19T07:17:19.829Z] [LOG] [RouterExplorer] Mapped {/auth/refresh, POST} route
[2026-08-19T07:17:19.829Z] [LOG] [RouterExplorer] Mapped {/auth/me, GET} route
[2026-08-19T07:17:19.829Z] [LOG] [RouterExplorer] Mapped {/auth/logout, POST} route
[2026-08-19T07:17:19.830Z] [LOG] [RoutesResolver] SupplierController {/suppliers}:
[2026-08-19T07:17:19.830Z] [LOG] [RouterExplorer] Mapped {/suppliers, POST} route
[2026-08-19T07:17:19.830Z] [LOG] [RouterExplorer] Mapped {/suppliers/:id, GET} route
[2026-08-19T07:17:19.828Z] [LOG] [RoutesResolver] AuthController {/auth}:
[2026-08-19T07:17:19.830Z] [LOG] [RouterExplorer] Mapped {/suppliers, GET} route
[2026-08-19T07:17:19.830Z] [LOG] [RoutesResolver] SupplierGroupController {/supplier-groups}:
[2026-08-19T07:17:19.830Z] [LOG] [RouterExplorer] Mapped {/supplier-groups, POST} route
[2026-08-19T07:17:19.830Z] [LOG] [RouterExplorer] Mapped {/supplier-groups/:id, GET} route
[2026-08-19T07:17:19.831Z] [LOG] [RouterExplorer] Mapped {/supplier-groups/:id, PUT} route
[2026-08-19T07:17:19.831Z] [LOG] [RouterExplorer] Mapped {/supplier-groups/:id/status, PUT} route
[2026-08-19T07:17:19.831Z] [LOG] [RouterExplorer] Mapped {/supplier-groups/:id/assign-suppliers, POST} route
[2026-08-19T07:17:19.831Z] [LOG] [NestApplication] Nest application successfully started
[2026-08-19T07:17:19.830Z] [LOG] [RouterExplorer] Mapped {/supplier-groups, GET} route
[2026-08-19T07:23:51.256Z] [LOG] [NestFactory] Starting Nest application...
[2026-08-19T07:23:51.257Z] [LOG] [InstanceLoader] TypeOrmModule dependencies initialized
[2026-08-19T07:23:51.258Z] [LOG] [InstanceLoader] TokenModule dependencies initialized
[2026-08-19T07:23:51.258Z] [LOG] [InstanceLoader] AppModule dependencies initialized
[2026-08-19T07:23:51.258Z] [LOG] [InstanceLoader] ConfigHostModule dependencies initialized
[2026-08-19T07:23:51.258Z] [LOG] [InstanceLoader] ConfigModule dependencies initialized
[2026-08-19T07:23:51.259Z] [LOG] [InstanceLoader] RedisModule dependencies initialized
[2026-08-19T07:23:51.259Z] [LOG] [InstanceLoader] JwtModule dependencies initialized
[2026-08-19T07:23:51.259Z] [LOG] [InstanceLoader] TypeOrmCoreModule dependencies initialized
[2026-08-19T07:23:51.259Z] [LOG] [InstanceLoader] TypeOrmModule dependencies initialized
[2026-08-19T07:23:51.259Z] [LOG] [InstanceLoader] TypeOrmModule dependencies initialized
[2026-08-19T07:23:51.260Z] [LOG] [InstanceLoader] TypeOrmModule dependencies initialized
[2026-08-19T07:23:51.260Z] [LOG] [InstanceLoader] AuthModule dependencies initialized
[2026-08-19T07:23:51.260Z] [LOG] [InstanceLoader] UserModule dependencies initialized
[2026-08-19T07:23:51.260Z] [LOG] [InstanceLoader] SupplierModule dependencies initialized
[2026-08-19T07:23:51.260Z] [LOG] [InstanceLoader] SupplierGroupModule dependencies initialized
[2026-08-19T07:23:51.261Z] [LOG] [RoutesResolver] AppController {/}:
[2026-08-19T07:23:51.261Z] [LOG] [RouterExplorer] Mapped {/, GET} route
[2026-08-19T07:23:51.261Z] [LOG] [RoutesResolver] UserController {/users}:
[2026-08-19T07:23:51.261Z] [LOG] [RouterExplorer] Mapped {/users, POST} route
[2026-08-19T07:23:51.261Z] [LOG] [RouterExplorer] Mapped {/users, GET} route
[2026-08-19T07:23:51.261Z] [LOG] [RouterExplorer] Mapped {/users/:id, GET} route
[2026-08-19T07:23:51.262Z] [LOG] [RouterExplorer] Mapped {/users/:id/status, PUT} route
[2026-08-19T07:23:51.262Z] [LOG] [RoutesResolver] AuthController {/auth}:
[2026-08-19T07:23:51.262Z] [LOG] [RouterExplorer] Mapped {/auth/login, POST} route
[2026-08-19T07:23:51.262Z] [LOG] [RouterExplorer] Mapped {/auth/refresh, POST} route
[2026-08-19T07:23:51.262Z] [LOG] [RouterExplorer] Mapped {/auth/logout, POST} route
[2026-08-19T07:23:51.263Z] [LOG] [RoutesResolver] SupplierController {/suppliers}:
[2026-08-19T07:23:51.263Z] [LOG] [RouterExplorer] Mapped {/suppliers, POST} route
[2026-08-19T07:23:51.263Z] [LOG] [RouterExplorer] Mapped {/suppliers/:id, GET} route
[2026-08-19T07:23:51.263Z] [LOG] [RouterExplorer] Mapped {/suppliers, GET} route
[2026-08-19T07:23:51.263Z] [LOG] [RoutesResolver] SupplierGroupController {/supplier-groups}:
[2026-08-19T07:23:51.264Z] [LOG] [RouterExplorer] Mapped {/supplier-groups, POST} route
[2026-08-19T07:23:51.264Z] [LOG] [RouterExplorer] Mapped {/supplier-groups, GET} route
[2026-08-19T07:23:51.264Z] [LOG] [RouterExplorer] Mapped {/supplier-groups/:id, GET} route
[2026-08-19T07:23:51.264Z] [LOG] [RouterExplorer] Mapped {/supplier-groups/:id, PUT} route
[2026-08-19T07:23:51.264Z] [LOG] [RouterExplorer] Mapped {/supplier-groups/:id/status, PUT} route
[2026-08-19T07:23:51.265Z] [LOG] [RouterExplorer] Mapped {/supplier-groups/:id/assign-suppliers, POST} route
[2026-08-19T07:23:51.262Z] [LOG] [RouterExplorer] Mapped {/auth/me, GET} route
[2026-08-19T07:23:51.258Z] [LOG] [InstanceLoader] ConfigModule dependencies initialized
[2026-08-19T07:23:51.265Z] [LOG] [NestApplication] Nest application successfully started
[2026-08-19T07:25:00.823Z] [LOG] [NestFactory] Starting Nest application...
[2026-08-19T07:25:00.824Z] [LOG] [InstanceLoader] TypeOrmModule dependencies initialized
[2026-08-19T07:25:00.824Z] [LOG] [InstanceLoader] ConfigHostModule dependencies initialized
[2026-08-19T07:25:00.824Z] [LOG] [InstanceLoader] AppModule dependencies initialized
[2026-08-19T07:25:00.824Z] [LOG] [InstanceLoader] TokenModule dependencies initialized
[2026-08-19T07:25:00.825Z] [LOG] [InstanceLoader] ConfigModule dependencies initialized
[2026-08-19T07:25:00.825Z] [LOG] [InstanceLoader] JwtModule dependencies initialized
[2026-08-19T07:25:00.824Z] [LOG] [InstanceLoader] ConfigModule dependencies initialized
[2026-08-19T07:25:00.825Z] [LOG] [InstanceLoader] TypeOrmCoreModule dependencies initialized
[2026-08-19T07:25:00.825Z] [LOG] [InstanceLoader] RedisModule dependencies initialized
[2026-08-19T07:25:00.825Z] [LOG] [InstanceLoader] TypeOrmModule dependencies initialized
[2026-08-19T07:25:00.825Z] [LOG] [InstanceLoader] TypeOrmModule dependencies initialized
[2026-08-19T07:25:00.825Z] [LOG] [InstanceLoader] AuthModule dependencies initialized
[2026-08-19T07:25:00.825Z] [LOG] [InstanceLoader] UserModule dependencies initialized
[2026-08-19T07:25:00.825Z] [LOG] [InstanceLoader] TypeOrmModule dependencies initialized
[2026-08-19T07:25:00.825Z] [LOG] [InstanceLoader] SupplierModule dependencies initialized
[2026-08-19T07:25:00.826Z] [LOG] [RouterExplorer] Mapped {/, GET} route
[2026-08-19T07:25:00.826Z] [LOG] [InstanceLoader] SupplierGroupModule dependencies initialized
[2026-08-19T07:25:00.826Z] [LOG] [RoutesResolver] UserController {/users}:
[2026-08-19T07:25:00.826Z] [LOG] [RouterExplorer] Mapped {/users, POST} route
[2026-08-19T07:25:00.826Z] [LOG] [RouterExplorer] Mapped {/users/:id, GET} route
[2026-08-19T07:25:00.826Z] [LOG] [RoutesResolver] AppController {/}:
[2026-08-19T07:25:00.826Z] [LOG] [RouterExplorer] Mapped {/users, GET} route
[2026-08-19T07:25:00.826Z] [LOG] [RouterExplorer] Mapped {/users/:id/status, PUT} route
[2026-08-19T07:25:00.827Z] [LOG] [RouterExplorer] Mapped {/auth/refresh, POST} route
[2026-08-19T07:25:00.827Z] [LOG] [RouterExplorer] Mapped {/auth/logout, POST} route
[2026-08-19T07:25:00.826Z] [LOG] [RouterExplorer] Mapped {/auth/login, POST} route
[2026-08-19T07:25:00.826Z] [LOG] [RoutesResolver] AuthController {/auth}:
[2026-08-19T07:25:00.827Z] [LOG] [RoutesResolver] SupplierController {/suppliers}:
[2026-08-19T07:25:00.827Z] [LOG] [RouterExplorer] Mapped {/suppliers, GET} route
[2026-08-19T07:25:00.827Z] [LOG] [RouterExplorer] Mapped {/suppliers, POST} route
[2026-08-19T07:25:00.827Z] [LOG] [RouterExplorer] Mapped {/suppliers/:id, GET} route
[2026-08-19T07:25:00.827Z] [LOG] [RoutesResolver] SupplierGroupController {/supplier-groups}:
[2026-08-19T07:25:00.827Z] [LOG] [RouterExplorer] Mapped {/supplier-groups, GET} route
[2026-08-19T07:25:00.827Z] [LOG] [RouterExplorer] Mapped {/supplier-groups, POST} route
[2026-08-19T07:25:00.827Z] [LOG] [RouterExplorer] Mapped {/supplier-groups/:id, PUT} route
[2026-08-19T07:25:00.828Z] [LOG] [RouterExplorer] Mapped {/supplier-groups/:id/status, PUT} route
[2026-08-19T07:25:00.827Z] [LOG] [RouterExplorer] Mapped {/auth/me, GET} route
[2026-08-19T07:25:00.827Z] [LOG] [RouterExplorer] Mapped {/supplier-groups/:id, GET} route
[2026-08-19T07:25:00.828Z] [LOG] [RouterExplorer] Mapped {/supplier-groups/:id/assign-suppliers, POST} route
[2026-08-19T07:25:00.828Z] [LOG] [NestApplication] Nest application successfully started
[2026-08-19T07:31:57.319Z] [LOG] [NestFactory] Starting Nest application...
[2026-08-19T07:31:57.320Z] [LOG] [InstanceLoader] TypeOrmModule dependencies initialized
[2026-08-19T07:31:57.320Z] [LOG] [InstanceLoader] TokenModule dependencies initialized
[2026-08-19T07:31:57.320Z] [LOG] [InstanceLoader] AppModule dependencies initialized
[2026-08-19T07:31:57.320Z] [LOG] [InstanceLoader] ConfigModule dependencies initialized
[2026-08-19T07:31:57.320Z] [LOG] [InstanceLoader] ConfigHostModule dependencies initialized
[2026-08-19T07:31:57.320Z] [LOG] [InstanceLoader] ConfigModule dependencies initialized
[2026-08-19T07:31:57.320Z] [LOG] [InstanceLoader] RedisModule dependencies initialized
[2026-08-19T07:31:57.320Z] [LOG] [InstanceLoader] TypeOrmCoreModule dependencies initialized
[2026-08-19T07:31:57.321Z] [LOG] [InstanceLoader] TypeOrmModule dependencies initialized
[2026-08-19T07:31:57.320Z] [LOG] [InstanceLoader] TypeOrmModule dependencies initialized
[2026-08-19T07:31:57.320Z] [LOG] [InstanceLoader] JwtModule dependencies initialized
[2026-08-19T07:31:57.321Z] [LOG] [InstanceLoader] AuthModule dependencies initialized
[2026-08-19T07:31:57.321Z] [LOG] [InstanceLoader] TypeOrmModule dependencies initialized
[2026-08-19T07:31:57.321Z] [LOG] [InstanceLoader] SupplierGroupModule dependencies initialized
[2026-08-19T07:31:57.321Z] [LOG] [InstanceLoader] SupplierModule dependencies initialized
[2026-08-19T07:31:57.321Z] [LOG] [RouterExplorer] Mapped {/, GET} route
[2026-08-19T07:31:57.321Z] [LOG] [RoutesResolver] AppController {/}:
[2026-08-19T07:31:57.321Z] [LOG] [InstanceLoader] UserModule dependencies initialized
[2026-08-19T07:31:57.321Z] [LOG] [RoutesResolver] UserController {/users}:
[2026-08-19T07:31:57.321Z] [LOG] [RouterExplorer] Mapped {/users, POST} route
[2026-08-19T07:31:57.322Z] [LOG] [RouterExplorer] Mapped {/users/:id/status, PUT} route
[2026-08-19T07:31:57.321Z] [LOG] [RouterExplorer] Mapped {/users, GET} route
[2026-08-19T07:31:57.322Z] [LOG] [RoutesResolver] AuthController {/auth}:
[2026-08-19T07:31:57.322Z] [LOG] [RouterExplorer] Mapped {/users/:id, GET} route
[2026-08-19T07:31:57.322Z] [LOG] [RouterExplorer] Mapped {/auth/login, POST} route
[2026-08-19T07:31:57.322Z] [LOG] [RouterExplorer] Mapped {/auth/me, GET} route
[2026-08-19T07:31:57.322Z] [LOG] [RouterExplorer] Mapped {/auth/logout, POST} route
[2026-08-19T07:31:57.322Z] [LOG] [RouterExplorer] Mapped {/auth/refresh, POST} route
[2026-08-19T07:31:57.322Z] [LOG] [RouterExplorer] Mapped {/suppliers, POST} route
[2026-08-19T07:31:57.322Z] [LOG] [RoutesResolver] SupplierController {/suppliers}:
[2026-08-19T07:31:57.322Z] [LOG] [RouterExplorer] Mapped {/suppliers/:id, GET} route
[2026-08-19T07:31:57.323Z] [LOG] [RouterExplorer] Mapped {/supplier-groups, POST} route
[2026-08-19T07:31:57.323Z] [LOG] [RoutesResolver] SupplierGroupController {/supplier-groups}:
[2026-08-19T07:31:57.323Z] [LOG] [RouterExplorer] Mapped {/supplier-groups/:id, GET} route
[2026-08-19T07:31:57.322Z] [LOG] [RouterExplorer] Mapped {/suppliers, GET} route
[2026-08-19T07:31:57.323Z] [LOG] [RouterExplorer] Mapped {/supplier-groups, GET} route
[2026-08-19T07:31:57.323Z] [LOG] [RouterExplorer] Mapped {/supplier-groups/:id, PUT} route
[2026-08-19T07:31:57.323Z] [LOG] [RouterExplorer] Mapped {/supplier-groups/:id/status, PUT} route
[2026-08-19T07:31:57.323Z] [LOG] [RouterExplorer] Mapped {/supplier-groups/:id/assign-suppliers, POST} route
[2026-08-19T07:31:57.323Z] [LOG] [NestApplication] Nest application successfully started
[2026-08-19T07:32:43.777Z] [LOG] [NestFactory] Starting Nest application...
[2026-08-19T07:32:43.777Z] [LOG] [InstanceLoader] ConfigHostModule dependencies initialized
[2026-08-19T07:32:43.777Z] [LOG] [InstanceLoader] TypeOrmModule dependencies initialized
[2026-08-19T07:32:43.777Z] [LOG] [InstanceLoader] AppModule dependencies initialized
[2026-08-19T07:32:43.778Z] [LOG] [InstanceLoader] RedisModule dependencies initialized
[2026-08-19T07:32:43.777Z] [LOG] [InstanceLoader] TokenModule dependencies initialized
[2026-08-19T07:32:43.777Z] [LOG] [InstanceLoader] ConfigModule dependencies initialized
[2026-08-19T07:32:43.778Z] [LOG] [InstanceLoader] ConfigModule dependencies initialized
[2026-08-19T07:32:43.778Z] [LOG] [InstanceLoader] TypeOrmCoreModule dependencies initialized
[2026-08-19T07:32:43.778Z] [LOG] [InstanceLoader] TypeOrmModule dependencies initialized
[2026-08-19T07:32:43.778Z] [LOG] [InstanceLoader] TypeOrmModule dependencies initialized
[2026-08-19T07:32:43.778Z] [LOG] [InstanceLoader] JwtModule dependencies initialized
[2026-08-19T07:32:43.778Z] [LOG] [InstanceLoader] AuthModule dependencies initialized
[2026-08-19T07:32:43.778Z] [LOG] [InstanceLoader] TypeOrmModule dependencies initialized
[2026-08-19T07:32:43.778Z] [LOG] [InstanceLoader] SupplierModule dependencies initialized
[2026-08-19T07:32:43.779Z] [LOG] [InstanceLoader] SupplierGroupModule dependencies initialized
[2026-08-19T07:32:43.778Z] [LOG] [InstanceLoader] UserModule dependencies initialized
[2026-08-19T07:32:43.779Z] [LOG] [RouterExplorer] Mapped {/, GET} route
[2026-08-19T07:32:43.779Z] [LOG] [RoutesResolver] AppController {/}:
[2026-08-19T07:32:43.779Z] [LOG] [RoutesResolver] UserController {/users}:
[2026-08-19T07:32:43.779Z] [LOG] [RouterExplorer] Mapped {/users, GET} route
[2026-08-19T07:32:43.779Z] [LOG] [RouterExplorer] Mapped {/users/:id, GET} route
[2026-08-19T07:32:43.779Z] [LOG] [RouterExplorer] Mapped {/users/:id/status, PUT} route
[2026-08-19T07:32:43.779Z] [LOG] [RoutesResolver] AuthController {/auth}:
[2026-08-19T07:32:43.779Z] [LOG] [RouterExplorer] Mapped {/users, POST} route
[2026-08-19T07:32:43.779Z] [LOG] [RouterExplorer] Mapped {/auth/login, POST} route
[2026-08-19T07:32:43.779Z] [LOG] [RouterExplorer] Mapped {/auth/me, GET} route
[2026-08-19T07:32:43.779Z] [LOG] [RouterExplorer] Mapped {/auth/refresh, POST} route
[2026-08-19T07:32:43.779Z] [LOG] [RoutesResolver] SupplierController {/suppliers}:
[2026-08-19T07:32:43.779Z] [LOG] [RouterExplorer] Mapped {/auth/logout, POST} route
[2026-08-19T07:32:43.780Z] [LOG] [RouterExplorer] Mapped {/suppliers/:id, GET} route
[2026-08-19T07:32:43.780Z] [LOG] [RouterExplorer] Mapped {/suppliers, GET} route
[2026-08-19T07:32:43.780Z] [LOG] [RouterExplorer] Mapped {/suppliers, POST} route
[2026-08-19T07:32:43.780Z] [LOG] [RouterExplorer] Mapped {/supplier-groups, POST} route
[2026-08-19T07:32:43.780Z] [LOG] [RoutesResolver] SupplierGroupController {/supplier-groups}:
[2026-08-19T07:32:43.780Z] [LOG] [RouterExplorer] Mapped {/supplier-groups/:id, PUT} route
[2026-08-19T07:32:43.780Z] [LOG] [RouterExplorer] Mapped {/supplier-groups/:id, GET} route
[2026-08-19T07:32:43.780Z] [LOG] [RouterExplorer] Mapped {/supplier-groups, GET} route
[2026-08-19T07:32:43.780Z] [LOG] [NestApplication] Nest application successfully started
[2026-08-19T07:32:43.780Z] [LOG] [RouterExplorer] Mapped {/supplier-groups/:id/assign-suppliers, POST} route
[2026-08-19T07:32:43.780Z] [LOG] [RouterExplorer] Mapped {/supplier-groups/:id/status, PUT} route
[2026-08-19T07:33:14.623Z] [LOG] [NestFactory] Starting Nest application...
[2026-08-19T07:33:14.624Z] [LOG] [InstanceLoader] TypeOrmModule dependencies initialized
[2026-08-19T07:33:14.624Z] [LOG] [InstanceLoader] TokenModule dependencies initialized
[2026-08-19T07:33:14.624Z] [LOG] [InstanceLoader] AppModule dependencies initialized
[2026-08-19T07:33:14.625Z] [LOG] [InstanceLoader] ConfigModule dependencies initialized
[2026-08-19T07:33:14.624Z] [LOG] [InstanceLoader] ConfigHostModule dependencies initialized
[2026-08-19T07:33:14.624Z] [LOG] [InstanceLoader] ConfigModule dependencies initialized
[2026-08-19T07:33:14.625Z] [LOG] [InstanceLoader] JwtModule dependencies initialized
[2026-08-19T07:33:14.625Z] [LOG] [InstanceLoader] TypeOrmCoreModule dependencies initialized
[2026-08-19T07:33:14.625Z] [LOG] [InstanceLoader] TypeOrmModule dependencies initialized
[2026-08-19T07:33:14.625Z] [LOG] [InstanceLoader] RedisModule dependencies initialized
[2026-08-19T07:33:14.625Z] [LOG] [InstanceLoader] TypeOrmModule dependencies initialized
[2026-08-19T07:33:14.625Z] [LOG] [InstanceLoader] UserModule dependencies initialized
[2026-08-19T07:33:14.625Z] [LOG] [InstanceLoader] TypeOrmModule dependencies initialized
[2026-08-19T07:33:14.625Z] [LOG] [InstanceLoader] SupplierModule dependencies initialized
[2026-08-19T07:33:14.625Z] [LOG] [InstanceLoader] SupplierGroupModule dependencies initialized
[2026-08-19T07:33:14.626Z] [LOG] [RouterExplorer] Mapped {/, GET} route
[2026-08-19T07:33:14.625Z] [LOG] [InstanceLoader] AuthModule dependencies initialized
[2026-08-19T07:33:14.625Z] [LOG] [RoutesResolver] AppController {/}:
[2026-08-19T07:33:14.626Z] [LOG] [RoutesResolver] UserController {/users}:
[2026-08-19T07:33:14.626Z] [LOG] [RouterExplorer] Mapped {/users, POST} route
[2026-08-19T07:33:14.626Z] [LOG] [RouterExplorer] Mapped {/users/:id, GET} route
[2026-08-19T07:33:14.626Z] [LOG] [RouterExplorer] Mapped {/users/:id/status, PUT} route
[2026-08-19T07:33:14.626Z] [LOG] [RoutesResolver] AuthController {/auth}:
[2026-08-19T07:33:14.626Z] [LOG] [RouterExplorer] Mapped {/users, GET} route
[2026-08-19T07:33:14.626Z] [LOG] [RouterExplorer] Mapped {/auth/refresh, POST} route
[2026-08-19T07:33:14.626Z] [LOG] [RouterExplorer] Mapped {/auth/me, GET} route
[2026-08-19T07:33:14.626Z] [LOG] [RouterExplorer] Mapped {/auth/logout, POST} route
[2026-08-19T07:33:14.626Z] [LOG] [RouterExplorer] Mapped {/suppliers, POST} route
[2026-08-19T07:33:14.626Z] [LOG] [RouterExplorer] Mapped {/auth/login, POST} route
[2026-08-19T07:33:14.626Z] [LOG] [RoutesResolver] SupplierController {/suppliers}:
[2026-08-19T07:33:14.627Z] [LOG] [RouterExplorer] Mapped {/suppliers/:id, GET} route
[2026-08-19T07:33:14.627Z] [LOG] [RouterExplorer] Mapped {/supplier-groups, POST} route
[2026-08-19T07:33:14.627Z] [LOG] [RoutesResolver] SupplierGroupController {/supplier-groups}:
[2026-08-19T07:33:14.627Z] [LOG] [RouterExplorer] Mapped {/supplier-groups, GET} route
[2026-08-19T07:33:14.627Z] [LOG] [RouterExplorer] Mapped {/supplier-groups/:id, GET} route
[2026-08-19T07:33:14.626Z] [LOG] [RouterExplorer] Mapped {/suppliers, GET} route
[2026-08-19T07:33:14.627Z] [LOG] [RouterExplorer] Mapped {/supplier-groups/:id, PUT} route
[2026-08-19T07:33:14.627Z] [LOG] [RouterExplorer] Mapped {/supplier-groups/:id/assign-suppliers, POST} route
[2026-08-19T07:33:14.627Z] [LOG] [RouterExplorer] Mapped {/supplier-groups/:id/status, PUT} route
[2026-08-19T07:33:14.627Z] [LOG] [NestApplication] Nest application successfully started
[2026-08-19T07:33:21.587Z] [LOG] [NestFactory] Starting Nest application...
[2026-08-19T07:33:21.587Z] [LOG] [InstanceLoader] TypeOrmModule dependencies initialized
[2026-08-19T07:33:21.588Z] [LOG] [InstanceLoader] AppModule dependencies initialized
[2026-08-19T07:33:21.587Z] [LOG] [InstanceLoader] TokenModule dependencies initialized
[2026-08-19T07:33:21.588Z] [LOG] [InstanceLoader] ConfigHostModule dependencies initialized
[2026-08-19T07:33:21.588Z] [LOG] [InstanceLoader] ConfigModule dependencies initialized
[2026-08-19T07:33:21.588Z] [LOG] [InstanceLoader] RedisModule dependencies initialized
[2026-08-19T07:33:21.588Z] [LOG] [InstanceLoader] ConfigModule dependencies initialized
[2026-08-19T07:33:21.588Z] [LOG] [InstanceLoader] TypeOrmCoreModule dependencies initialized
[2026-08-19T07:33:21.589Z] [LOG] [InstanceLoader] TypeOrmModule dependencies initialized
[2026-08-19T07:33:21.588Z] [LOG] [InstanceLoader] JwtModule dependencies initialized
[2026-08-19T07:33:21.589Z] [LOG] [InstanceLoader] TypeOrmModule dependencies initialized
[2026-08-19T07:33:21.589Z] [LOG] [InstanceLoader] TypeOrmModule dependencies initialized
[2026-08-19T07:33:21.589Z] [LOG] [InstanceLoader] AuthModule dependencies initialized
[2026-08-19T07:33:21.589Z] [LOG] [InstanceLoader] SupplierModule dependencies initialized
[2026-08-19T07:33:21.589Z] [LOG] [InstanceLoader] UserModule dependencies initialized
[2026-08-19T07:33:21.589Z] [LOG] [InstanceLoader] SupplierGroupModule dependencies initialized
[2026-08-19T07:33:21.589Z] [LOG] [RouterExplorer] Mapped {/, GET} route
[2026-08-19T07:33:21.589Z] [LOG] [RoutesResolver] AppController {/}:
[2026-08-19T07:33:21.590Z] [LOG] [RouterExplorer] Mapped {/users, GET} route
[2026-08-19T07:33:21.590Z] [LOG] [RouterExplorer] Mapped {/users, POST} route
[2026-08-19T07:33:21.590Z] [LOG] [RouterExplorer] Mapped {/users/:id, GET} route
[2026-08-19T07:33:21.590Z] [LOG] [RouterExplorer] Mapped {/users/:id/status, PUT} route
[2026-08-19T07:33:21.590Z] [LOG] [RoutesResolver] AuthController {/auth}:
[2026-08-19T07:33:21.589Z] [LOG] [RoutesResolver] UserController {/users}:
[2026-08-19T07:33:21.590Z] [LOG] [RouterExplorer] Mapped {/auth/login, POST} route
[2026-08-19T07:33:21.590Z] [LOG] [RouterExplorer] Mapped {/auth/logout, POST} route
[2026-08-19T07:33:21.590Z] [LOG] [RouterExplorer] Mapped {/auth/refresh, POST} route
[2026-08-19T07:33:21.590Z] [LOG] [RouterExplorer] Mapped {/suppliers, POST} route
[2026-08-19T07:33:21.590Z] [LOG] [RoutesResolver] SupplierController {/suppliers}:
[2026-08-19T07:33:21.590Z] [LOG] [RouterExplorer] Mapped {/suppliers, GET} route
[2026-08-19T07:33:21.591Z] [LOG] [RouterExplorer] Mapped {/suppliers/:id, GET} route
[2026-08-19T07:33:21.591Z] [LOG] [RouterExplorer] Mapped {/supplier-groups, POST} route
[2026-08-19T07:33:21.591Z] [LOG] [RoutesResolver] SupplierGroupController {/supplier-groups}:
[2026-08-19T07:33:21.590Z] [LOG] [RouterExplorer] Mapped {/auth/me, GET} route
[2026-08-19T07:33:21.591Z] [LOG] [RouterExplorer] Mapped {/supplier-groups, GET} route
[2026-08-19T07:33:21.591Z] [LOG] [RouterExplorer] Mapped {/supplier-groups/:id, GET} route
[2026-08-19T07:33:21.591Z] [LOG] [RouterExplorer] Mapped {/supplier-groups/:id/status, PUT} route
[2026-08-19T07:33:21.591Z] [LOG] [RouterExplorer] Mapped {/supplier-groups/:id, PUT} route
[2026-08-19T07:33:21.591Z] [LOG] [RouterExplorer] Mapped {/supplier-groups/:id/assign-suppliers, POST} route
[2026-08-19T07:33:21.591Z] [LOG] [NestApplication] Nest application successfully started
[2026-08-19T07:38:52.561Z] [LOG] [NestFactory] Starting Nest application...
[2026-08-19T07:38:52.561Z] [LOG] [InstanceLoader] TypeOrmModule dependencies initialized
[2026-08-19T07:38:52.561Z] [LOG] [InstanceLoader] TokenModule dependencies initialized
[2026-08-19T07:38:52.562Z] [LOG] [InstanceLoader] AppModule dependencies initialized
[2026-08-19T07:38:52.561Z] [LOG] [InstanceLoader] ConfigHostModule dependencies initialized
[2026-08-19T07:38:52.562Z] [LOG] [InstanceLoader] ConfigModule dependencies initialized
[2026-08-19T07:38:52.562Z] [LOG] [InstanceLoader] JwtModule dependencies initialized
[2026-08-19T07:38:52.562Z] [LOG] [InstanceLoader] ConfigModule dependencies initialized
[2026-08-19T07:38:52.562Z] [LOG] [InstanceLoader] TypeOrmCoreModule dependencies initialized
[2026-08-19T07:38:52.562Z] [LOG] [InstanceLoader] RedisModule dependencies initialized
[2026-08-19T07:38:52.562Z] [LOG] [InstanceLoader] TypeOrmModule dependencies initialized
[2026-08-19T07:38:52.562Z] [LOG] [InstanceLoader] TypeOrmModule dependencies initialized
[2026-08-19T07:38:52.562Z] [LOG] [InstanceLoader] UserModule dependencies initialized
[2026-08-19T07:38:52.562Z] [LOG] [InstanceLoader] AuthModule dependencies initialized
[2026-08-19T07:38:52.562Z] [LOG] [InstanceLoader] TypeOrmModule dependencies initialized
[2026-08-19T07:38:52.563Z] [LOG] [InstanceLoader] SupplierGroupModule dependencies initialized
[2026-08-19T07:38:52.563Z] [LOG] [RoutesResolver] AppController {/}:
[2026-08-19T07:38:52.563Z] [LOG] [RouterExplorer] Mapped {/, GET} route
[2026-08-19T07:38:52.563Z] [LOG] [RoutesResolver] UserController {/users}:
[2026-08-19T07:38:52.563Z] [LOG] [RouterExplorer] Mapped {/users, POST} route
[2026-08-19T07:38:52.563Z] [LOG] [RouterExplorer] Mapped {/users/:id, GET} route
[2026-08-19T07:38:52.563Z] [LOG] [InstanceLoader] SupplierModule dependencies initialized
[2026-08-19T07:38:52.563Z] [LOG] [RouterExplorer] Mapped {/users, GET} route
[2026-08-19T07:38:52.563Z] [LOG] [RouterExplorer] Mapped {/users/:id/status, PUT} route
[2026-08-19T07:38:52.564Z] [LOG] [RouterExplorer] Mapped {/auth/refresh, POST} route
[2026-08-19T07:38:52.563Z] [LOG] [RoutesResolver] AuthController {/auth}:
[2026-08-19T07:38:52.564Z] [LOG] [RouterExplorer] Mapped {/auth/me, GET} route
[2026-08-19T07:38:52.564Z] [LOG] [RouterExplorer] Mapped {/auth/login, POST} route
[2026-08-19T07:38:52.564Z] [LOG] [RouterExplorer] Mapped {/suppliers, POST} route
[2026-08-19T07:38:52.564Z] [LOG] [RouterExplorer] Mapped {/auth/logout, POST} route
[2026-08-19T07:38:52.564Z] [LOG] [RouterExplorer] Mapped {/suppliers/:id, GET} route
[2026-08-19T07:38:52.564Z] [LOG] [RoutesResolver] SupplierController {/suppliers}:
[2026-08-19T07:38:52.564Z] [LOG] [RoutesResolver] SupplierGroupController {/supplier-groups}:
[2026-08-19T07:38:52.564Z] [LOG] [RouterExplorer] Mapped {/suppliers, GET} route
[2026-08-19T07:38:52.564Z] [LOG] [RouterExplorer] Mapped {/supplier-groups, POST} route
[2026-08-19T07:38:52.564Z] [LOG] [RouterExplorer] Mapped {/supplier-groups/:id, GET} route
[2026-08-19T07:38:52.564Z] [LOG] [RouterExplorer] Mapped {/supplier-groups/:id, PUT} route
[2026-08-19T07:38:52.564Z] [LOG] [RouterExplorer] Mapped {/supplier-groups/:id/status, PUT} route
[2026-08-19T07:38:52.564Z] [LOG] [RouterExplorer] Mapped {/supplier-groups/:id/assign-suppliers, POST} route
[2026-08-19T07:38:52.564Z] [LOG] [RouterExplorer] Mapped {/supplier-groups, GET} route
[2026-08-19T07:38:52.565Z] [LOG] [NestApplication] Nest application successfully started
[2026-08-19T07:38:54.326Z] [LOG] [NestFactory] Starting Nest application...
[2026-08-19T07:38:54.326Z] [LOG] [InstanceLoader] TypeOrmModule dependencies initialized
[2026-08-19T07:38:54.327Z] [LOG] [InstanceLoader] AppModule dependencies initialized
[2026-08-19T07:38:54.327Z] [LOG] [InstanceLoader] TokenModule dependencies initialized
[2026-08-19T07:38:54.327Z] [LOG] [InstanceLoader] ConfigModule dependencies initialized
[2026-08-19T07:38:54.327Z] [LOG] [InstanceLoader] ConfigHostModule dependencies initialized
[2026-08-19T07:38:54.327Z] [LOG] [InstanceLoader] ConfigModule dependencies initialized
[2026-08-19T07:38:54.327Z] [LOG] [InstanceLoader] RedisModule dependencies initialized
[2026-08-19T07:38:54.327Z] [LOG] [InstanceLoader] TypeOrmCoreModule dependencies initialized
[2026-08-19T07:38:54.327Z] [LOG] [InstanceLoader] JwtModule dependencies initialized
[2026-08-19T07:38:54.327Z] [LOG] [InstanceLoader] TypeOrmModule dependencies initialized
[2026-08-19T07:38:54.328Z] [LOG] [InstanceLoader] TypeOrmModule dependencies initialized
[2026-08-19T07:38:54.328Z] [LOG] [InstanceLoader] AuthModule dependencies initialized
[2026-08-19T07:38:54.327Z] [LOG] [InstanceLoader] TypeOrmModule dependencies initialized
[2026-08-19T07:38:54.328Z] [LOG] [InstanceLoader] SupplierModule dependencies initialized
[2026-08-19T07:38:54.328Z] [LOG] [RoutesResolver] AppController {/}:
[2026-08-19T07:38:54.328Z] [LOG] [InstanceLoader] SupplierGroupModule dependencies initialized
[2026-08-19T07:38:54.328Z] [LOG] [RoutesResolver] UserController {/users}:
[2026-08-19T07:38:54.328Z] [LOG] [InstanceLoader] UserModule dependencies initialized
[2026-08-19T07:38:54.328Z] [LOG] [RouterExplorer] Mapped {/users, POST} route
[2026-08-19T07:38:54.328Z] [LOG] [RouterExplorer] Mapped {/users/:id, GET} route
[2026-08-19T07:38:54.328Z] [LOG] [RouterExplorer] Mapped {/users, GET} route
[2026-08-19T07:38:54.328Z] [LOG] [RouterExplorer] Mapped {/, GET} route
[2026-08-19T07:38:54.328Z] [LOG] [RouterExplorer] Mapped {/users/:id/status, PUT} route
[2026-08-19T07:38:54.329Z] [LOG] [RouterExplorer] Mapped {/auth/refresh, POST} route
[2026-08-19T07:38:54.328Z] [LOG] [RoutesResolver] AuthController {/auth}:
[2026-08-19T07:38:54.328Z] [LOG] [RouterExplorer] Mapped {/auth/login, POST} route
[2026-08-19T07:38:54.329Z] [LOG] [RouterExplorer] Mapped {/auth/logout, POST} route
[2026-08-19T07:38:54.329Z] [LOG] [RouterExplorer] Mapped {/suppliers, POST} route
[2026-08-19T07:38:54.329Z] [LOG] [RoutesResolver] SupplierController {/suppliers}:
[2026-08-19T07:38:54.329Z] [LOG] [RouterExplorer] Mapped {/suppliers/:id, GET} route
[2026-08-19T07:38:54.329Z] [LOG] [RoutesResolver] SupplierGroupController {/supplier-groups}:
[2026-08-19T07:38:54.329Z] [LOG] [RouterExplorer] Mapped {/suppliers, GET} route
[2026-08-19T07:38:54.329Z] [LOG] [RouterExplorer] Mapped {/supplier-groups, POST} route
[2026-08-19T07:38:54.329Z] [LOG] [RouterExplorer] Mapped {/auth/me, GET} route
[2026-08-19T07:38:54.329Z] [LOG] [RouterExplorer] Mapped {/supplier-groups, GET} route
[2026-08-19T07:38:54.329Z] [LOG] [RouterExplorer] Mapped {/supplier-groups/:id, PUT} route
[2026-08-19T07:38:54.329Z] [LOG] [RouterExplorer] Mapped {/supplier-groups/:id/assign-suppliers, POST} route
[2026-08-19T07:38:54.330Z] [LOG] [NestApplication] Nest application successfully started
[2026-08-19T07:38:54.329Z] [LOG] [RouterExplorer] Mapped {/supplier-groups/:id, GET} route
[2026-08-19T07:38:54.329Z] [LOG] [RouterExplorer] Mapped {/supplier-groups/:id/status, PUT} route
[2026-08-19T07:39:34.515Z] [LOG] [NestFactory] Starting Nest application...
[2026-08-19T07:39:34.515Z] [LOG] [InstanceLoader] TypeOrmModule dependencies initialized
[2026-08-19T07:39:34.515Z] [LOG] [InstanceLoader] TokenModule dependencies initialized
[2026-08-19T07:39:34.516Z] [LOG] [InstanceLoader] AppModule dependencies initialized
[2026-08-19T07:39:34.516Z] [LOG] [InstanceLoader] ConfigModule dependencies initialized
[2026-08-19T07:39:34.516Z] [LOG] [InstanceLoader] RedisModule dependencies initialized
[2026-08-19T07:39:34.515Z] [LOG] [InstanceLoader] ConfigHostModule dependencies initialized
[2026-08-19T07:39:34.516Z] [LOG] [InstanceLoader] TypeOrmCoreModule dependencies initialized
[2026-08-19T07:39:34.517Z] [LOG] [InstanceLoader] TypeOrmModule dependencies initialized
[2026-08-19T07:39:34.516Z] [LOG] [InstanceLoader] ConfigModule dependencies initialized
[2026-08-19T07:39:34.517Z] [LOG] [InstanceLoader] TypeOrmModule dependencies initialized
[2026-08-19T07:39:34.517Z] [LOG] [InstanceLoader] AuthModule dependencies initialized
[2026-08-19T07:39:34.517Z] [LOG] [InstanceLoader] TypeOrmModule dependencies initialized
[2026-08-19T07:39:34.517Z] [LOG] [InstanceLoader] UserModule dependencies initialized
[2026-08-19T07:39:34.516Z] [LOG] [InstanceLoader] JwtModule dependencies initialized
[2026-08-19T07:39:34.517Z] [LOG] [InstanceLoader] SupplierGroupModule dependencies initialized
[2026-08-19T07:39:34.517Z] [LOG] [InstanceLoader] SupplierModule dependencies initialized
[2026-08-19T07:39:34.517Z] [LOG] [RoutesResolver] AppController {/}:
[2026-08-19T07:39:34.517Z] [LOG] [RouterExplorer] Mapped {/, GET} route
[2026-08-19T07:39:34.517Z] [LOG] [RoutesResolver] UserController {/users}:
[2026-08-19T07:39:34.517Z] [LOG] [RouterExplorer] Mapped {/users, POST} route
[2026-08-19T07:39:34.517Z] [LOG] [RouterExplorer] Mapped {/users, GET} route
[2026-08-19T07:39:34.518Z] [LOG] [RouterExplorer] Mapped {/users/:id/status, PUT} route
[2026-08-19T07:39:34.518Z] [LOG] [RouterExplorer] Mapped {/auth/login, POST} route
[2026-08-19T07:39:34.518Z] [LOG] [RouterExplorer] Mapped {/users/:id, GET} route
[2026-08-19T07:39:34.518Z] [LOG] [RouterExplorer] Mapped {/auth/refresh, POST} route
[2026-08-19T07:39:34.518Z] [LOG] [RouterExplorer] Mapped {/auth/me, GET} route
[2026-08-19T07:39:34.518Z] [LOG] [RouterExplorer] Mapped {/auth/logout, POST} route
[2026-08-19T07:39:34.518Z] [LOG] [RouterExplorer] Mapped {/suppliers, POST} route
[2026-08-19T07:39:34.518Z] [LOG] [RoutesResolver] AuthController {/auth}:
[2026-08-19T07:39:34.518Z] [LOG] [RoutesResolver] SupplierController {/suppliers}:
[2026-08-19T07:39:34.518Z] [LOG] [RouterExplorer] Mapped {/suppliers/:id, GET} route
[2026-08-19T07:39:34.518Z] [LOG] [RoutesResolver] SupplierGroupController {/supplier-groups}:
[2026-08-19T07:39:34.519Z] [LOG] [RouterExplorer] Mapped {/supplier-groups, GET} route
[2026-08-19T07:39:34.518Z] [LOG] [RouterExplorer] Mapped {/supplier-groups, POST} route
[2026-08-19T07:39:34.519Z] [LOG] [RouterExplorer] Mapped {/supplier-groups/:id, GET} route
[2026-08-19T07:39:34.519Z] [LOG] [RouterExplorer] Mapped {/supplier-groups/:id/status, PUT} route
[2026-08-19T07:39:34.518Z] [LOG] [RouterExplorer] Mapped {/suppliers, GET} route
[2026-08-19T07:39:34.519Z] [LOG] [RouterExplorer] Mapped {/supplier-groups/:id/assign-suppliers, POST} route
[2026-08-19T07:39:34.519Z] [LOG] [RouterExplorer] Mapped {/supplier-groups/:id, PUT} route
[2026-08-19T07:39:34.519Z] [LOG] [NestApplication] Nest application successfully started
[2026-08-19T07:40:33.122Z] [LOG] [NestFactory] Starting Nest application...
[2026-08-19T07:40:33.122Z] [LOG] [InstanceLoader] TypeOrmModule dependencies initialized
[2026-08-19T07:40:33.122Z] [LOG] [InstanceLoader] TokenModule dependencies initialized
[2026-08-19T07:40:33.123Z] [LOG] [InstanceLoader] AppModule dependencies initialized
[2026-08-19T07:40:33.123Z] [LOG] [InstanceLoader] RedisModule dependencies initialized
[2026-08-19T07:40:33.122Z] [LOG] [InstanceLoader] ConfigHostModule dependencies initialized
[2026-08-19T07:40:33.123Z] [LOG] [InstanceLoader] ConfigModule dependencies initialized
[2026-08-19T07:40:33.123Z] [LOG] [InstanceLoader] JwtModule dependencies initialized
[2026-08-19T07:40:33.123Z] [LOG] [InstanceLoader] ConfigModule dependencies initialized
[2026-08-19T07:40:33.123Z] [LOG] [InstanceLoader] TypeOrmModule dependencies initialized
[2026-08-19T07:40:33.123Z] [LOG] [InstanceLoader] TypeOrmCoreModule dependencies initialized
[2026-08-19T07:40:33.123Z] [LOG] [InstanceLoader] TypeOrmModule dependencies initialized
[2026-08-19T07:40:33.124Z] [LOG] [InstanceLoader] UserModule dependencies initialized
[2026-08-19T07:40:33.123Z] [LOG] [InstanceLoader] TypeOrmModule dependencies initialized
[2026-08-19T07:40:33.124Z] [LOG] [InstanceLoader] SupplierModule dependencies initialized
[2026-08-19T07:40:33.123Z] [LOG] [InstanceLoader] AuthModule dependencies initialized
[2026-08-19T07:40:33.124Z] [LOG] [InstanceLoader] SupplierGroupModule dependencies initialized
[2026-08-19T07:40:33.124Z] [LOG] [RoutesResolver] UserController {/users}:
[2026-08-19T07:40:33.124Z] [LOG] [RouterExplorer] Mapped {/, GET} route
[2026-08-19T07:40:33.124Z] [LOG] [RouterExplorer] Mapped {/users, POST} route
[2026-08-19T07:40:33.124Z] [LOG] [RoutesResolver] AppController {/}:
[2026-08-19T07:40:33.124Z] [LOG] [RouterExplorer] Mapped {/users, GET} route
[2026-08-19T07:40:33.124Z] [LOG] [RouterExplorer] Mapped {/users/:id, GET} route
[2026-08-19T07:40:33.125Z] [LOG] [RouterExplorer] Mapped {/auth/login, POST} route
[2026-08-19T07:40:33.124Z] [LOG] [RouterExplorer] Mapped {/users/:id/status, PUT} route
[2026-08-19T07:40:33.124Z] [LOG] [RoutesResolver] AuthController {/auth}:
[2026-08-19T07:40:33.125Z] [LOG] [RouterExplorer] Mapped {/auth/refresh, POST} route
[2026-08-19T07:40:33.125Z] [LOG] [RouterExplorer] Mapped {/auth/logout, POST} route
[2026-08-19T07:40:33.125Z] [LOG] [RoutesResolver] SupplierController {/suppliers}:
[2026-08-19T07:40:33.125Z] [LOG] [RouterExplorer] Mapped {/auth/me, GET} route
[2026-08-19T07:40:33.125Z] [LOG] [RouterExplorer] Mapped {/suppliers, GET} route
[2026-08-19T07:40:33.125Z] [LOG] [RouterExplorer] Mapped {/suppliers/:id, GET} route
[2026-08-19T07:40:33.125Z] [LOG] [RoutesResolver] SupplierGroupController {/supplier-groups}:
[2026-08-19T07:40:33.125Z] [LOG] [RouterExplorer] Mapped {/supplier-groups, GET} route
[2026-08-19T07:40:33.125Z] [LOG] [RouterExplorer] Mapped {/supplier-groups, POST} route
[2026-08-19T07:40:33.125Z] [LOG] [RouterExplorer] Mapped {/supplier-groups/:id, PUT} route
[2026-08-19T07:40:33.126Z] [LOG] [RouterExplorer] Mapped {/supplier-groups/:id/status, PUT} route
[2026-08-19T07:40:33.125Z] [LOG] [RouterExplorer] Mapped {/supplier-groups/:id, GET} route
[2026-08-19T07:40:33.126Z] [LOG] [RouterExplorer] Mapped {/supplier-groups/:id/assign-suppliers, POST} route
[2026-08-19T07:40:33.125Z] [LOG] [RouterExplorer] Mapped {/suppliers, POST} route
[2026-08-19T07:40:33.126Z] [LOG] [NestApplication] Nest application successfully started
[2026-08-19T07:41:53.561Z] [LOG] [NestFactory] Starting Nest application...
[2026-08-19T07:41:53.562Z] [LOG] [InstanceLoader] TypeOrmModule dependencies initialized
[2026-08-19T07:41:53.562Z] [LOG] [InstanceLoader] TokenModule dependencies initialized
[2026-08-19T07:41:53.562Z] [LOG] [InstanceLoader] ConfigModule dependencies initialized
[2026-08-19T07:41:53.562Z] [LOG] [InstanceLoader] ConfigModule dependencies initialized
[2026-08-19T07:41:53.562Z] [LOG] [InstanceLoader] ConfigHostModule dependencies initialized
[2026-08-19T07:41:53.562Z] [LOG] [InstanceLoader] AppModule dependencies initialized
[2026-08-19T07:41:53.562Z] [LOG] [InstanceLoader] RedisModule dependencies initialized
[2026-08-19T07:41:53.563Z] [LOG] [InstanceLoader] TypeOrmCoreModule dependencies initialized
[2026-08-19T07:41:53.563Z] [LOG] [InstanceLoader] TypeOrmModule dependencies initialized
[2026-08-19T07:41:53.563Z] [LOG] [InstanceLoader] JwtModule dependencies initialized
[2026-08-19T07:41:53.563Z] [LOG] [InstanceLoader] TypeOrmModule dependencies initialized
[2026-08-19T07:41:53.563Z] [LOG] [InstanceLoader] TypeOrmModule dependencies initialized
[2026-08-19T07:41:53.563Z] [LOG] [InstanceLoader] SupplierModule dependencies initialized
[2026-08-19T07:41:53.563Z] [LOG] [InstanceLoader] SupplierGroupModule dependencies initialized
[2026-08-19T07:41:53.563Z] [LOG] [InstanceLoader] AuthModule dependencies initialized
[2026-08-19T07:41:53.563Z] [LOG] [RoutesResolver] AppController {/}:
[2026-08-19T07:41:53.563Z] [LOG] [InstanceLoader] UserModule dependencies initialized
[2026-08-19T07:41:53.564Z] [LOG] [RouterExplorer] Mapped {/users, POST} route
[2026-08-19T07:41:53.564Z] [LOG] [RoutesResolver] UserController {/users}:
[2026-08-19T07:41:53.564Z] [LOG] [RouterExplorer] Mapped {/users, GET} route
[2026-08-19T07:41:53.564Z] [LOG] [RouterExplorer] Mapped {/users/:id, GET} route
[2026-08-19T07:41:53.564Z] [LOG] [RouterExplorer] Mapped {/users/:id/status, PUT} route
[2026-08-19T07:41:53.563Z] [LOG] [RouterExplorer] Mapped {/, GET} route
[2026-08-19T07:41:53.564Z] [LOG] [RoutesResolver] AuthController {/auth}:
[2026-08-19T07:41:53.564Z] [LOG] [RouterExplorer] Mapped {/auth/refresh, POST} route
[2026-08-19T07:41:53.564Z] [LOG] [RouterExplorer] Mapped {/auth/me, GET} route
[2026-08-19T07:41:53.564Z] [LOG] [RouterExplorer] Mapped {/auth/logout, POST} route
[2026-08-19T07:41:53.564Z] [LOG] [RouterExplorer] Mapped {/auth/login, POST} route
[2026-08-19T07:41:53.564Z] [LOG] [RoutesResolver] SupplierController {/suppliers}:
[2026-08-19T07:41:53.564Z] [LOG] [RouterExplorer] Mapped {/suppliers, POST} route
[2026-08-19T07:41:53.565Z] [LOG] [RoutesResolver] SupplierGroupController {/supplier-groups}:
[2026-08-19T07:41:53.565Z] [LOG] [RouterExplorer] Mapped {/supplier-groups, POST} route
[2026-08-19T07:41:53.564Z] [LOG] [RouterExplorer] Mapped {/suppliers, GET} route
[2026-08-19T07:41:53.564Z] [LOG] [RouterExplorer] Mapped {/suppliers/:id, GET} route
[2026-08-19T07:41:53.565Z] [LOG] [RouterExplorer] Mapped {/supplier-groups, GET} route
[2026-08-19T07:41:53.565Z] [LOG] [RouterExplorer] Mapped {/supplier-groups/:id, PUT} route
[2026-08-19T07:41:53.565Z] [LOG] [RouterExplorer] Mapped {/supplier-groups/:id/status, PUT} route
[2026-08-19T07:41:53.565Z] [LOG] [RouterExplorer] Mapped {/supplier-groups/:id/assign-suppliers, POST} route
[2026-08-19T07:41:53.565Z] [LOG] [NestApplication] Nest application successfully started
[2026-08-19T07:41:53.565Z] [LOG] [RouterExplorer] Mapped {/supplier-groups/:id, GET} route
[2026-08-19T07:42:06.256Z] [LOG] [NestFactory] Starting Nest application...
[2026-08-19T07:42:06.256Z] [LOG] [InstanceLoader] TypeOrmModule dependencies initialized
[2026-08-19T07:42:06.257Z] [LOG] [InstanceLoader] TokenModule dependencies initialized
[2026-08-19T07:42:06.257Z] [LOG] [InstanceLoader] ConfigHostModule dependencies initialized
[2026-08-19T07:42:06.257Z] [LOG] [InstanceLoader] AppModule dependencies initialized
[2026-08-19T07:42:06.257Z] [LOG] [InstanceLoader] ConfigModule dependencies initialized
[2026-08-19T07:42:06.257Z] [LOG] [InstanceLoader] JwtModule dependencies initialized
[2026-08-19T07:42:06.257Z] [LOG] [InstanceLoader] ConfigModule dependencies initialized
[2026-08-19T07:42:06.258Z] [LOG] [InstanceLoader] TypeOrmCoreModule dependencies initialized
[2026-08-19T07:42:06.258Z] [LOG] [InstanceLoader] TypeOrmModule dependencies initialized
[2026-08-19T07:42:06.258Z] [LOG] [InstanceLoader] TypeOrmModule dependencies initialized
[2026-08-19T07:42:06.258Z] [LOG] [InstanceLoader] TypeOrmModule dependencies initialized
[2026-08-19T07:42:06.258Z] [LOG] [InstanceLoader] UserModule dependencies initialized
[2026-08-19T07:42:06.257Z] [LOG] [InstanceLoader] RedisModule dependencies initialized
[2026-08-19T07:42:06.258Z] [LOG] [InstanceLoader] SupplierModule dependencies initialized
[2026-08-19T07:42:06.258Z] [LOG] [RoutesResolver] AppController {/}:
[2026-08-19T07:42:06.258Z] [LOG] [InstanceLoader] SupplierGroupModule dependencies initialized
[2026-08-19T07:42:06.258Z] [LOG] [RoutesResolver] UserController {/users}:
[2026-08-19T07:42:06.258Z] [LOG] [InstanceLoader] AuthModule dependencies initialized
[2026-08-19T07:42:06.258Z] [LOG] [RouterExplorer] Mapped {/, GET} route
[2026-08-19T07:42:06.258Z] [LOG] [RouterExplorer] Mapped {/users, GET} route
[2026-08-19T07:42:06.258Z] [LOG] [RouterExplorer] Mapped {/users/:id, GET} route
[2026-08-19T07:42:06.258Z] [LOG] [RouterExplorer] Mapped {/users/:id/status, PUT} route
[2026-08-19T07:42:06.259Z] [LOG] [RoutesResolver] AuthController {/auth}:
[2026-08-19T07:42:06.258Z] [LOG] [RouterExplorer] Mapped {/users, POST} route
[2026-08-19T07:42:06.259Z] [LOG] [RouterExplorer] Mapped {/auth/refresh, POST} route
[2026-08-19T07:42:06.259Z] [LOG] [RouterExplorer] Mapped {/auth/me, GET} route
[2026-08-19T07:42:06.259Z] [LOG] [RouterExplorer] Mapped {/auth/logout, POST} route
[2026-08-19T07:42:06.259Z] [LOG] [RouterExplorer] Mapped {/suppliers, POST} route
[2026-08-19T07:42:06.259Z] [LOG] [RouterExplorer] Mapped {/auth/login, POST} route
[2026-08-19T07:42:06.259Z] [LOG] [RoutesResolver] SupplierController {/suppliers}:
[2026-08-19T07:42:06.259Z] [LOG] [RouterExplorer] Mapped {/suppliers, GET} route
[2026-08-19T07:42:06.259Z] [LOG] [RoutesResolver] SupplierGroupController {/supplier-groups}:
[2026-08-19T07:42:06.259Z] [LOG] [RouterExplorer] Mapped {/suppliers/:id, GET} route
[2026-08-19T07:42:06.259Z] [LOG] [RouterExplorer] Mapped {/supplier-groups, POST} route
[2026-08-19T07:42:06.259Z] [LOG] [RouterExplorer] Mapped {/supplier-groups/:id, GET} route
[2026-08-19T07:42:06.260Z] [LOG] [RouterExplorer] Mapped {/supplier-groups/:id, PUT} route
[2026-08-19T07:42:06.260Z] [LOG] [RouterExplorer] Mapped {/supplier-groups/:id/assign-suppliers, POST} route
[2026-08-19T07:42:06.259Z] [LOG] [RouterExplorer] Mapped {/supplier-groups, GET} route
[2026-08-19T07:42:06.260Z] [LOG] [RouterExplorer] Mapped {/supplier-groups/:id/status, PUT} route
[2026-08-19T07:42:06.260Z] [LOG] [NestApplication] Nest application successfully started
[2026-08-19T07:43:05.232Z] [LOG] [NestFactory] Starting Nest application...
[2026-08-19T07:43:05.232Z] [LOG] [InstanceLoader] TypeOrmModule dependencies initialized
[2026-08-19T07:43:05.232Z] [LOG] [InstanceLoader] TokenModule dependencies initialized
[2026-08-19T07:43:05.233Z] [LOG] [InstanceLoader] AppModule dependencies initialized
[2026-08-19T07:43:05.233Z] [LOG] [InstanceLoader] ConfigModule dependencies initialized
[2026-08-19T07:43:05.233Z] [LOG] [InstanceLoader] ConfigHostModule dependencies initialized
[2026-08-19T07:43:05.233Z] [LOG] [InstanceLoader] ConfigModule dependencies initialized
[2026-08-19T07:43:05.233Z] [LOG] [InstanceLoader] TypeOrmCoreModule dependencies initialized
[2026-08-19T07:43:05.233Z] [LOG] [InstanceLoader] TypeOrmModule dependencies initialized
[2026-08-19T07:43:05.233Z] [LOG] [InstanceLoader] TypeOrmModule dependencies initialized
[2026-08-19T07:43:05.233Z] [LOG] [InstanceLoader] RedisModule dependencies initialized
[2026-08-19T07:43:05.233Z] [LOG] [InstanceLoader] JwtModule dependencies initialized
[2026-08-19T07:43:05.234Z] [LOG] [InstanceLoader] TypeOrmModule dependencies initialized
[2026-08-19T07:43:05.234Z] [LOG] [InstanceLoader] SupplierModule dependencies initialized
[2026-08-19T07:43:05.234Z] [LOG] [InstanceLoader] UserModule dependencies initialized
[2026-08-19T07:43:05.234Z] [LOG] [InstanceLoader] SupplierGroupModule dependencies initialized
[2026-08-19T07:43:05.234Z] [LOG] [InstanceLoader] AuthModule dependencies initialized
[2026-08-19T07:43:05.234Z] [LOG] [RoutesResolver] AppController {/}:
[2026-08-19T07:43:05.234Z] [LOG] [RouterExplorer] Mapped {/, GET} route
[2026-08-19T07:43:05.234Z] [LOG] [RoutesResolver] UserController {/users}:
[2026-08-19T07:43:05.234Z] [LOG] [RouterExplorer] Mapped {/users, GET} route
[2026-08-19T07:43:05.234Z] [LOG] [RouterExplorer] Mapped {/users/:id/status, PUT} route
[2026-08-19T07:43:05.234Z] [LOG] [RouterExplorer] Mapped {/users, POST} route
[2026-08-19T07:43:05.234Z] [LOG] [RouterExplorer] Mapped {/users/:id, GET} route
[2026-08-19T07:43:05.234Z] [LOG] [RouterExplorer] Mapped {/auth/login, POST} route
[2026-08-19T07:43:05.235Z] [LOG] [RouterExplorer] Mapped {/auth/refresh, POST} route
[2026-08-19T07:43:05.234Z] [LOG] [RoutesResolver] AuthController {/auth}:
[2026-08-19T07:43:05.235Z] [LOG] [RouterExplorer] Mapped {/auth/me, GET} route
[2026-08-19T07:43:05.235Z] [LOG] [RoutesResolver] SupplierController {/suppliers}:
[2026-08-19T07:43:05.235Z] [LOG] [RouterExplorer] Mapped {/auth/logout, POST} route
[2026-08-19T07:43:05.235Z] [LOG] [RouterExplorer] Mapped {/suppliers/:id, GET} route
[2026-08-19T07:43:05.235Z] [LOG] [RouterExplorer] Mapped {/suppliers, GET} route
[2026-08-19T07:43:05.235Z] [LOG] [RouterExplorer] Mapped {/suppliers, POST} route
[2026-08-19T07:43:05.235Z] [LOG] [RouterExplorer] Mapped {/supplier-groups, POST} route
[2026-08-19T07:43:05.235Z] [LOG] [RouterExplorer] Mapped {/supplier-groups/:id, GET} route
[2026-08-19T07:43:05.235Z] [LOG] [RoutesResolver] SupplierGroupController {/supplier-groups}:
[2026-08-19T07:43:05.235Z] [LOG] [RouterExplorer] Mapped {/supplier-groups/:id, PUT} route
[2026-08-19T07:43:05.235Z] [LOG] [RouterExplorer] Mapped {/supplier-groups/:id/status, PUT} route
[2026-08-19T07:43:05.235Z] [LOG] [RouterExplorer] Mapped {/supplier-groups/:id/assign-suppliers, POST} route
[2026-08-19T07:43:05.235Z] [LOG] [RouterExplorer] Mapped {/supplier-groups, GET} route
[2026-08-19T07:43:05.236Z] [LOG] [NestApplication] Nest application successfully started
[2026-08-19T07:44:41.798Z] [LOG] [NestFactory] Starting Nest application...
[2026-08-19T07:44:41.799Z] [LOG] [InstanceLoader] TypeOrmModule dependencies initialized
[2026-08-19T07:44:41.799Z] [LOG] [InstanceLoader] TokenModule dependencies initialized
[2026-08-19T07:44:41.799Z] [LOG] [InstanceLoader] AppModule dependencies initialized
[2026-08-19T07:44:41.800Z] [LOG] [InstanceLoader] ConfigModule dependencies initialized
[2026-08-19T07:44:41.799Z] [LOG] [InstanceLoader] ConfigHostModule dependencies initialized
[2026-08-19T07:44:41.800Z] [LOG] [InstanceLoader] JwtModule dependencies initialized
[2026-08-19T07:44:41.800Z] [LOG] [InstanceLoader] RedisModule dependencies initialized
[2026-08-19T07:44:41.800Z] [LOG] [InstanceLoader] TypeOrmCoreModule dependencies initialized
[2026-08-19T07:44:41.799Z] [LOG] [InstanceLoader] ConfigModule dependencies initialized
[2026-08-19T07:44:41.800Z] [LOG] [InstanceLoader] TypeOrmModule dependencies initialized
[2026-08-19T07:44:41.800Z] [LOG] [InstanceLoader] AuthModule dependencies initialized
[2026-08-19T07:44:41.800Z] [LOG] [InstanceLoader] TypeOrmModule dependencies initialized
[2026-08-19T07:44:41.800Z] [LOG] [InstanceLoader] SupplierModule dependencies initialized
[2026-08-19T07:44:41.800Z] [LOG] [InstanceLoader] UserModule dependencies initialized
[2026-08-19T07:44:41.800Z] [LOG] [InstanceLoader] TypeOrmModule dependencies initialized
[2026-08-19T07:44:41.800Z] [LOG] [InstanceLoader] SupplierGroupModule dependencies initialized
[2026-08-19T07:44:41.801Z] [LOG] [RoutesResolver] UserController {/users}:
[2026-08-19T07:44:41.800Z] [LOG] [RoutesResolver] AppController {/}:
[2026-08-19T07:44:41.801Z] [LOG] [RouterExplorer] Mapped {/, GET} route
[2026-08-19T07:44:41.801Z] [LOG] [RouterExplorer] Mapped {/users, GET} route
[2026-08-19T07:44:41.801Z] [LOG] [RouterExplorer] Mapped {/users, POST} route
[2026-08-19T07:44:41.801Z] [LOG] [RouterExplorer] Mapped {/users/:id, GET} route
[2026-08-19T07:44:41.801Z] [LOG] [RouterExplorer] Mapped {/users/:id/status, PUT} route
[2026-08-19T07:44:41.801Z] [LOG] [RouterExplorer] Mapped {/auth/refresh, POST} route
[2026-08-19T07:44:41.801Z] [LOG] [RouterExplorer] Mapped {/auth/login, POST} route
[2026-08-19T07:44:41.801Z] [LOG] [RoutesResolver] AuthController {/auth}:
[2026-08-19T07:44:41.801Z] [LOG] [RouterExplorer] Mapped {/auth/logout, POST} route
[2026-08-19T07:44:41.801Z] [LOG] [RouterExplorer] Mapped {/auth/me, GET} route
[2026-08-19T07:44:41.801Z] [LOG] [RoutesResolver] SupplierController {/suppliers}:
[2026-08-19T07:44:41.802Z] [LOG] [RouterExplorer] Mapped {/suppliers/:id, GET} route
[2026-08-19T07:44:41.802Z] [LOG] [RoutesResolver] SupplierGroupController {/supplier-groups}:
[2026-08-19T07:44:41.801Z] [LOG] [RouterExplorer] Mapped {/suppliers, GET} route
[2026-08-19T07:44:41.801Z] [LOG] [RouterExplorer] Mapped {/suppliers, POST} route
[2026-08-19T07:44:41.802Z] [LOG] [RouterExplorer] Mapped {/supplier-groups, GET} route
[2026-08-19T07:44:41.802Z] [LOG] [RouterExplorer] Mapped {/supplier-groups/:id, GET} route
[2026-08-19T07:44:41.802Z] [LOG] [RouterExplorer] Mapped {/supplier-groups/:id, PUT} route
[2026-08-19T07:44:41.802Z] [LOG] [RouterExplorer] Mapped {/supplier-groups/:id/status, PUT} route
[2026-08-19T07:44:41.802Z] [LOG] [RouterExplorer] Mapped {/supplier-groups/:id/assign-suppliers, POST} route
[2026-08-19T07:44:41.802Z] [LOG] [NestApplication] Nest application successfully started
[2026-08-19T07:44:41.802Z] [LOG] [RouterExplorer] Mapped {/supplier-groups, POST} route
[2026-08-19T07:44:50.403Z] [LOG] [InstanceLoader] TypeOrmModule dependencies initialized
[2026-08-19T07:44:50.403Z] [LOG] [InstanceLoader] TokenModule dependencies initialized
[2026-08-19T07:44:50.402Z] [LOG] [NestFactory] Starting Nest application...
[2026-08-19T07:44:50.403Z] [LOG] [InstanceLoader] AppModule dependencies initialized
[2026-08-19T07:44:50.403Z] [LOG] [InstanceLoader] ConfigHostModule dependencies initialized
[2026-08-19T07:44:50.403Z] [LOG] [InstanceLoader] ConfigModule dependencies initialized
[2026-08-19T07:44:50.403Z] [LOG] [InstanceLoader] ConfigModule dependencies initialized
[2026-08-19T07:44:50.404Z] [LOG] [InstanceLoader] JwtModule dependencies initialized
[2026-08-19T07:44:50.404Z] [LOG] [InstanceLoader] TypeOrmCoreModule dependencies initialized
[2026-08-19T07:44:50.404Z] [LOG] [InstanceLoader] TypeOrmModule dependencies initialized
[2026-08-19T07:44:50.404Z] [LOG] [InstanceLoader] RedisModule dependencies initialized
[2026-08-19T07:44:50.404Z] [LOG] [InstanceLoader] TypeOrmModule dependencies initialized
[2026-08-19T07:44:50.404Z] [LOG] [InstanceLoader] TypeOrmModule dependencies initialized
[2026-08-19T07:44:50.404Z] [LOG] [InstanceLoader] AuthModule dependencies initialized
[2026-08-19T07:44:50.405Z] [LOG] [InstanceLoader] SupplierGroupModule dependencies initialized
[2026-08-19T07:44:50.405Z] [LOG] [RoutesResolver] AppController {/}:
[2026-08-19T07:44:50.404Z] [LOG] [InstanceLoader] SupplierModule dependencies initialized
[2026-08-19T07:44:50.405Z] [LOG] [RouterExplorer] Mapped {/, GET} route
[2026-08-19T07:44:50.404Z] [LOG] [InstanceLoader] UserModule dependencies initialized
[2026-08-19T07:44:50.405Z] [LOG] [RoutesResolver] UserController {/users}:
[2026-08-19T07:44:50.405Z] [LOG] [RouterExplorer] Mapped {/users, POST} route
[2026-08-19T07:44:50.405Z] [LOG] [RouterExplorer] Mapped {/users, GET} route
[2026-08-19T07:44:50.405Z] [LOG] [RouterExplorer] Mapped {/users/:id/status, PUT} route
[2026-08-19T07:44:50.405Z] [LOG] [RouterExplorer] Mapped {/users/:id, GET} route
[2026-08-19T07:44:50.405Z] [LOG] [RouterExplorer] Mapped {/auth/login, POST} route
[2026-08-19T07:44:50.405Z] [LOG] [RouterExplorer] Mapped {/auth/refresh, POST} route
[2026-08-19T07:44:50.406Z] [LOG] [RouterExplorer] Mapped {/auth/me, GET} route
[2026-08-19T07:44:50.406Z] [LOG] [RouterExplorer] Mapped {/auth/logout, POST} route
[2026-08-19T07:44:50.406Z] [LOG] [RouterExplorer] Mapped {/suppliers, POST} route
[2026-08-19T07:44:50.406Z] [LOG] [RoutesResolver] SupplierController {/suppliers}:
[2026-08-19T07:44:50.406Z] [LOG] [RouterExplorer] Mapped {/suppliers, GET} route
[2026-08-19T07:44:50.406Z] [LOG] [RouterExplorer] Mapped {/suppliers/:id, GET} route
[2026-08-19T07:44:50.406Z] [LOG] [RoutesResolver] SupplierGroupController {/supplier-groups}:
[2026-08-19T07:44:50.406Z] [LOG] [RouterExplorer] Mapped {/supplier-groups, POST} route
[2026-08-19T07:44:50.406Z] [LOG] [RouterExplorer] Mapped {/supplier-groups, GET} route
[2026-08-19T07:44:50.406Z] [LOG] [RouterExplorer] Mapped {/supplier-groups/:id, GET} route
[2026-08-19T07:44:50.406Z] [LOG] [RouterExplorer] Mapped {/supplier-groups/:id, PUT} route
[2026-08-19T07:44:50.406Z] [LOG] [RouterExplorer] Mapped {/supplier-groups/:id/assign-suppliers, POST} route
[2026-08-19T07:44:50.405Z] [LOG] [RoutesResolver] AuthController {/auth}:
[2026-08-19T07:44:50.406Z] [LOG] [RouterExplorer] Mapped {/supplier-groups/:id/status, PUT} route
[2026-08-19T07:44:50.407Z] [LOG] [NestApplication] Nest application successfully started
[2026-08-19T07:46:12.871Z] [LOG] [NestFactory] Starting Nest application...
[2026-08-19T07:46:12.871Z] [LOG] [InstanceLoader] TypeOrmModule dependencies initialized
[2026-08-19T07:46:12.871Z] [LOG] [InstanceLoader] TokenModule dependencies initialized
[2026-08-19T07:46:12.871Z] [LOG] [InstanceLoader] AppModule dependencies initialized
[2026-08-19T07:46:12.872Z] [LOG] [InstanceLoader] ConfigModule dependencies initialized
[2026-08-19T07:46:12.871Z] [LOG] [InstanceLoader] ConfigHostModule dependencies initialized
[2026-08-19T07:46:12.872Z] [LOG] [InstanceLoader] ConfigModule dependencies initialized
[2026-08-19T07:46:12.872Z] [LOG] [InstanceLoader] TypeOrmCoreModule dependencies initialized
[2026-08-19T07:46:12.872Z] [LOG] [InstanceLoader] JwtModule dependencies initialized
[2026-08-19T07:46:12.872Z] [LOG] [InstanceLoader] RedisModule dependencies initialized
[2026-08-19T07:46:12.872Z] [LOG] [InstanceLoader] TypeOrmModule dependencies initialized
[2026-08-19T07:46:12.873Z] [LOG] [InstanceLoader] TypeOrmModule dependencies initialized
[2026-08-19T07:46:12.873Z] [LOG] [InstanceLoader] AuthModule dependencies initialized
[2026-08-19T07:46:12.873Z] [LOG] [InstanceLoader] UserModule dependencies initialized
[2026-08-19T07:46:12.873Z] [LOG] [InstanceLoader] TypeOrmModule dependencies initialized
[2026-08-19T07:46:12.873Z] [LOG] [InstanceLoader] SupplierGroupModule dependencies initialized
[2026-08-19T07:46:12.873Z] [LOG] [RoutesResolver] AppController {/}:
[2026-08-19T07:46:12.873Z] [LOG] [RouterExplorer] Mapped {/, GET} route
[2026-08-19T07:46:12.873Z] [LOG] [RoutesResolver] UserController {/users}:
[2026-08-19T07:46:12.873Z] [LOG] [InstanceLoader] SupplierModule dependencies initialized
[2026-08-19T07:46:12.874Z] [LOG] [RouterExplorer] Mapped {/users/:id, GET} route
[2026-08-19T07:46:12.874Z] [LOG] [RouterExplorer] Mapped {/users, GET} route
[2026-08-19T07:46:12.873Z] [LOG] [RouterExplorer] Mapped {/users, POST} route
[2026-08-19T07:46:12.874Z] [LOG] [RouterExplorer] Mapped {/users/:id/status, PUT} route
[2026-08-19T07:46:12.874Z] [LOG] [RouterExplorer] Mapped {/auth/refresh, POST} route
[2026-08-19T07:46:12.874Z] [LOG] [RouterExplorer] Mapped {/auth/logout, POST} route
[2026-08-19T07:46:12.874Z] [LOG] [RouterExplorer] Mapped {/auth/login, POST} route
[2026-08-19T07:46:12.874Z] [LOG] [RoutesResolver] AuthController {/auth}:
[2026-08-19T07:46:12.874Z] [LOG] [RouterExplorer] Mapped {/auth/me, GET} route
[2026-08-19T07:46:12.874Z] [LOG] [RoutesResolver] SupplierController {/suppliers}:
[2026-08-19T07:46:12.875Z] [LOG] [RouterExplorer] Mapped {/suppliers/:id, GET} route
[2026-08-19T07:46:12.875Z] [LOG] [RouterExplorer] Mapped {/suppliers, POST} route
[2026-08-19T07:46:12.875Z] [LOG] [RouterExplorer] Mapped {/supplier-groups, POST} route
[2026-08-19T07:46:12.875Z] [LOG] [RoutesResolver] SupplierGroupController {/supplier-groups}:
[2026-08-19T07:46:12.875Z] [LOG] [RouterExplorer] Mapped {/supplier-groups/:id, GET} route
[2026-08-19T07:46:12.875Z] [LOG] [RouterExplorer] Mapped {/supplier-groups/:id, PUT} route
[2026-08-19T07:46:12.875Z] [LOG] [RouterExplorer] Mapped {/supplier-groups, GET} route
[2026-08-19T07:46:12.875Z] [LOG] [RouterExplorer] Mapped {/supplier-groups/:id/status, PUT} route
[2026-08-19T07:46:12.875Z] [LOG] [RouterExplorer] Mapped {/supplier-groups/:id/assign-suppliers, POST} route
[2026-08-19T07:46:12.875Z] [LOG] [RouterExplorer] Mapped {/suppliers, GET} route
[2026-08-19T07:46:12.876Z] [LOG] [NestApplication] Nest application successfully started
[2026-08-19T07:47:14.916Z] [LOG] [NestFactory] Starting Nest application...
[2026-08-19T07:47:14.916Z] [LOG] [InstanceLoader] TypeOrmModule dependencies initialized
[2026-08-19T07:47:14.916Z] [LOG] [InstanceLoader] TokenModule dependencies initialized
[2026-08-19T07:47:14.916Z] [LOG] [InstanceLoader] AppModule dependencies initialized
[2026-08-19T07:47:14.916Z] [LOG] [InstanceLoader] ConfigHostModule dependencies initialized
[2026-08-19T07:47:14.917Z] [LOG] [InstanceLoader] RedisModule dependencies initialized
[2026-08-19T07:47:14.917Z] [LOG] [InstanceLoader] ConfigModule dependencies initialized
[2026-08-19T07:47:14.917Z] [LOG] [InstanceLoader] TypeOrmCoreModule dependencies initialized
[2026-08-19T07:47:14.917Z] [LOG] [InstanceLoader] JwtModule dependencies initialized
[2026-08-19T07:47:14.917Z] [LOG] [InstanceLoader] TypeOrmModule dependencies initialized
[2026-08-19T07:47:14.917Z] [LOG] [InstanceLoader] TypeOrmModule dependencies initialized
[2026-08-19T07:47:14.917Z] [LOG] [InstanceLoader] ConfigModule dependencies initialized
[2026-08-19T07:47:14.917Z] [LOG] [InstanceLoader] UserModule dependencies initialized
[2026-08-19T07:47:14.917Z] [LOG] [InstanceLoader] TypeOrmModule dependencies initialized
[2026-08-19T07:47:14.918Z] [LOG] [InstanceLoader] SupplierGroupModule dependencies initialized
[2026-08-19T07:47:14.917Z] [LOG] [InstanceLoader] AuthModule dependencies initialized
[2026-08-19T07:47:14.918Z] [LOG] [InstanceLoader] SupplierModule dependencies initialized
[2026-08-19T07:47:14.918Z] [LOG] [RouterExplorer] Mapped {/, GET} route
[2026-08-19T07:47:14.918Z] [LOG] [RoutesResolver] UserController {/users}:
[2026-08-19T07:47:14.918Z] [LOG] [RouterExplorer] Mapped {/users, POST} route
[2026-08-19T07:47:14.918Z] [LOG] [RouterExplorer] Mapped {/users/:id, GET} route
[2026-08-19T07:47:14.918Z] [LOG] [RouterExplorer] Mapped {/users, GET} route
[2026-08-19T07:47:14.918Z] [LOG] [RouterExplorer] Mapped {/users/:id/status, PUT} route
[2026-08-19T07:47:14.918Z] [LOG] [RoutesResolver] AppController {/}:
[2026-08-19T07:47:14.918Z] [LOG] [RouterExplorer] Mapped {/auth/login, POST} route
[2026-08-19T07:47:14.918Z] [LOG] [RouterExplorer] Mapped {/auth/refresh, POST} route
[2026-08-19T07:47:14.918Z] [LOG] [RouterExplorer] Mapped {/auth/logout, POST} route
[2026-08-19T07:47:14.918Z] [LOG] [RouterExplorer] Mapped {/auth/me, GET} route
[2026-08-19T07:47:14.919Z] [LOG] [RoutesResolver] SupplierController {/suppliers}:
[2026-08-19T07:47:14.919Z] [LOG] [RouterExplorer] Mapped {/suppliers, POST} route
[2026-08-19T07:47:14.918Z] [LOG] [RoutesResolver] AuthController {/auth}:
[2026-08-19T07:47:14.919Z] [LOG] [RoutesResolver] SupplierGroupController {/supplier-groups}:
[2026-08-19T07:47:14.919Z] [LOG] [RouterExplorer] Mapped {/suppliers, GET} route
[2026-08-19T07:47:14.919Z] [LOG] [RouterExplorer] Mapped {/suppliers/:id, GET} route
[2026-08-19T07:47:14.919Z] [LOG] [RouterExplorer] Mapped {/supplier-groups, GET} route
[2026-08-19T07:47:14.919Z] [LOG] [RouterExplorer] Mapped {/supplier-groups/:id, GET} route
[2026-08-19T07:47:14.919Z] [LOG] [RouterExplorer] Mapped {/supplier-groups/:id, PUT} route
[2026-08-19T07:47:14.919Z] [LOG] [RouterExplorer] Mapped {/supplier-groups/:id/status, PUT} route
[2026-08-19T07:47:14.919Z] [LOG] [RouterExplorer] Mapped {/supplier-groups/:id/assign-suppliers, POST} route
[2026-08-19T07:47:14.919Z] [LOG] [NestApplication] Nest application successfully started
[2026-08-19T07:47:14.919Z] [LOG] [RouterExplorer] Mapped {/supplier-groups, POST} route
[2026-08-19T07:49:26.915Z] [LOG] [NestFactory] Starting Nest application...
[2026-08-19T07:49:26.916Z] [LOG] [InstanceLoader] TypeOrmModule dependencies initialized
[2026-08-19T07:49:26.916Z] [LOG] [InstanceLoader] TokenModule dependencies initialized
[2026-08-19T07:49:26.916Z] [LOG] [InstanceLoader] AppModule dependencies initialized
[2026-08-19T07:49:26.917Z] [LOG] [InstanceLoader] RedisModule dependencies initialized
[2026-08-19T07:49:26.916Z] [LOG] [InstanceLoader] ConfigModule dependencies initialized
[2026-08-19T07:49:26.917Z] [LOG] [InstanceLoader] JwtModule dependencies initialized
[2026-08-19T07:49:26.916Z] [LOG] [InstanceLoader] ConfigHostModule dependencies initialized
[2026-08-19T07:49:26.917Z] [LOG] [InstanceLoader] ConfigModule dependencies initialized
[2026-08-19T07:49:26.917Z] [LOG] [InstanceLoader] TypeOrmCoreModule dependencies initialized
[2026-08-19T07:49:26.917Z] [LOG] [InstanceLoader] TypeOrmModule dependencies initialized
[2026-08-19T07:49:26.917Z] [LOG] [InstanceLoader] TypeOrmModule dependencies initialized
[2026-08-19T07:49:26.917Z] [LOG] [InstanceLoader] UserModule dependencies initialized
[2026-08-19T07:49:26.917Z] [LOG] [InstanceLoader] TypeOrmModule dependencies initialized
[2026-08-19T07:49:26.917Z] [LOG] [InstanceLoader] SupplierModule dependencies initialized
[2026-08-19T07:49:26.918Z] [LOG] [InstanceLoader] SupplierGroupModule dependencies initialized
[2026-08-19T07:49:26.918Z] [LOG] [RouterExplorer] Mapped {/, GET} route
[2026-08-19T07:49:26.917Z] [LOG] [InstanceLoader] AuthModule dependencies initialized
[2026-08-19T07:49:26.918Z] [LOG] [RouterExplorer] Mapped {/users, POST} route
[2026-08-19T07:49:26.918Z] [LOG] [RoutesResolver] AppController {/}:
[2026-08-19T07:49:26.918Z] [LOG] [RoutesResolver] UserController {/users}:
[2026-08-19T07:49:26.918Z] [LOG] [RouterExplorer] Mapped {/users/:id, GET} route
[2026-08-19T07:49:26.918Z] [LOG] [RouterExplorer] Mapped {/users/:id/status, PUT} route
[2026-08-19T07:49:26.918Z] [LOG] [RouterExplorer] Mapped {/users, GET} route
[2026-08-19T07:49:26.918Z] [LOG] [RouterExplorer] Mapped {/auth/login, POST} route
[2026-08-19T07:49:26.918Z] [LOG] [RouterExplorer] Mapped {/auth/refresh, POST} route
[2026-08-19T07:49:26.918Z] [LOG] [RouterExplorer] Mapped {/auth/me, GET} route
[2026-08-19T07:49:26.918Z] [LOG] [RouterExplorer] Mapped {/auth/logout, POST} route
[2026-08-19T07:49:26.919Z] [LOG] [RouterExplorer] Mapped {/suppliers, POST} route
[2026-08-19T07:49:26.918Z] [LOG] [RoutesResolver] SupplierController {/suppliers}:
[2026-08-19T07:49:26.919Z] [LOG] [RouterExplorer] Mapped {/suppliers/:id, GET} route
[2026-08-19T07:49:26.919Z] [LOG] [RoutesResolver] SupplierGroupController {/supplier-groups}:
[2026-08-19T07:49:26.919Z] [LOG] [RouterExplorer] Mapped {/suppliers, GET} route
[2026-08-19T07:49:26.919Z] [LOG] [RouterExplorer] Mapped {/supplier-groups, POST} route
[2026-08-19T07:49:26.919Z] [LOG] [RouterExplorer] Mapped {/supplier-groups/:id, GET} route
[2026-08-19T07:49:26.919Z] [LOG] [RouterExplorer] Mapped {/supplier-groups, GET} route
[2026-08-19T07:49:26.919Z] [LOG] [RouterExplorer] Mapped {/supplier-groups/:id, PUT} route
[2026-08-19T07:49:26.919Z] [LOG] [RouterExplorer] Mapped {/supplier-groups/:id/status, PUT} route
[2026-08-19T07:49:26.919Z] [LOG] [RouterExplorer] Mapped {/supplier-groups/:id/assign-suppliers, POST} route
[2026-08-19T07:49:26.919Z] [LOG] [NestApplication] Nest application successfully started
[2026-08-19T07:49:26.918Z] [LOG] [RoutesResolver] AuthController {/auth}:
[2026-08-19T07:49:28.562Z] [LOG] [NestFactory] Starting Nest application...
[2026-08-19T07:49:28.562Z] [LOG] [InstanceLoader] TypeOrmModule dependencies initialized
[2026-08-19T07:49:28.563Z] [LOG] [InstanceLoader] AppModule dependencies initialized
[2026-08-19T07:49:28.562Z] [LOG] [InstanceLoader] TokenModule dependencies initialized
[2026-08-19T07:49:28.562Z] [LOG] [InstanceLoader] ConfigHostModule dependencies initialized
[2026-08-19T07:49:28.563Z] [LOG] [InstanceLoader] RedisModule dependencies initialized
[2026-08-19T07:49:28.563Z] [LOG] [InstanceLoader] ConfigModule dependencies initialized
[2026-08-19T07:49:28.563Z] [LOG] [InstanceLoader] TypeOrmCoreModule dependencies initialized
[2026-08-19T07:49:28.563Z] [LOG] [InstanceLoader] ConfigModule dependencies initialized
[2026-08-19T07:49:28.563Z] [LOG] [InstanceLoader] TypeOrmModule dependencies initialized
[2026-08-19T07:49:28.564Z] [LOG] [InstanceLoader] TypeOrmModule dependencies initialized
[2026-08-19T07:49:28.563Z] [LOG] [InstanceLoader] JwtModule dependencies initialized
[2026-08-19T07:49:28.564Z] [LOG] [InstanceLoader] AuthModule dependencies initialized
[2026-08-19T07:49:28.564Z] [LOG] [InstanceLoader] TypeOrmModule dependencies initialized
[2026-08-19T07:49:28.564Z] [LOG] [InstanceLoader] SupplierModule dependencies initialized
[2026-08-19T07:49:28.564Z] [LOG] [InstanceLoader] SupplierGroupModule dependencies initialized
[2026-08-19T07:49:28.564Z] [LOG] [RouterExplorer] Mapped {/, GET} route
[2026-08-19T07:49:28.564Z] [LOG] [InstanceLoader] UserModule dependencies initialized
[2026-08-19T07:49:28.564Z] [LOG] [RoutesResolver] UserController {/users}:
[2026-08-19T07:49:28.564Z] [LOG] [RouterExplorer] Mapped {/users, GET} route
[2026-08-19T07:49:28.564Z] [LOG] [RouterExplorer] Mapped {/users, POST} route
[2026-08-19T07:49:28.564Z] [LOG] [RouterExplorer] Mapped {/users/:id, GET} route
[2026-08-19T07:49:28.564Z] [LOG] [RoutesResolver] AuthController {/auth}:
[2026-08-19T07:49:28.564Z] [LOG] [RouterExplorer] Mapped {/users/:id/status, PUT} route
[2026-08-19T07:49:28.564Z] [LOG] [RoutesResolver] AppController {/}:
[2026-08-19T07:49:28.565Z] [LOG] [RouterExplorer] Mapped {/auth/refresh, POST} route
[2026-08-19T07:49:28.564Z] [LOG] [RouterExplorer] Mapped {/auth/login, POST} route
[2026-08-19T07:49:28.565Z] [LOG] [RouterExplorer] Mapped {/auth/logout, POST} route
[2026-08-19T07:49:28.565Z] [LOG] [RouterExplorer] Mapped {/auth/me, GET} route
[2026-08-19T07:49:28.565Z] [LOG] [RoutesResolver] SupplierController {/suppliers}:
[2026-08-19T07:49:28.565Z] [LOG] [RouterExplorer] Mapped {/suppliers/:id, GET} route
[2026-08-19T07:49:28.565Z] [LOG] [RoutesResolver] SupplierGroupController {/supplier-groups}:
[2026-08-19T07:49:28.565Z] [LOG] [RouterExplorer] Mapped {/supplier-groups, POST} route
[2026-08-19T07:49:28.565Z] [LOG] [RouterExplorer] Mapped {/suppliers, POST} route
[2026-08-19T07:49:28.565Z] [LOG] [RouterExplorer] Mapped {/supplier-groups, GET} route
[2026-08-19T07:49:28.565Z] [LOG] [RouterExplorer] Mapped {/supplier-groups/:id, GET} route
[2026-08-19T07:49:28.565Z] [LOG] [RouterExplorer] Mapped {/supplier-groups/:id/status, PUT} route
[2026-08-19T07:49:28.565Z] [LOG] [RouterExplorer] Mapped {/supplier-groups/:id, PUT} route
[2026-08-19T07:49:28.566Z] [LOG] [RouterExplorer] Mapped {/supplier-groups/:id/assign-suppliers, POST} route
[2026-08-19T07:49:28.565Z] [LOG] [RouterExplorer] Mapped {/suppliers, GET} route
[2026-08-19T07:49:28.566Z] [LOG] [NestApplication] Nest application successfully started
[2026-08-19T07:52:26.292Z] [LOG] [NestFactory] Starting Nest application...
[2026-08-19T07:52:26.293Z] [LOG] [InstanceLoader] TypeOrmModule dependencies initialized
[2026-08-19T07:52:26.293Z] [LOG] [InstanceLoader] TokenModule dependencies initialized
[2026-08-19T07:52:26.293Z] [LOG] [InstanceLoader] AppModule dependencies initialized
[2026-08-19T07:52:26.293Z] [LOG] [InstanceLoader] ConfigHostModule dependencies initialized
[2026-08-19T07:52:26.293Z] [LOG] [InstanceLoader] ConfigModule dependencies initialized
[2026-08-19T07:52:26.293Z] [LOG] [InstanceLoader] RedisModule dependencies initialized
[2026-08-19T07:52:26.293Z] [LOG] [InstanceLoader] ConfigModule dependencies initialized
[2026-08-19T07:52:26.294Z] [LOG] [InstanceLoader] TypeOrmCoreModule dependencies initialized
[2026-08-19T07:52:26.294Z] [LOG] [InstanceLoader] JwtModule dependencies initialized
[2026-08-19T07:52:26.294Z] [LOG] [InstanceLoader] TypeOrmModule dependencies initialized
[2026-08-19T07:52:26.294Z] [LOG] [InstanceLoader] TypeOrmModule dependencies initialized
[2026-08-19T07:52:26.294Z] [LOG] [InstanceLoader] TypeOrmModule dependencies initialized
[2026-08-19T07:52:26.294Z] [LOG] [InstanceLoader] UserModule dependencies initialized
[2026-08-19T07:52:26.294Z] [LOG] [InstanceLoader] SupplierModule dependencies initialized
[2026-08-19T07:52:26.294Z] [LOG] [InstanceLoader] SupplierGroupModule dependencies initialized
[2026-08-19T07:52:26.294Z] [LOG] [RouterExplorer] Mapped {/, GET} route
[2026-08-19T07:52:26.294Z] [LOG] [InstanceLoader] AuthModule dependencies initialized
[2026-08-19T07:52:26.295Z] [LOG] [RouterExplorer] Mapped {/users, POST} route
[2026-08-19T07:52:26.294Z] [LOG] [RoutesResolver] AppController {/}:
[2026-08-19T07:52:26.294Z] [LOG] [RoutesResolver] UserController {/users}:
[2026-08-19T07:52:26.295Z] [LOG] [RouterExplorer] Mapped {/users/:id, GET} route
[2026-08-19T07:52:26.295Z] [LOG] [RouterExplorer] Mapped {/users, GET} route
[2026-08-19T07:52:26.295Z] [LOG] [RoutesResolver] AuthController {/auth}:
[2026-08-19T07:52:26.295Z] [LOG] [RouterExplorer] Mapped {/users/:id/status, PUT} route
[2026-08-19T07:52:26.295Z] [LOG] [RouterExplorer] Mapped {/auth/refresh, POST} route
[2026-08-19T07:52:26.295Z] [LOG] [RouterExplorer] Mapped {/auth/login, POST} route
[2026-08-19T07:52:26.295Z] [LOG] [RouterExplorer] Mapped {/auth/me, GET} route
[2026-08-19T07:52:26.295Z] [LOG] [RouterExplorer] Mapped {/auth/logout, POST} route
[2026-08-19T07:52:26.295Z] [LOG] [RoutesResolver] SupplierController {/suppliers}:
[2026-08-19T07:52:26.295Z] [LOG] [RouterExplorer] Mapped {/suppliers/:id, GET} route
[2026-08-19T07:52:26.295Z] [LOG] [RouterExplorer] Mapped {/suppliers, GET} route
[2026-08-19T07:52:26.296Z] [LOG] [RoutesResolver] SupplierGroupController {/supplier-groups}:
[2026-08-19T07:52:26.296Z] [LOG] [RouterExplorer] Mapped {/supplier-groups, POST} route
[2026-08-19T07:52:26.296Z] [LOG] [RouterExplorer] Mapped {/supplier-groups/:id, GET} route
[2026-08-19T07:52:26.295Z] [LOG] [RouterExplorer] Mapped {/suppliers, POST} route
[2026-08-19T07:52:26.296Z] [LOG] [RouterExplorer] Mapped {/supplier-groups, GET} route
[2026-08-19T07:52:26.296Z] [LOG] [RouterExplorer] Mapped {/supplier-groups/:id, PUT} route
[2026-08-19T07:52:26.296Z] [LOG] [RouterExplorer] Mapped {/supplier-groups/:id/status, PUT} route
[2026-08-19T07:52:26.296Z] [LOG] [RouterExplorer] Mapped {/supplier-groups/:id/assign-suppliers, POST} route
[2026-08-19T07:52:26.296Z] [LOG] [NestApplication] Nest application successfully started
[2026-08-19T07:57:44.769Z] [LOG] [NestFactory] Starting Nest application...
[2026-08-19T07:57:44.769Z] [LOG] [InstanceLoader] TypeOrmModule dependencies initialized
[2026-08-19T07:57:44.769Z] [LOG] [InstanceLoader] TokenModule dependencies initialized
[2026-08-19T07:57:44.770Z] [LOG] [InstanceLoader] AppModule dependencies initialized
[2026-08-19T07:57:44.770Z] [LOG] [InstanceLoader] ConfigHostModule dependencies initialized
[2026-08-19T07:57:44.770Z] [LOG] [InstanceLoader] RedisModule dependencies initialized
[2026-08-19T07:57:44.770Z] [LOG] [InstanceLoader] ConfigModule dependencies initialized
[2026-08-19T07:57:44.770Z] [LOG] [InstanceLoader] TypeOrmCoreModule dependencies initialized
[2026-08-19T07:57:44.770Z] [LOG] [InstanceLoader] JwtModule dependencies initialized
[2026-08-19T07:57:44.771Z] [LOG] [InstanceLoader] TypeOrmModule dependencies initialized
[2026-08-19T07:57:44.771Z] [LOG] [InstanceLoader] TypeOrmModule dependencies initialized
[2026-08-19T07:57:44.771Z] [LOG] [InstanceLoader] TypeOrmModule dependencies initialized
[2026-08-19T07:57:44.771Z] [LOG] [InstanceLoader] UserModule dependencies initialized
[2026-08-19T07:57:44.771Z] [LOG] [InstanceLoader] AuthModule dependencies initialized
[2026-08-19T07:57:44.770Z] [LOG] [InstanceLoader] ConfigModule dependencies initialized
[2026-08-19T07:57:44.771Z] [LOG] [InstanceLoader] SupplierGroupModule dependencies initialized
[2026-08-19T07:57:44.771Z] [LOG] [RouterExplorer] Mapped {/, GET} route
[2026-08-19T07:57:44.771Z] [LOG] [InstanceLoader] SupplierModule dependencies initialized
[2026-08-19T07:57:44.771Z] [LOG] [RoutesResolver] AppController {/}:
[2026-08-19T07:57:44.771Z] [LOG] [RoutesResolver] UserController {/users}:
[2026-08-19T07:57:44.772Z] [LOG] [RouterExplorer] Mapped {/users, GET} route
[2026-08-19T07:57:44.772Z] [LOG] [RouterExplorer] Mapped {/users/:id/status, PUT} route
[2026-08-19T07:57:44.772Z] [LOG] [RouterExplorer] Mapped {/users, POST} route
[2026-08-19T07:57:44.772Z] [LOG] [RouterExplorer] Mapped {/users/:id, GET} route
[2026-08-19T07:57:44.772Z] [LOG] [RouterExplorer] Mapped {/auth/login, POST} route
[2026-08-19T07:57:44.772Z] [LOG] [RouterExplorer] Mapped {/auth/logout, POST} route
[2026-08-19T07:57:44.772Z] [LOG] [RouterExplorer] Mapped {/auth/refresh, POST} route
[2026-08-19T07:57:44.772Z] [LOG] [RoutesResolver] AuthController {/auth}:
[2026-08-19T07:57:44.772Z] [LOG] [RouterExplorer] Mapped {/auth/me, GET} route
[2026-08-19T07:57:44.773Z] [LOG] [RouterExplorer] Mapped {/suppliers, GET} route
[2026-08-19T07:57:44.772Z] [LOG] [RoutesResolver] SupplierController {/suppliers}:
[2026-08-19T07:57:44.773Z] [LOG] [RoutesResolver] SupplierGroupController {/supplier-groups}:
[2026-08-19T07:57:44.773Z] [LOG] [RouterExplorer] Mapped {/suppliers/:id, GET} route
[2026-08-19T07:57:44.773Z] [LOG] [RouterExplorer] Mapped {/supplier-groups, POST} route
[2026-08-19T07:57:44.773Z] [LOG] [RouterExplorer] Mapped {/supplier-groups/:id, GET} route
[2026-08-19T07:57:44.773Z] [LOG] [RouterExplorer] Mapped {/supplier-groups/:id, PUT} route
[2026-08-19T07:57:44.774Z] [LOG] [RouterExplorer] Mapped {/supplier-groups/:id/assign-suppliers, POST} route
[2026-08-19T07:57:44.773Z] [LOG] [RouterExplorer] Mapped {/supplier-groups, GET} route
[2026-08-19T07:57:44.773Z] [LOG] [RouterExplorer] Mapped {/supplier-groups/:id/status, PUT} route
[2026-08-19T07:57:44.773Z] [LOG] [RouterExplorer] Mapped {/suppliers, POST} route
[2026-08-19T07:57:44.774Z] [LOG] [NestApplication] Nest application successfully started
[2026-08-19T08:07:30.805Z] [LOG] [NestFactory] Starting Nest application...
[2026-08-19T08:07:30.805Z] [LOG] [InstanceLoader] TypeOrmModule dependencies initialized
[2026-08-19T08:07:30.805Z] [LOG] [InstanceLoader] ConfigHostModule dependencies initialized
[2026-08-19T08:07:30.806Z] [LOG] [InstanceLoader] AppModule dependencies initialized
[2026-08-19T08:07:30.806Z] [LOG] [InstanceLoader] RedisModule dependencies initialized
[2026-08-19T08:07:30.806Z] [LOG] [InstanceLoader] ConfigModule dependencies initialized
[2026-08-19T08:07:30.805Z] [LOG] [InstanceLoader] TokenModule dependencies initialized
[2026-08-19T08:07:30.806Z] [LOG] [InstanceLoader] ConfigModule dependencies initialized
[2026-08-19T08:07:30.806Z] [LOG] [InstanceLoader] TypeOrmCoreModule dependencies initialized
[2026-08-19T08:07:30.806Z] [LOG] [InstanceLoader] TypeOrmModule dependencies initialized
[2026-08-19T08:07:30.807Z] [LOG] [InstanceLoader] TypeOrmModule dependencies initialized
[2026-08-19T08:07:30.807Z] [LOG] [InstanceLoader] AuthModule dependencies initialized
[2026-08-19T08:07:30.807Z] [LOG] [InstanceLoader] TypeOrmModule dependencies initialized
[2026-08-19T08:07:30.807Z] [LOG] [InstanceLoader] SupplierModule dependencies initialized
[2026-08-19T08:07:30.807Z] [LOG] [InstanceLoader] UserModule dependencies initialized
[2026-08-19T08:07:30.807Z] [LOG] [InstanceLoader] SupplierGroupModule dependencies initialized
[2026-08-19T08:07:30.807Z] [LOG] [RoutesResolver] AppController {/}:
[2026-08-19T08:07:30.807Z] [LOG] [RouterExplorer] Mapped {/, GET} route
[2026-08-19T08:07:30.806Z] [LOG] [InstanceLoader] JwtModule dependencies initialized
[2026-08-19T08:07:30.808Z] [LOG] [RouterExplorer] Mapped {/users, GET} route
[2026-08-19T08:07:30.808Z] [LOG] [RouterExplorer] Mapped {/users, POST} route
[2026-08-19T08:07:30.808Z] [LOG] [RouterExplorer] Mapped {/users/:id, GET} route
[2026-08-19T08:07:30.808Z] [LOG] [RouterExplorer] Mapped {/users/:id/status, PUT} route
[2026-08-19T08:07:30.808Z] [LOG] [RouterExplorer] Mapped {/auth/login, POST} route
[2026-08-19T08:07:30.808Z] [LOG] [RouterExplorer] Mapped {/auth/refresh, POST} route
[2026-08-19T08:07:30.808Z] [LOG] [RoutesResolver] AuthController {/auth}:
[2026-08-19T08:07:30.808Z] [LOG] [RouterExplorer] Mapped {/auth/logout, POST} route
[2026-08-19T08:07:30.809Z] [LOG] [RoutesResolver] SupplierController {/suppliers}:
[2026-08-19T08:07:30.809Z] [LOG] [RouterExplorer] Mapped {/suppliers, POST} route
[2026-08-19T08:07:30.807Z] [LOG] [RoutesResolver] UserController {/users}:
[2026-08-19T08:07:30.808Z] [LOG] [RouterExplorer] Mapped {/auth/me, GET} route
[2026-08-19T08:07:30.809Z] [LOG] [RouterExplorer] Mapped {/suppliers/:id, GET} route
[2026-08-19T08:07:30.809Z] [LOG] [RouterExplorer] Mapped {/supplier-groups, POST} route
[2026-08-19T08:07:30.809Z] [LOG] [RouterExplorer] Mapped {/suppliers, GET} route
[2026-08-19T08:07:30.809Z] [LOG] [RoutesResolver] SupplierGroupController {/supplier-groups}:
[2026-08-19T08:07:30.809Z] [LOG] [RouterExplorer] Mapped {/supplier-groups, GET} route
[2026-08-19T08:07:30.809Z] [LOG] [RouterExplorer] Mapped {/supplier-groups/:id, GET} route
[2026-08-19T08:07:30.809Z] [LOG] [RouterExplorer] Mapped {/supplier-groups/:id/status, PUT} route
[2026-08-19T08:07:30.810Z] [LOG] [RouterExplorer] Mapped {/supplier-groups/:id/assign-suppliers, POST} route
[2026-08-19T08:07:30.809Z] [LOG] [RouterExplorer] Mapped {/supplier-groups/:id, PUT} route
[2026-08-19T08:07:30.810Z] [LOG] [NestApplication] Nest application successfully started
[2026-08-19T08:08:06.402Z] [LOG] [NestFactory] Starting Nest application...
[2026-08-19T08:08:06.402Z] [LOG] [InstanceLoader] TypeOrmModule dependencies initialized
[2026-08-19T08:08:06.403Z] [LOG] [InstanceLoader] ConfigHostModule dependencies initialized
[2026-08-19T08:08:06.402Z] [LOG] [InstanceLoader] TokenModule dependencies initialized
[2026-08-19T08:08:06.403Z] [LOG] [InstanceLoader] ConfigModule dependencies initialized
[2026-08-19T08:08:06.403Z] [LOG] [InstanceLoader] AppModule dependencies initialized
[2026-08-19T08:08:06.403Z] [LOG] [InstanceLoader] ConfigModule dependencies initialized
[2026-08-19T08:08:06.403Z] [LOG] [InstanceLoader] RedisModule dependencies initialized
[2026-08-19T08:08:06.403Z] [LOG] [InstanceLoader] JwtModule dependencies initialized
[2026-08-19T08:08:06.403Z] [LOG] [InstanceLoader] TypeOrmCoreModule dependencies initialized
[2026-08-19T08:08:06.404Z] [LOG] [InstanceLoader] TypeOrmModule dependencies initialized
[2026-08-19T08:08:06.404Z] [LOG] [InstanceLoader] TypeOrmModule dependencies initialized
[2026-08-19T08:08:06.404Z] [LOG] [InstanceLoader] TypeOrmModule dependencies initialized
[2026-08-19T08:08:06.404Z] [LOG] [InstanceLoader] AuthModule dependencies initialized
[2026-08-19T08:08:06.404Z] [LOG] [InstanceLoader] UserModule dependencies initialized
[2026-08-19T08:08:06.404Z] [LOG] [InstanceLoader] SupplierModule dependencies initialized
[2026-08-19T08:08:06.404Z] [LOG] [InstanceLoader] SupplierGroupModule dependencies initialized
[2026-08-19T08:08:06.404Z] [LOG] [RoutesResolver] AppController {/}:
[2026-08-19T08:08:06.404Z] [LOG] [RouterExplorer] Mapped {/, GET} route
[2026-08-19T08:08:06.405Z] [LOG] [RoutesResolver] UserController {/users}:
[2026-08-19T08:08:06.405Z] [LOG] [RouterExplorer] Mapped {/users, POST} route
[2026-08-19T08:08:06.405Z] [LOG] [RouterExplorer] Mapped {/users, GET} route
[2026-08-19T08:08:06.405Z] [LOG] [RouterExplorer] Mapped {/users/:id, GET} route
[2026-08-19T08:08:06.405Z] [LOG] [RouterExplorer] Mapped {/users/:id/status, PUT} route
[2026-08-19T08:08:06.405Z] [LOG] [RouterExplorer] Mapped {/auth/login, POST} route
[2026-08-19T08:08:06.405Z] [LOG] [RoutesResolver] AuthController {/auth}:
[2026-08-19T08:08:06.405Z] [LOG] [RouterExplorer] Mapped {/auth/refresh, POST} route
[2026-08-19T08:08:06.405Z] [LOG] [RouterExplorer] Mapped {/auth/logout, POST} route
[2026-08-19T08:08:06.405Z] [LOG] [RoutesResolver] SupplierController {/suppliers}:
[2026-08-19T08:08:06.405Z] [LOG] [RouterExplorer] Mapped {/auth/me, GET} route
[2026-08-19T08:08:06.406Z] [LOG] [RouterExplorer] Mapped {/suppliers, POST} route
[2026-08-19T08:08:06.406Z] [LOG] [RouterExplorer] Mapped {/suppliers/:id, GET} route
[2026-08-19T08:08:06.406Z] [LOG] [RoutesResolver] SupplierGroupController {/supplier-groups}:
[2026-08-19T08:08:06.406Z] [LOG] [RouterExplorer] Mapped {/supplier-groups, GET} route
[2026-08-19T08:08:06.406Z] [LOG] [RouterExplorer] Mapped {/supplier-groups, POST} route
[2026-08-19T08:08:06.406Z] [LOG] [RouterExplorer] Mapped {/supplier-groups/:id, GET} route
[2026-08-19T08:08:06.406Z] [LOG] [RouterExplorer] Mapped {/suppliers, GET} route
[2026-08-19T08:08:06.407Z] [LOG] [RouterExplorer] Mapped {/supplier-groups/:id/assign-suppliers, POST} route
[2026-08-19T08:08:06.407Z] [LOG] [NestApplication] Nest application successfully started
[2026-08-19T08:08:06.406Z] [LOG] [RouterExplorer] Mapped {/supplier-groups/:id, PUT} route
[2026-08-19T08:08:06.407Z] [LOG] [RouterExplorer] Mapped {/supplier-groups/:id/status, PUT} route
[2026-08-19T08:08:32.818Z] [LOG] [NestFactory] Starting Nest application...
[2026-08-19T08:08:32.819Z] [LOG] [InstanceLoader] TypeOrmModule dependencies initialized
[2026-08-19T08:08:32.819Z] [LOG] [InstanceLoader] ConfigHostModule dependencies initialized
[2026-08-19T08:08:32.819Z] [LOG] [InstanceLoader] TokenModule dependencies initialized
[2026-08-19T08:08:32.819Z] [LOG] [InstanceLoader] ConfigModule dependencies initialized
[2026-08-19T08:08:32.819Z] [LOG] [InstanceLoader] AppModule dependencies initialized
[2026-08-19T08:08:32.819Z] [LOG] [InstanceLoader] ConfigModule dependencies initialized
[2026-08-19T08:08:32.820Z] [LOG] [InstanceLoader] RedisModule dependencies initialized
[2026-08-19T08:08:32.820Z] [LOG] [InstanceLoader] JwtModule dependencies initialized
[2026-08-19T08:08:32.820Z] [LOG] [InstanceLoader] TypeOrmCoreModule dependencies initialized
[2026-08-19T08:08:32.820Z] [LOG] [InstanceLoader] TypeOrmModule dependencies initialized
[2026-08-19T08:08:32.820Z] [LOG] [InstanceLoader] TypeOrmModule dependencies initialized
[2026-08-19T08:08:32.820Z] [LOG] [InstanceLoader] TypeOrmModule dependencies initialized
[2026-08-19T08:08:32.820Z] [LOG] [InstanceLoader] AuthModule dependencies initialized
[2026-08-19T08:08:32.820Z] [LOG] [InstanceLoader] UserModule dependencies initialized
[2026-08-19T08:08:32.820Z] [LOG] [InstanceLoader] SupplierModule dependencies initialized
[2026-08-19T08:08:32.821Z] [LOG] [InstanceLoader] SupplierGroupModule dependencies initialized
[2026-08-19T08:08:32.821Z] [LOG] [RoutesResolver] AppController {/}:
[2026-08-19T08:08:32.821Z] [LOG] [RouterExplorer] Mapped {/users, POST} route
[2026-08-19T08:08:32.821Z] [LOG] [RoutesResolver] UserController {/users}:
[2026-08-19T08:08:32.821Z] [LOG] [RouterExplorer] Mapped {/users/:id, GET} route
[2026-08-19T08:08:32.821Z] [LOG] [RouterExplorer] Mapped {/, GET} route
[2026-08-19T08:08:32.821Z] [LOG] [RouterExplorer] Mapped {/users, GET} route
[2026-08-19T08:08:32.821Z] [LOG] [RouterExplorer] Mapped {/users/:id/status, PUT} route
[2026-08-19T08:08:32.821Z] [LOG] [RouterExplorer] Mapped {/auth/login, POST} route
[2026-08-19T08:08:32.822Z] [LOG] [RouterExplorer] Mapped {/auth/refresh, POST} route
[2026-08-19T08:08:32.822Z] [LOG] [RouterExplorer] Mapped {/auth/me, GET} route
[2026-08-19T08:08:32.822Z] [LOG] [RouterExplorer] Mapped {/auth/logout, POST} route
[2026-08-19T08:08:32.822Z] [LOG] [RouterExplorer] Mapped {/suppliers, POST} route
[2026-08-19T08:08:32.821Z] [LOG] [RoutesResolver] AuthController {/auth}:
[2026-08-19T08:08:32.822Z] [LOG] [RoutesResolver] SupplierController {/suppliers}:
[2026-08-19T08:08:32.822Z] [LOG] [RouterExplorer] Mapped {/suppliers/:id, GET} route
[2026-08-19T08:08:32.822Z] [LOG] [RoutesResolver] SupplierGroupController {/supplier-groups}:
[2026-08-19T08:08:32.822Z] [LOG] [RouterExplorer] Mapped {/suppliers, GET} route
[2026-08-19T08:08:32.822Z] [LOG] [RouterExplorer] Mapped {/supplier-groups, GET} route
[2026-08-19T08:08:32.822Z] [LOG] [RouterExplorer] Mapped {/supplier-groups/:id, GET} route
[2026-08-19T08:08:32.823Z] [LOG] [RouterExplorer] Mapped {/supplier-groups/:id/status, PUT} route
[2026-08-19T08:08:32.823Z] [LOG] [RouterExplorer] Mapped {/supplier-groups/:id/assign-suppliers, POST} route
[2026-08-19T08:08:32.823Z] [LOG] [NestApplication] Nest application successfully started
[2026-08-19T08:08:32.823Z] [LOG] [RouterExplorer] Mapped {/supplier-groups/:id, PUT} route
[2026-08-19T08:08:32.822Z] [LOG] [RouterExplorer] Mapped {/supplier-groups, POST} route
[2026-08-19T08:10:05.904Z] [LOG] [NestFactory] Starting Nest application...
[2026-08-19T08:10:05.904Z] [LOG] [InstanceLoader] TypeOrmModule dependencies initialized
[2026-08-19T08:10:05.904Z] [LOG] [InstanceLoader] TokenModule dependencies initialized
[2026-08-19T08:10:05.904Z] [LOG] [InstanceLoader] AppModule dependencies initialized
[2026-08-19T08:10:05.904Z] [LOG] [InstanceLoader] ConfigHostModule dependencies initialized
[2026-08-19T08:10:05.905Z] [LOG] [InstanceLoader] RedisModule dependencies initialized
[2026-08-19T08:10:05.905Z] [LOG] [InstanceLoader] ConfigModule dependencies initialized
[2026-08-19T08:10:05.905Z] [LOG] [InstanceLoader] TypeOrmCoreModule dependencies initialized
[2026-08-19T08:10:05.905Z] [LOG] [InstanceLoader] ConfigModule dependencies initialized
[2026-08-19T08:10:05.905Z] [LOG] [InstanceLoader] TypeOrmModule dependencies initialized
[2026-08-19T08:10:05.906Z] [LOG] [InstanceLoader] TypeOrmModule dependencies initialized
[2026-08-19T08:10:05.905Z] [LOG] [InstanceLoader] TypeOrmModule dependencies initialized
[2026-08-19T08:10:05.906Z] [LOG] [InstanceLoader] UserModule dependencies initialized
[2026-08-19T08:10:05.906Z] [LOG] [InstanceLoader] AuthModule dependencies initialized
[2026-08-19T08:10:05.905Z] [LOG] [InstanceLoader] JwtModule dependencies initialized
[2026-08-19T08:10:05.906Z] [LOG] [InstanceLoader] SupplierGroupModule dependencies initialized
[2026-08-19T08:10:05.906Z] [LOG] [RouterExplorer] Mapped {/, GET} route
[2026-08-19T08:10:05.906Z] [LOG] [InstanceLoader] SupplierModule dependencies initialized
[2026-08-19T08:10:05.906Z] [LOG] [RoutesResolver] AppController {/}:
[2026-08-19T08:10:05.906Z] [LOG] [RoutesResolver] UserController {/users}:
[2026-08-19T08:10:05.907Z] [LOG] [RouterExplorer] Mapped {/users, GET} route
[2026-08-19T08:10:05.907Z] [LOG] [RouterExplorer] Mapped {/users/:id, GET} route
[2026-08-19T08:10:05.907Z] [LOG] [RouterExplorer] Mapped {/users/:id/status, PUT} route
[2026-08-19T08:10:05.907Z] [LOG] [RouterExplorer] Mapped {/auth/login, POST} route
[2026-08-19T08:10:05.907Z] [LOG] [RouterExplorer] Mapped {/users, POST} route
[2026-08-19T08:10:05.907Z] [LOG] [RouterExplorer] Mapped {/auth/refresh, POST} route
[2026-08-19T08:10:05.908Z] [LOG] [RouterExplorer] Mapped {/auth/me, GET} route
[2026-08-19T08:10:05.908Z] [LOG] [RouterExplorer] Mapped {/auth/logout, POST} route
[2026-08-19T08:10:05.908Z] [LOG] [RoutesResolver] SupplierController {/suppliers}:
[2026-08-19T08:10:05.908Z] [LOG] [RouterExplorer] Mapped {/suppliers, POST} route
[2026-08-19T08:10:05.908Z] [LOG] [RouterExplorer] Mapped {/suppliers/:id, GET} route
[2026-08-19T08:10:05.908Z] [LOG] [RoutesResolver] SupplierGroupController {/supplier-groups}:
[2026-08-19T08:10:05.908Z] [LOG] [RouterExplorer] Mapped {/suppliers, GET} route
[2026-08-19T08:10:05.908Z] [LOG] [RouterExplorer] Mapped {/supplier-groups, POST} route
[2026-08-19T08:10:05.908Z] [LOG] [RouterExplorer] Mapped {/supplier-groups, GET} route
[2026-08-19T08:10:05.907Z] [LOG] [RoutesResolver] AuthController {/auth}:
[2026-08-19T08:10:05.909Z] [LOG] [RouterExplorer] Mapped {/supplier-groups/:id, GET} route
[2026-08-19T08:10:05.909Z] [LOG] [RouterExplorer] Mapped {/supplier-groups/:id/status, PUT} route
[2026-08-19T08:10:05.909Z] [LOG] [RouterExplorer] Mapped {/supplier-groups/:id/assign-suppliers, POST} route
[2026-08-19T08:10:05.909Z] [LOG] [NestApplication] Nest application successfully started
[2026-08-19T08:10:05.909Z] [LOG] [RouterExplorer] Mapped {/supplier-groups/:id, PUT} route
[2026-08-19T08:11:42.997Z] [LOG] [NestFactory] Starting Nest application...
[2026-08-19T08:11:42.998Z] [LOG] [InstanceLoader] TypeOrmModule dependencies initialized
[2026-08-19T08:11:42.998Z] [LOG] [InstanceLoader] ConfigHostModule dependencies initialized
[2026-08-19T08:11:42.998Z] [LOG] [InstanceLoader] TokenModule dependencies initialized
[2026-08-19T08:11:42.998Z] [LOG] [InstanceLoader] ConfigModule dependencies initialized
[2026-08-19T08:11:42.999Z] [LOG] [InstanceLoader] RedisModule dependencies initialized
[2026-08-19T08:11:42.998Z] [LOG] [InstanceLoader] AppModule dependencies initialized
[2026-08-19T08:11:42.998Z] [LOG] [InstanceLoader] ConfigModule dependencies initialized
[2026-08-19T08:11:42.999Z] [LOG] [InstanceLoader] TypeOrmCoreModule dependencies initialized
[2026-08-19T08:11:42.999Z] [LOG] [InstanceLoader] TypeOrmModule dependencies initialized
[2026-08-19T08:11:42.999Z] [LOG] [InstanceLoader] TypeOrmModule dependencies initialized
[2026-08-19T08:11:42.999Z] [LOG] [InstanceLoader] TypeOrmModule dependencies initialized
[2026-08-19T08:11:42.999Z] [LOG] [InstanceLoader] AuthModule dependencies initialized
[2026-08-19T08:11:43.000Z] [LOG] [InstanceLoader] SupplierModule dependencies initialized
[2026-08-19T08:11:43.000Z] [LOG] [InstanceLoader] SupplierGroupModule dependencies initialized
[2026-08-19T08:11:42.999Z] [LOG] [InstanceLoader] JwtModule dependencies initialized
[2026-08-19T08:11:42.999Z] [LOG] [InstanceLoader] UserModule dependencies initialized
[2026-08-19T08:11:43.000Z] [LOG] [RoutesResolver] UserController {/users}:
[2026-08-19T08:11:43.000Z] [LOG] [RoutesResolver] AppController {/}:
[2026-08-19T08:11:43.000Z] [LOG] [RouterExplorer] Mapped {/, GET} route
[2026-08-19T08:11:43.000Z] [LOG] [RouterExplorer] Mapped {/users, GET} route
[2026-08-19T08:11:43.000Z] [LOG] [RouterExplorer] Mapped {/users/:id, GET} route
[2026-08-19T08:11:43.000Z] [LOG] [RouterExplorer] Mapped {/users/:id/status, PUT} route
[2026-08-19T08:11:43.000Z] [LOG] [RouterExplorer] Mapped {/auth/login, POST} route
[2026-08-19T08:11:43.000Z] [LOG] [RoutesResolver] AuthController {/auth}:
[2026-08-19T08:11:43.000Z] [LOG] [RouterExplorer] Mapped {/users, POST} route
[2026-08-19T08:11:43.001Z] [LOG] [RouterExplorer] Mapped {/auth/logout, POST} route
[2026-08-19T08:11:43.001Z] [LOG] [RouterExplorer] Mapped {/auth/refresh, POST} route
[2026-08-19T08:11:43.001Z] [LOG] [RouterExplorer] Mapped {/auth/me, GET} route
[2026-08-19T08:11:43.001Z] [LOG] [RoutesResolver] SupplierController {/suppliers}:
[2026-08-19T08:11:43.001Z] [LOG] [RouterExplorer] Mapped {/suppliers/:id, GET} route
[2026-08-19T08:11:43.001Z] [LOG] [RouterExplorer] Mapped {/suppliers, POST} route
[2026-08-19T08:11:43.001Z] [LOG] [RouterExplorer] Mapped {/supplier-groups, POST} route
[2026-08-19T08:11:43.001Z] [LOG] [RoutesResolver] SupplierGroupController {/supplier-groups}:
[2026-08-19T08:11:43.001Z] [LOG] [RouterExplorer] Mapped {/suppliers, GET} route
[2026-08-19T08:11:43.002Z] [LOG] [RouterExplorer] Mapped {/supplier-groups/:id, GET} route
[2026-08-19T08:11:43.002Z] [LOG] [RouterExplorer] Mapped {/supplier-groups/:id/status, PUT} route
[2026-08-19T08:11:43.002Z] [LOG] [RouterExplorer] Mapped {/supplier-groups, GET} route
[2026-08-19T08:11:43.002Z] [LOG] [RouterExplorer] Mapped {/supplier-groups/:id/assign-suppliers, POST} route
[2026-08-19T08:11:43.002Z] [LOG] [RouterExplorer] Mapped {/supplier-groups/:id, PUT} route
[2026-08-19T08:11:43.002Z] [LOG] [NestApplication] Nest application successfully started
[2026-08-19T08:11:49.727Z] [LOG] [NestFactory] Starting Nest application...
[2026-08-19T08:11:49.728Z] [LOG] [InstanceLoader] TypeOrmModule dependencies initialized
[2026-08-19T08:11:49.728Z] [LOG] [InstanceLoader] TokenModule dependencies initialized
[2026-08-19T08:11:49.728Z] [LOG] [InstanceLoader] AppModule dependencies initialized
[2026-08-19T08:11:49.728Z] [LOG] [InstanceLoader] ConfigHostModule dependencies initialized
[2026-08-19T08:11:49.728Z] [LOG] [InstanceLoader] ConfigModule dependencies initialized
[2026-08-19T08:11:49.728Z] [LOG] [InstanceLoader] ConfigModule dependencies initialized
[2026-08-19T08:11:49.728Z] [LOG] [InstanceLoader] RedisModule dependencies initialized
[2026-08-19T08:11:49.729Z] [LOG] [InstanceLoader] TypeOrmCoreModule dependencies initialized
[2026-08-19T08:11:49.729Z] [LOG] [InstanceLoader] TypeOrmModule dependencies initialized
[2026-08-19T08:11:49.729Z] [LOG] [InstanceLoader] JwtModule dependencies initialized
[2026-08-19T08:11:49.729Z] [LOG] [InstanceLoader] TypeOrmModule dependencies initialized
[2026-08-19T08:11:49.729Z] [LOG] [InstanceLoader] AuthModule dependencies initialized
[2026-08-19T08:11:49.729Z] [LOG] [InstanceLoader] TypeOrmModule dependencies initialized
[2026-08-19T08:11:49.729Z] [LOG] [InstanceLoader] SupplierModule dependencies initialized
[2026-08-19T08:11:49.730Z] [LOG] [InstanceLoader] SupplierGroupModule dependencies initialized
[2026-08-19T08:11:49.730Z] [LOG] [RoutesResolver] AppController {/}:
[2026-08-19T08:11:49.729Z] [LOG] [InstanceLoader] UserModule dependencies initialized
[2026-08-19T08:11:49.730Z] [LOG] [RouterExplorer] Mapped {/, GET} route
[2026-08-19T08:11:49.730Z] [LOG] [RoutesResolver] UserController {/users}:
[2026-08-19T08:11:49.730Z] [LOG] [RouterExplorer] Mapped {/users, POST} route
[2026-08-19T08:11:49.730Z] [LOG] [RouterExplorer] Mapped {/users/:id/status, PUT} route
[2026-08-19T08:11:49.730Z] [LOG] [RoutesResolver] AuthController {/auth}:
[2026-08-19T08:11:49.730Z] [LOG] [RouterExplorer] Mapped {/users, GET} route
[2026-08-19T08:11:49.730Z] [LOG] [RouterExplorer] Mapped {/auth/login, POST} route
[2026-08-19T08:11:49.730Z] [LOG] [RouterExplorer] Mapped {/auth/refresh, POST} route
[2026-08-19T08:11:49.731Z] [LOG] [RouterExplorer] Mapped {/auth/me, GET} route
[2026-08-19T08:11:49.730Z] [LOG] [RouterExplorer] Mapped {/auth/logout, POST} route
[2026-08-19T08:11:49.731Z] [LOG] [RouterExplorer] Mapped {/suppliers, POST} route
[2026-08-19T08:11:49.730Z] [LOG] [RouterExplorer] Mapped {/users/:id, GET} route
[2026-08-19T08:11:49.731Z] [LOG] [RoutesResolver] SupplierController {/suppliers}:
[2026-08-19T08:11:49.731Z] [LOG] [RouterExplorer] Mapped {/suppliers/:id, GET} route
[2026-08-19T08:11:49.731Z] [LOG] [RouterExplorer] Mapped {/supplier-groups, POST} route
[2026-08-19T08:11:49.731Z] [LOG] [RoutesResolver] SupplierGroupController {/supplier-groups}:
[2026-08-19T08:11:49.731Z] [LOG] [RouterExplorer] Mapped {/suppliers, GET} route
[2026-08-19T08:11:49.731Z] [LOG] [RouterExplorer] Mapped {/supplier-groups, GET} route
[2026-08-19T08:11:49.731Z] [LOG] [RouterExplorer] Mapped {/supplier-groups/:id, GET} route
[2026-08-19T08:11:49.732Z] [LOG] [RouterExplorer] Mapped {/supplier-groups/:id/assign-suppliers, POST} route
[2026-08-19T08:11:49.731Z] [LOG] [RouterExplorer] Mapped {/supplier-groups/:id, PUT} route
[2026-08-19T08:11:49.732Z] [LOG] [RouterExplorer] Mapped {/supplier-groups/:id/status, PUT} route
[2026-08-19T08:11:49.732Z] [LOG] [NestApplication] Nest application successfully started
[2026-08-19T08:12:56.303Z] [LOG] [NestFactory] Starting Nest application...
[2026-08-19T08:12:56.303Z] [LOG] [InstanceLoader] TypeOrmModule dependencies initialized
[2026-08-19T08:12:56.303Z] [LOG] [InstanceLoader] ConfigHostModule dependencies initialized
[2026-08-19T08:12:56.303Z] [LOG] [InstanceLoader] TokenModule dependencies initialized
[2026-08-19T08:12:56.304Z] [LOG] [InstanceLoader] ConfigModule dependencies initialized
[2026-08-19T08:12:56.304Z] [LOG] [InstanceLoader] ConfigModule dependencies initialized
[2026-08-19T08:12:56.304Z] [LOG] [InstanceLoader] AppModule dependencies initialized
[2026-08-19T08:12:56.304Z] [LOG] [InstanceLoader] RedisModule dependencies initialized
[2026-08-19T08:12:56.304Z] [LOG] [InstanceLoader] TypeOrmCoreModule dependencies initialized
[2026-08-19T08:12:56.305Z] [LOG] [InstanceLoader] TypeOrmModule dependencies initialized
[2026-08-19T08:12:56.305Z] [LOG] [InstanceLoader] TypeOrmModule dependencies initialized
[2026-08-19T08:12:56.305Z] [LOG] [InstanceLoader] TypeOrmModule dependencies initialized
[2026-08-19T08:12:56.305Z] [LOG] [InstanceLoader] AuthModule dependencies initialized
[2026-08-19T08:12:56.304Z] [LOG] [InstanceLoader] JwtModule dependencies initialized
[2026-08-19T08:12:56.305Z] [LOG] [InstanceLoader] SupplierModule dependencies initialized
[2026-08-19T08:12:56.305Z] [LOG] [InstanceLoader] UserModule dependencies initialized
[2026-08-19T08:12:56.305Z] [LOG] [InstanceLoader] SupplierGroupModule dependencies initialized
[2026-08-19T08:12:56.305Z] [LOG] [RoutesResolver] AppController {/}:
[2026-08-19T08:12:56.305Z] [LOG] [RouterExplorer] Mapped {/, GET} route
[2026-08-19T08:12:56.305Z] [LOG] [RoutesResolver] UserController {/users}:
[2026-08-19T08:12:56.306Z] [LOG] [RouterExplorer] Mapped {/users, POST} route
[2026-08-19T08:12:56.306Z] [LOG] [RouterExplorer] Mapped {/users, GET} route
[2026-08-19T08:12:56.306Z] [LOG] [RouterExplorer] Mapped {/users/:id, GET} route
[2026-08-19T08:12:56.306Z] [LOG] [RouterExplorer] Mapped {/users/:id/status, PUT} route
[2026-08-19T08:12:56.306Z] [LOG] [RoutesResolver] AuthController {/auth}:
[2026-08-19T08:12:56.306Z] [LOG] [RouterExplorer] Mapped {/auth/login, POST} route
[2026-08-19T08:12:56.306Z] [LOG] [RouterExplorer] Mapped {/auth/refresh, POST} route
[2026-08-19T08:12:56.306Z] [LOG] [RouterExplorer] Mapped {/auth/logout, POST} route
[2026-08-19T08:12:56.307Z] [LOG] [RouterExplorer] Mapped {/suppliers, POST} route
[2026-08-19T08:12:56.306Z] [LOG] [RoutesResolver] SupplierController {/suppliers}:
[2026-08-19T08:12:56.307Z] [LOG] [RouterExplorer] Mapped {/suppliers, GET} route
[2026-08-19T08:12:56.307Z] [LOG] [RouterExplorer] Mapped {/suppliers/:id, GET} route
[2026-08-19T08:12:56.307Z] [LOG] [RoutesResolver] SupplierGroupController {/supplier-groups}:
[2026-08-19T08:12:56.306Z] [LOG] [RouterExplorer] Mapped {/auth/me, GET} route
[2026-08-19T08:12:56.307Z] [LOG] [RouterExplorer] Mapped {/supplier-groups, GET} route
[2026-08-19T08:12:56.307Z] [LOG] [RouterExplorer] Mapped {/supplier-groups, POST} route
[2026-08-19T08:12:56.307Z] [LOG] [RouterExplorer] Mapped {/supplier-groups/:id, PUT} route
[2026-08-19T08:12:56.307Z] [LOG] [RouterExplorer] Mapped {/supplier-groups/:id/status, PUT} route
[2026-08-19T08:12:56.308Z] [LOG] [RouterExplorer] Mapped {/supplier-groups/:id/assign-suppliers, POST} route
[2026-08-19T08:12:56.307Z] [LOG] [RouterExplorer] Mapped {/supplier-groups/:id, GET} route
[2026-08-19T08:12:56.308Z] [LOG] [NestApplication] Nest application successfully started
[2026-08-19T08:13:12.828Z] [LOG] [NestFactory] Starting Nest application...
[2026-08-19T08:13:12.828Z] [LOG] [InstanceLoader] TypeOrmModule dependencies initialized
[2026-08-19T08:13:12.829Z] [LOG] [InstanceLoader] ConfigHostModule dependencies initialized
[2026-08-19T08:13:12.829Z] [LOG] [InstanceLoader] ConfigModule dependencies initialized
[2026-08-19T08:13:12.828Z] [LOG] [InstanceLoader] TokenModule dependencies initialized
[2026-08-19T08:13:12.829Z] [LOG] [InstanceLoader] ConfigModule dependencies initialized
[2026-08-19T08:13:12.829Z] [LOG] [InstanceLoader] RedisModule dependencies initialized
[2026-08-19T08:13:12.829Z] [LOG] [InstanceLoader] TypeOrmCoreModule dependencies initialized
[2026-08-19T08:13:12.829Z] [LOG] [InstanceLoader] TypeOrmModule dependencies initialized
[2026-08-19T08:13:12.829Z] [LOG] [InstanceLoader] AppModule dependencies initialized
[2026-08-19T08:13:12.830Z] [LOG] [InstanceLoader] TypeOrmModule dependencies initialized
[2026-08-19T08:13:12.829Z] [LOG] [InstanceLoader] JwtModule dependencies initialized
[2026-08-19T08:13:12.830Z] [LOG] [InstanceLoader] AuthModule dependencies initialized
[2026-08-19T08:13:12.830Z] [LOG] [InstanceLoader] TypeOrmModule dependencies initialized
[2026-08-19T08:13:12.830Z] [LOG] [InstanceLoader] SupplierModule dependencies initialized
[2026-08-19T08:13:12.830Z] [LOG] [InstanceLoader] SupplierGroupModule dependencies initialized
[2026-08-19T08:13:12.830Z] [LOG] [RoutesResolver] AppController {/}:
[2026-08-19T08:13:12.830Z] [LOG] [RouterExplorer] Mapped {/, GET} route
[2026-08-19T08:13:12.830Z] [LOG] [RouterExplorer] Mapped {/users, POST} route
[2026-08-19T08:13:12.830Z] [LOG] [InstanceLoader] UserModule dependencies initialized
[2026-08-19T08:13:12.830Z] [LOG] [RoutesResolver] UserController {/users}:
[2026-08-19T08:13:12.830Z] [LOG] [RouterExplorer] Mapped {/users, GET} route
[2026-08-19T08:13:12.831Z] [LOG] [RouterExplorer] Mapped {/users/:id/status, PUT} route
[2026-08-19T08:13:12.831Z] [LOG] [RouterExplorer] Mapped {/users/:id, GET} route
[2026-08-19T08:13:12.831Z] [LOG] [RouterExplorer] Mapped {/auth/login, POST} route
[2026-08-19T08:13:12.831Z] [LOG] [RouterExplorer] Mapped {/auth/refresh, POST} route
[2026-08-19T08:13:12.831Z] [LOG] [RoutesResolver] AuthController {/auth}:
[2026-08-19T08:13:12.831Z] [LOG] [RouterExplorer] Mapped {/auth/logout, POST} route
[2026-08-19T08:13:12.831Z] [LOG] [RoutesResolver] SupplierController {/suppliers}:
[2026-08-19T08:13:12.831Z] [LOG] [RouterExplorer] Mapped {/suppliers, POST} route
[2026-08-19T08:13:12.831Z] [LOG] [RouterExplorer] Mapped {/auth/me, GET} route
[2026-08-19T08:13:12.831Z] [LOG] [RouterExplorer] Mapped {/suppliers, GET} route
[2026-08-19T08:13:12.832Z] [LOG] [RouterExplorer] Mapped {/suppliers/:id, GET} route
[2026-08-19T08:13:12.832Z] [LOG] [RouterExplorer] Mapped {/supplier-groups, POST} route
[2026-08-19T08:13:12.832Z] [LOG] [RoutesResolver] SupplierGroupController {/supplier-groups}:
[2026-08-19T08:13:12.832Z] [LOG] [RouterExplorer] Mapped {/supplier-groups/:id, PUT} route
[2026-08-19T08:13:12.832Z] [LOG] [RouterExplorer] Mapped {/supplier-groups, GET} route
[2026-08-19T08:13:12.832Z] [LOG] [RouterExplorer] Mapped {/supplier-groups/:id, GET} route
[2026-08-19T08:13:12.832Z] [LOG] [RouterExplorer] Mapped {/supplier-groups/:id/status, PUT} route
[2026-08-19T08:13:12.832Z] [LOG] [RouterExplorer] Mapped {/supplier-groups/:id/assign-suppliers, POST} route
[2026-08-19T08:13:12.832Z] [LOG] [NestApplication] Nest application successfully started
[2026-08-19T08:13:24.697Z] [LOG] [NestFactory] Starting Nest application...
[2026-08-19T08:13:24.698Z] [LOG] [InstanceLoader] AppModule dependencies initialized
[2026-08-19T08:13:24.697Z] [LOG] [InstanceLoader] TypeOrmModule dependencies initialized
[2026-08-19T08:13:24.697Z] [LOG] [InstanceLoader] ConfigHostModule dependencies initialized
[2026-08-19T08:13:24.697Z] [LOG] [InstanceLoader] TokenModule dependencies initialized
[2026-08-19T08:13:24.698Z] [LOG] [InstanceLoader] ConfigModule dependencies initialized
[2026-08-19T08:13:24.698Z] [LOG] [InstanceLoader] RedisModule dependencies initialized
[2026-08-19T08:13:24.698Z] [LOG] [InstanceLoader] ConfigModule dependencies initialized
[2026-08-19T08:13:24.698Z] [LOG] [InstanceLoader] JwtModule dependencies initialized
[2026-08-19T08:13:24.698Z] [LOG] [InstanceLoader] TypeOrmCoreModule dependencies initialized
[2026-08-19T08:13:24.698Z] [LOG] [InstanceLoader] TypeOrmModule dependencies initialized
[2026-08-19T08:13:24.699Z] [LOG] [InstanceLoader] TypeOrmModule dependencies initialized
[2026-08-19T08:13:24.699Z] [LOG] [InstanceLoader] TypeOrmModule dependencies initialized
[2026-08-19T08:13:24.699Z] [LOG] [InstanceLoader] AuthModule dependencies initialized
[2026-08-19T08:13:24.699Z] [LOG] [InstanceLoader] UserModule dependencies initialized
[2026-08-19T08:13:24.699Z] [LOG] [InstanceLoader] SupplierModule dependencies initialized
[2026-08-19T08:13:24.699Z] [LOG] [InstanceLoader] SupplierGroupModule dependencies initialized
[2026-08-19T08:13:24.699Z] [LOG] [RoutesResolver] AppController {/}:
[2026-08-19T08:13:24.699Z] [LOG] [RouterExplorer] Mapped {/, GET} route
[2026-08-19T08:13:24.699Z] [LOG] [RoutesResolver] UserController {/users}:
[2026-08-19T08:13:24.699Z] [LOG] [RouterExplorer] Mapped {/users, POST} route
[2026-08-19T08:13:24.700Z] [LOG] [RouterExplorer] Mapped {/users, GET} route
[2026-08-19T08:13:24.700Z] [LOG] [RouterExplorer] Mapped {/users/:id/status, PUT} route
[2026-08-19T08:13:24.700Z] [LOG] [RouterExplorer] Mapped {/auth/login, POST} route
[2026-08-19T08:13:24.700Z] [LOG] [RouterExplorer] Mapped {/users/:id, GET} route
[2026-08-19T08:13:24.700Z] [LOG] [RouterExplorer] Mapped {/auth/refresh, POST} route
[2026-08-19T08:13:24.700Z] [LOG] [RouterExplorer] Mapped {/auth/me, GET} route
[2026-08-19T08:13:24.700Z] [LOG] [RouterExplorer] Mapped {/auth/logout, POST} route
[2026-08-19T08:13:24.700Z] [LOG] [RoutesResolver] AuthController {/auth}:
[2026-08-19T08:13:24.700Z] [LOG] [RoutesResolver] SupplierController {/suppliers}:
[2026-08-19T08:13:24.700Z] [LOG] [RouterExplorer] Mapped {/suppliers/:id, GET} route
[2026-08-19T08:13:24.700Z] [LOG] [RouterExplorer] Mapped {/suppliers, GET} route
[2026-08-19T08:13:24.700Z] [LOG] [RouterExplorer] Mapped {/suppliers, POST} route
[2026-08-19T08:13:24.701Z] [LOG] [RoutesResolver] SupplierGroupController {/supplier-groups}:
[2026-08-19T08:13:24.701Z] [LOG] [RouterExplorer] Mapped {/supplier-groups, GET} route
[2026-08-19T08:13:24.701Z] [LOG] [RouterExplorer] Mapped {/supplier-groups, POST} route
[2026-08-19T08:13:24.701Z] [LOG] [RouterExplorer] Mapped {/supplier-groups/:id/status, PUT} route
[2026-08-19T08:13:24.701Z] [LOG] [RouterExplorer] Mapped {/supplier-groups/:id/assign-suppliers, POST} route
[2026-08-19T08:13:24.701Z] [LOG] [RouterExplorer] Mapped {/supplier-groups/:id, PUT} route
[2026-08-19T08:13:24.701Z] [LOG] [NestApplication] Nest application successfully started
[2026-08-19T08:13:24.701Z] [LOG] [RouterExplorer] Mapped {/supplier-groups/:id, GET} route
[2026-08-19T08:13:46.069Z] [LOG] [NestFactory] Starting Nest application...
[2026-08-19T08:13:46.069Z] [LOG] [InstanceLoader] TypeOrmModule dependencies initialized
[2026-08-19T08:13:46.069Z] [LOG] [InstanceLoader] ConfigHostModule dependencies initialized
[2026-08-19T08:13:46.069Z] [LOG] [InstanceLoader] TokenModule dependencies initialized
[2026-08-19T08:13:46.069Z] [LOG] [InstanceLoader] ConfigModule dependencies initialized
[2026-08-19T08:13:46.069Z] [LOG] [InstanceLoader] AppModule dependencies initialized
[2026-08-19T08:13:46.070Z] [LOG] [InstanceLoader] RedisModule dependencies initialized
[2026-08-19T08:13:46.069Z] [LOG] [InstanceLoader] ConfigModule dependencies initialized
[2026-08-19T08:13:46.070Z] [LOG] [InstanceLoader] TypeOrmModule dependencies initialized
[2026-08-19T08:13:46.070Z] [LOG] [InstanceLoader] JwtModule dependencies initialized
[2026-08-19T08:13:46.070Z] [LOG] [InstanceLoader] TypeOrmModule dependencies initialized
[2026-08-19T08:13:46.070Z] [LOG] [InstanceLoader] AuthModule dependencies initialized
[2026-08-19T08:13:46.070Z] [LOG] [InstanceLoader] UserModule dependencies initialized
[2026-08-19T08:13:46.071Z] [LOG] [InstanceLoader] SupplierModule dependencies initialized
[2026-08-19T08:13:46.071Z] [LOG] [InstanceLoader] SupplierGroupModule dependencies initialized
[2026-08-19T08:13:46.071Z] [LOG] [RoutesResolver] AppController {/}:
[2026-08-19T08:13:46.071Z] [LOG] [RouterExplorer] Mapped {/, GET} route
[2026-08-19T08:13:46.071Z] [LOG] [RoutesResolver] UserController {/users}:
[2026-08-19T08:13:46.071Z] [LOG] [RouterExplorer] Mapped {/users, POST} route
[2026-08-19T08:13:46.071Z] [LOG] [RouterExplorer] Mapped {/users, GET} route
[2026-08-19T08:13:46.071Z] [LOG] [RouterExplorer] Mapped {/users/:id, GET} route
[2026-08-19T08:13:46.071Z] [LOG] [RouterExplorer] Mapped {/users/:id/status, PUT} route
[2026-08-19T08:13:46.071Z] [LOG] [RoutesResolver] AuthController {/auth}:
[2026-08-19T08:13:46.072Z] [LOG] [RouterExplorer] Mapped {/auth/login, POST} route
[2026-08-19T08:13:46.072Z] [LOG] [RouterExplorer] Mapped {/auth/refresh, POST} route
[2026-08-19T08:13:46.070Z] [LOG] [InstanceLoader] TypeOrmCoreModule dependencies initialized
[2026-08-19T08:13:46.072Z] [LOG] [RouterExplorer] Mapped {/auth/logout, POST} route
[2026-08-19T08:13:46.070Z] [LOG] [InstanceLoader] TypeOrmModule dependencies initialized
[2026-08-19T08:13:46.072Z] [LOG] [RouterExplorer] Mapped {/suppliers, POST} route
[2026-08-19T08:13:46.072Z] [LOG] [RouterExplorer] Mapped {/auth/me, GET} route
[2026-08-19T08:13:46.072Z] [LOG] [RoutesResolver] SupplierController {/suppliers}:
[2026-08-19T08:13:46.072Z] [LOG] [RouterExplorer] Mapped {/suppliers, GET} route
[2026-08-19T08:13:46.072Z] [LOG] [RoutesResolver] SupplierGroupController {/supplier-groups}:
[2026-08-19T08:13:46.072Z] [LOG] [RouterExplorer] Mapped {/suppliers/:id, GET} route
[2026-08-19T08:13:46.073Z] [LOG] [RouterExplorer] Mapped {/supplier-groups, GET} route
[2026-08-19T08:13:46.073Z] [LOG] [RouterExplorer] Mapped {/supplier-groups/:id, GET} route
[2026-08-19T08:13:46.072Z] [LOG] [RouterExplorer] Mapped {/supplier-groups, POST} route
[2026-08-19T08:13:46.073Z] [LOG] [RouterExplorer] Mapped {/supplier-groups/:id/status, PUT} route
[2026-08-19T08:13:46.073Z] [LOG] [RouterExplorer] Mapped {/supplier-groups/:id/assign-suppliers, POST} route
[2026-08-19T08:13:46.073Z] [LOG] [RouterExplorer] Mapped {/supplier-groups/:id, PUT} route
[2026-08-19T08:13:46.073Z] [LOG] [NestApplication] Nest application successfully started
[2026-08-19T08:14:48.145Z] [LOG] [NestFactory] Starting Nest application...
[2026-08-19T08:14:48.145Z] [LOG] [InstanceLoader] TypeOrmModule dependencies initialized
[2026-08-19T08:14:48.146Z] [LOG] [InstanceLoader] TokenModule dependencies initialized
[2026-08-19T08:14:48.146Z] [LOG] [InstanceLoader] AppModule dependencies initialized
[2026-08-19T08:14:48.146Z] [LOG] [InstanceLoader] ConfigHostModule dependencies initialized
[2026-08-19T08:14:48.146Z] [LOG] [InstanceLoader] ConfigModule dependencies initialized
[2026-08-19T08:14:48.146Z] [LOG] [InstanceLoader] ConfigModule dependencies initialized
[2026-08-19T08:14:48.146Z] [LOG] [InstanceLoader] TypeOrmCoreModule dependencies initialized
[2026-08-19T08:14:48.146Z] [LOG] [InstanceLoader] JwtModule dependencies initialized
[2026-08-19T08:14:48.146Z] [LOG] [InstanceLoader] RedisModule dependencies initialized
[2026-08-19T08:14:48.147Z] [LOG] [InstanceLoader] TypeOrmModule dependencies initialized
[2026-08-19T08:14:48.147Z] [LOG] [InstanceLoader] AuthModule dependencies initialized
[2026-08-19T08:14:48.147Z] [LOG] [InstanceLoader] TypeOrmModule dependencies initialized
[2026-08-19T08:14:48.147Z] [LOG] [InstanceLoader] SupplierModule dependencies initialized
[2026-08-19T08:14:48.147Z] [LOG] [InstanceLoader] SupplierGroupModule dependencies initialized
[2026-08-19T08:14:48.147Z] [LOG] [InstanceLoader] UserModule dependencies initialized
[2026-08-19T08:14:48.147Z] [LOG] [InstanceLoader] TypeOrmModule dependencies initialized
[2026-08-19T08:14:48.147Z] [LOG] [RouterExplorer] Mapped {/, GET} route
[2026-08-19T08:14:48.147Z] [LOG] [RoutesResolver] UserController {/users}:
[2026-08-19T08:14:48.148Z] [LOG] [RouterExplorer] Mapped {/users, POST} route
[2026-08-19T08:14:48.148Z] [LOG] [RouterExplorer] Mapped {/users/:id, GET} route
[2026-08-19T08:14:48.148Z] [LOG] [RouterExplorer] Mapped {/users, GET} route
[2026-08-19T08:14:48.148Z] [LOG] [RouterExplorer] Mapped {/users/:id/status, PUT} route
[2026-08-19T08:14:48.147Z] [LOG] [RoutesResolver] AppController {/}:
[2026-08-19T08:14:48.148Z] [LOG] [RoutesResolver] AuthController {/auth}:
[2026-08-19T08:14:48.148Z] [LOG] [RouterExplorer] Mapped {/auth/refresh, POST} route
[2026-08-19T08:14:48.148Z] [LOG] [RouterExplorer] Mapped {/auth/me, GET} route
[2026-08-19T08:14:48.148Z] [LOG] [RouterExplorer] Mapped {/auth/login, POST} route
[2026-08-19T08:14:48.148Z] [LOG] [RouterExplorer] Mapped {/auth/logout, POST} route
[2026-08-19T08:14:48.149Z] [LOG] [RouterExplorer] Mapped {/suppliers, GET} route
[2026-08-19T08:14:48.148Z] [LOG] [RoutesResolver] SupplierController {/suppliers}:
[2026-08-19T08:14:48.149Z] [LOG] [RouterExplorer] Mapped {/suppliers/:id, GET} route
[2026-08-19T08:14:48.149Z] [LOG] [RoutesResolver] SupplierGroupController {/supplier-groups}:
[2026-08-19T08:14:48.148Z] [LOG] [RouterExplorer] Mapped {/suppliers, POST} route
[2026-08-19T08:14:48.149Z] [LOG] [RouterExplorer] Mapped {/supplier-groups, GET} route
[2026-08-19T08:14:48.149Z] [LOG] [RouterExplorer] Mapped {/supplier-groups, POST} route
[2026-08-19T08:14:48.149Z] [LOG] [RouterExplorer] Mapped {/supplier-groups/:id, GET} route
[2026-08-19T08:14:48.149Z] [LOG] [RouterExplorer] Mapped {/supplier-groups/:id/status, PUT} route
[2026-08-19T08:14:48.149Z] [LOG] [RouterExplorer] Mapped {/supplier-groups/:id/assign-suppliers, POST} route
[2026-08-19T08:14:48.149Z] [LOG] [NestApplication] Nest application successfully started
[2026-08-19T08:14:48.149Z] [LOG] [RouterExplorer] Mapped {/supplier-groups/:id, PUT} route
[2026-08-19T08:19:12.441Z] [LOG] [NestFactory] Starting Nest application...
[2026-08-19T08:19:12.441Z] [LOG] [InstanceLoader] TypeOrmModule dependencies initialized
[2026-08-19T08:19:12.441Z] [LOG] [InstanceLoader] TokenModule dependencies initialized
[2026-08-19T08:19:12.442Z] [LOG] [InstanceLoader] ConfigHostModule dependencies initialized
[2026-08-19T08:19:12.442Z] [LOG] [InstanceLoader] AppModule dependencies initialized
[2026-08-19T08:19:12.442Z] [LOG] [InstanceLoader] ConfigModule dependencies initialized
[2026-08-19T08:19:12.442Z] [LOG] [InstanceLoader] ConfigModule dependencies initialized
[2026-08-19T08:19:12.442Z] [LOG] [InstanceLoader] RedisModule dependencies initialized
[2026-08-19T08:19:12.442Z] [LOG] [InstanceLoader] JwtModule dependencies initialized
[2026-08-19T08:19:12.443Z] [LOG] [InstanceLoader] TypeOrmCoreModule dependencies initialized
[2026-08-19T08:19:12.443Z] [LOG] [InstanceLoader] TypeOrmModule dependencies initialized
[2026-08-19T08:19:12.443Z] [LOG] [InstanceLoader] TypeOrmModule dependencies initialized
[2026-08-19T08:19:12.443Z] [LOG] [InstanceLoader] TypeOrmModule dependencies initialized
[2026-08-19T08:19:12.443Z] [LOG] [InstanceLoader] AuthModule dependencies initialized
[2026-08-19T08:19:12.443Z] [LOG] [InstanceLoader] SupplierModule dependencies initialized
[2026-08-19T08:19:12.443Z] [LOG] [InstanceLoader] UserModule dependencies initialized
[2026-08-19T08:19:12.443Z] [LOG] [RoutesResolver] AppController {/}:
[2026-08-19T08:19:12.443Z] [LOG] [InstanceLoader] SupplierGroupModule dependencies initialized
[2026-08-19T08:19:12.444Z] [LOG] [RouterExplorer] Mapped {/users, POST} route
[2026-08-19T08:19:12.444Z] [LOG] [RoutesResolver] UserController {/users}:
[2026-08-19T08:19:12.444Z] [LOG] [RouterExplorer] Mapped {/users/:id, GET} route
[2026-08-19T08:19:12.444Z] [LOG] [RouterExplorer] Mapped {/users/:id/status, PUT} route
[2026-08-19T08:19:12.444Z] [LOG] [RouterExplorer] Mapped {/, GET} route
[2026-08-19T08:19:12.444Z] [LOG] [RouterExplorer] Mapped {/auth/login, POST} route
[2026-08-19T08:19:12.444Z] [LOG] [RouterExplorer] Mapped {/auth/refresh, POST} route
[2026-08-19T08:19:12.444Z] [LOG] [RoutesResolver] AuthController {/auth}:
[2026-08-19T08:19:12.444Z] [LOG] [RouterExplorer] Mapped {/auth/logout, POST} route
[2026-08-19T08:19:12.445Z] [LOG] [RoutesResolver] SupplierController {/suppliers}:
[2026-08-19T08:19:12.445Z] [LOG] [RouterExplorer] Mapped {/suppliers, POST} route
[2026-08-19T08:19:12.445Z] [LOG] [RouterExplorer] Mapped {/suppliers, GET} route
[2026-08-19T08:19:12.445Z] [LOG] [RouterExplorer] Mapped {/suppliers/:id, GET} route
[2026-08-19T08:19:12.445Z] [LOG] [RoutesResolver] SupplierGroupController {/supplier-groups}:
[2026-08-19T08:19:12.445Z] [LOG] [RouterExplorer] Mapped {/supplier-groups, POST} route
[2026-08-19T08:19:12.445Z] [LOG] [RouterExplorer] Mapped {/supplier-groups, GET} route
[2026-08-19T08:19:12.445Z] [LOG] [RouterExplorer] Mapped {/supplier-groups/:id, GET} route
[2026-08-19T08:19:12.445Z] [LOG] [RouterExplorer] Mapped {/supplier-groups/:id, PUT} route
[2026-08-19T08:19:12.445Z] [LOG] [RouterExplorer] Mapped {/supplier-groups/:id/status, PUT} route
[2026-08-19T08:19:12.444Z] [LOG] [RouterExplorer] Mapped {/users, GET} route
[2026-08-19T08:19:12.446Z] [LOG] [RouterExplorer] Mapped {/supplier-groups/:id/assign-suppliers, POST} route
[2026-08-19T08:19:12.446Z] [LOG] [NestApplication] Nest application successfully started
[2026-08-19T08:19:12.444Z] [LOG] [RouterExplorer] Mapped {/auth/me, GET} route
[2026-08-19T08:19:19.244Z] [LOG] [NestFactory] Starting Nest application...
[2026-08-19T08:19:19.244Z] [LOG] [InstanceLoader] TypeOrmModule dependencies initialized
[2026-08-19T08:19:19.244Z] [LOG] [InstanceLoader] TokenModule dependencies initialized
[2026-08-19T08:19:19.245Z] [LOG] [InstanceLoader] AppModule dependencies initialized
[2026-08-19T08:19:19.244Z] [LOG] [InstanceLoader] ConfigHostModule dependencies initialized
[2026-08-19T08:19:19.245Z] [LOG] [InstanceLoader] ConfigModule dependencies initialized
[2026-08-19T08:19:19.245Z] [LOG] [InstanceLoader] RedisModule dependencies initialized
[2026-08-19T08:19:19.245Z] [LOG] [InstanceLoader] ConfigModule dependencies initialized
[2026-08-19T08:19:19.245Z] [LOG] [InstanceLoader] TypeOrmModule dependencies initialized
[2026-08-19T08:19:19.245Z] [LOG] [InstanceLoader] TypeOrmCoreModule dependencies initialized
[2026-08-19T08:19:19.245Z] [LOG] [InstanceLoader] TypeOrmModule dependencies initialized
[2026-08-19T08:19:19.246Z] [LOG] [InstanceLoader] AuthModule dependencies initialized
[2026-08-19T08:19:19.245Z] [LOG] [InstanceLoader] JwtModule dependencies initialized
[2026-08-19T08:19:19.246Z] [LOG] [InstanceLoader] TypeOrmModule dependencies initialized
[2026-08-19T08:19:19.246Z] [LOG] [InstanceLoader] SupplierModule dependencies initialized
[2026-08-19T08:19:19.246Z] [LOG] [InstanceLoader] SupplierGroupModule dependencies initialized
[2026-08-19T08:19:19.246Z] [LOG] [RouterExplorer] Mapped {/, GET} route
[2026-08-19T08:19:19.246Z] [LOG] [InstanceLoader] UserModule dependencies initialized
[2026-08-19T08:19:19.246Z] [LOG] [RouterExplorer] Mapped {/users, POST} route
[2026-08-19T08:19:19.246Z] [LOG] [RoutesResolver] UserController {/users}:
[2026-08-19T08:19:19.247Z] [LOG] [RouterExplorer] Mapped {/users, GET} route
[2026-08-19T08:19:19.247Z] [LOG] [RouterExplorer] Mapped {/users/:id/status, PUT} route
[2026-08-19T08:19:19.247Z] [LOG] [RouterExplorer] Mapped {/users/:id, GET} route
[2026-08-19T08:19:19.246Z] [LOG] [RoutesResolver] AppController {/}:
[2026-08-19T08:19:19.247Z] [LOG] [RouterExplorer] Mapped {/auth/login, POST} route
[2026-08-19T08:19:19.247Z] [LOG] [RouterExplorer] Mapped {/auth/logout, POST} route
[2026-08-19T08:19:19.247Z] [LOG] [RouterExplorer] Mapped {/auth/refresh, POST} route
[2026-08-19T08:19:19.247Z] [LOG] [RoutesResolver] SupplierController {/suppliers}:
[2026-08-19T08:19:19.247Z] [LOG] [RouterExplorer] Mapped {/auth/me, GET} route
[2026-08-19T08:19:19.247Z] [LOG] [RoutesResolver] AuthController {/auth}:
[2026-08-19T08:19:19.248Z] [LOG] [RouterExplorer] Mapped {/suppliers, GET} route
[2026-08-19T08:19:19.248Z] [LOG] [RoutesResolver] SupplierGroupController {/supplier-groups}:
[2026-08-19T08:19:19.248Z] [LOG] [RouterExplorer] Mapped {/supplier-groups, POST} route
[2026-08-19T08:19:19.247Z] [LOG] [RouterExplorer] Mapped {/suppliers, POST} route
[2026-08-19T08:19:19.248Z] [LOG] [RouterExplorer] Mapped {/suppliers/:id, GET} route
[2026-08-19T08:19:19.248Z] [LOG] [RouterExplorer] Mapped {/supplier-groups/:id, PUT} route
[2026-08-19T08:19:19.248Z] [LOG] [RouterExplorer] Mapped {/supplier-groups, GET} route
[2026-08-19T08:19:19.248Z] [LOG] [RouterExplorer] Mapped {/supplier-groups/:id, GET} route
[2026-08-19T08:19:19.248Z] [LOG] [RouterExplorer] Mapped {/supplier-groups/:id/assign-suppliers, POST} route
[2026-08-19T08:19:19.248Z] [LOG] [RouterExplorer] Mapped {/supplier-groups/:id/status, PUT} route
[2026-08-19T08:19:19.248Z] [LOG] [NestApplication] Nest application successfully started
[2026-08-19T08:19:57.796Z] [LOG] [NestFactory] Starting Nest application...
[2026-08-19T08:19:57.796Z] [LOG] [InstanceLoader] TypeOrmModule dependencies initialized
[2026-08-19T08:19:57.797Z] [LOG] [InstanceLoader] ConfigHostModule dependencies initialized
[2026-08-19T08:19:57.797Z] [LOG] [InstanceLoader] ConfigModule dependencies initialized
[2026-08-19T08:19:57.797Z] [LOG] [InstanceLoader] TokenModule dependencies initialized
[2026-08-19T08:19:57.797Z] [LOG] [InstanceLoader] ConfigModule dependencies initialized
[2026-08-19T08:19:57.797Z] [LOG] [InstanceLoader] JwtModule dependencies initialized
[2026-08-19T08:19:57.797Z] [LOG] [InstanceLoader] AppModule dependencies initialized
[2026-08-19T08:19:57.797Z] [LOG] [InstanceLoader] RedisModule dependencies initialized
[2026-08-19T08:19:57.798Z] [LOG] [InstanceLoader] TypeOrmCoreModule dependencies initialized
[2026-08-19T08:19:57.798Z] [LOG] [InstanceLoader] TypeOrmModule dependencies initialized
[2026-08-19T08:19:57.798Z] [LOG] [InstanceLoader] AuthModule dependencies initialized
[2026-08-19T08:19:57.798Z] [LOG] [InstanceLoader] TypeOrmModule dependencies initialized
[2026-08-19T08:19:57.798Z] [LOG] [InstanceLoader] SupplierModule dependencies initialized
[2026-08-19T08:19:57.798Z] [LOG] [InstanceLoader] UserModule dependencies initialized
[2026-08-19T08:19:57.798Z] [LOG] [InstanceLoader] TypeOrmModule dependencies initialized
[2026-08-19T08:19:57.798Z] [LOG] [InstanceLoader] SupplierGroupModule dependencies initialized
[2026-08-19T08:19:57.799Z] [LOG] [RoutesResolver] UserController {/users}:
[2026-08-19T08:19:57.798Z] [LOG] [RouterExplorer] Mapped {/, GET} route
[2026-08-19T08:19:57.799Z] [LOG] [RouterExplorer] Mapped {/users, POST} route
[2026-08-19T08:19:57.799Z] [LOG] [RouterExplorer] Mapped {/users/:id, GET} route
[2026-08-19T08:19:57.798Z] [LOG] [RoutesResolver] AppController {/}:
[2026-08-19T08:19:57.799Z] [LOG] [RouterExplorer] Mapped {/users, GET} route
[2026-08-19T08:19:57.799Z] [LOG] [RouterExplorer] Mapped {/users/:id/status, PUT} route
[2026-08-19T08:19:57.799Z] [LOG] [RouterExplorer] Mapped {/auth/refresh, POST} route
[2026-08-19T08:19:57.799Z] [LOG] [RoutesResolver] AuthController {/auth}:
[2026-08-19T08:19:57.799Z] [LOG] [RouterExplorer] Mapped {/auth/logout, POST} route
[2026-08-19T08:19:57.799Z] [LOG] [RouterExplorer] Mapped {/auth/login, POST} route
[2026-08-19T08:19:57.800Z] [LOG] [RouterExplorer] Mapped {/suppliers, POST} route
[2026-08-19T08:19:57.799Z] [LOG] [RouterExplorer] Mapped {/auth/me, GET} route
[2026-08-19T08:19:57.799Z] [LOG] [RoutesResolver] SupplierController {/suppliers}:
[2026-08-19T08:19:57.800Z] [LOG] [RouterExplorer] Mapped {/suppliers/:id, GET} route
[2026-08-19T08:19:57.800Z] [LOG] [RoutesResolver] SupplierGroupController {/supplier-groups}:
[2026-08-19T08:19:57.800Z] [LOG] [RouterExplorer] Mapped {/supplier-groups, GET} route
[2026-08-19T08:19:57.800Z] [LOG] [RouterExplorer] Mapped {/supplier-groups, POST} route
[2026-08-19T08:19:57.800Z] [LOG] [RouterExplorer] Mapped {/suppliers, GET} route
[2026-08-19T08:19:57.800Z] [LOG] [RouterExplorer] Mapped {/supplier-groups/:id, GET} route
[2026-08-19T08:19:57.800Z] [LOG] [RouterExplorer] Mapped {/supplier-groups/:id/status, PUT} route
[2026-08-19T08:19:57.800Z] [LOG] [RouterExplorer] Mapped {/supplier-groups/:id/assign-suppliers, POST} route
[2026-08-19T08:19:57.801Z] [LOG] [NestApplication] Nest application successfully started
[2026-08-19T08:19:57.800Z] [LOG] [RouterExplorer] Mapped {/supplier-groups/:id, PUT} route
[2026-08-19T08:20:03.862Z] [LOG] [NestFactory] Starting Nest application...
[2026-08-19T08:20:03.863Z] [LOG] [InstanceLoader] AppModule dependencies initialized
[2026-08-19T08:20:03.862Z] [LOG] [InstanceLoader] TypeOrmModule dependencies initialized
[2026-08-19T08:20:03.863Z] [LOG] [InstanceLoader] ConfigHostModule dependencies initialized
[2026-08-19T08:20:03.863Z] [LOG] [InstanceLoader] ConfigModule dependencies initialized
[2026-08-19T08:20:03.863Z] [LOG] [InstanceLoader] ConfigModule dependencies initialized
[2026-08-19T08:20:03.862Z] [LOG] [InstanceLoader] TokenModule dependencies initialized
[2026-08-19T08:20:03.863Z] [LOG] [InstanceLoader] TypeOrmCoreModule dependencies initialized
[2026-08-19T08:20:03.863Z] [LOG] [InstanceLoader] JwtModule dependencies initialized
[2026-08-19T08:20:03.863Z] [LOG] [InstanceLoader] RedisModule dependencies initialized
[2026-08-19T08:20:03.864Z] [LOG] [InstanceLoader] TypeOrmModule dependencies initialized
[2026-08-19T08:20:03.864Z] [LOG] [InstanceLoader] AuthModule dependencies initialized
[2026-08-19T08:20:03.864Z] [LOG] [InstanceLoader] TypeOrmModule dependencies initialized
[2026-08-19T08:20:03.864Z] [LOG] [InstanceLoader] SupplierModule dependencies initialized
[2026-08-19T08:20:03.864Z] [LOG] [InstanceLoader] TypeOrmModule dependencies initialized
[2026-08-19T08:20:03.864Z] [LOG] [InstanceLoader] SupplierGroupModule dependencies initialized
[2026-08-19T08:20:03.864Z] [LOG] [RouterExplorer] Mapped {/, GET} route
[2026-08-19T08:20:03.864Z] [LOG] [InstanceLoader] UserModule dependencies initialized
[2026-08-19T08:20:03.865Z] [LOG] [RouterExplorer] Mapped {/users, POST} route
[2026-08-19T08:20:03.864Z] [LOG] [RoutesResolver] UserController {/users}:
[2026-08-19T08:20:03.865Z] [LOG] [RouterExplorer] Mapped {/users, GET} route
[2026-08-19T08:20:03.865Z] [LOG] [RouterExplorer] Mapped {/users/:id, GET} route
[2026-08-19T08:20:03.865Z] [LOG] [RouterExplorer] Mapped {/users/:id/status, PUT} route
[2026-08-19T08:20:03.865Z] [LOG] [RouterExplorer] Mapped {/auth/login, POST} route
[2026-08-19T08:20:03.865Z] [LOG] [RoutesResolver] AuthController {/auth}:
[2026-08-19T08:20:03.865Z] [LOG] [RouterExplorer] Mapped {/auth/refresh, POST} route
[2026-08-19T08:20:03.865Z] [LOG] [RouterExplorer] Mapped {/auth/me, GET} route
[2026-08-19T08:20:03.865Z] [LOG] [RouterExplorer] Mapped {/auth/logout, POST} route
[2026-08-19T08:20:03.864Z] [LOG] [RoutesResolver] AppController {/}:
[2026-08-19T08:20:03.866Z] [LOG] [RouterExplorer] Mapped {/suppliers, POST} route
[2026-08-19T08:20:03.865Z] [LOG] [RoutesResolver] SupplierController {/suppliers}:
[2026-08-19T08:20:03.866Z] [LOG] [RouterExplorer] Mapped {/suppliers/:id, GET} route
[2026-08-19T08:20:03.866Z] [LOG] [RoutesResolver] SupplierGroupController {/supplier-groups}:
[2026-08-19T08:20:03.866Z] [LOG] [RouterExplorer] Mapped {/supplier-groups, POST} route
[2026-08-19T08:20:03.866Z] [LOG] [RouterExplorer] Mapped {/supplier-groups/:id, GET} route
[2026-08-19T08:20:03.866Z] [LOG] [RouterExplorer] Mapped {/suppliers, GET} route
[2026-08-19T08:20:03.866Z] [LOG] [RouterExplorer] Mapped {/supplier-groups, GET} route
[2026-08-19T08:20:03.866Z] [LOG] [RouterExplorer] Mapped {/supplier-groups/:id/status, PUT} route
[2026-08-19T08:20:03.866Z] [LOG] [RouterExplorer] Mapped {/supplier-groups/:id/assign-suppliers, POST} route
[2026-08-19T08:20:03.866Z] [LOG] [RouterExplorer] Mapped {/supplier-groups/:id, PUT} route
[2026-08-19T08:20:03.866Z] [LOG] [NestApplication] Nest application successfully started
[2026-08-19T08:22:16.397Z] [LOG] [NestFactory] Starting Nest application...
[2026-08-19T08:22:16.397Z] [LOG] [InstanceLoader] TypeOrmModule dependencies initialized
[2026-08-19T08:22:16.397Z] [LOG] [InstanceLoader] TokenModule dependencies initialized
[2026-08-19T08:22:16.398Z] [LOG] [InstanceLoader] AppModule dependencies initialized
[2026-08-19T08:22:16.398Z] [LOG] [InstanceLoader] RedisModule dependencies initialized
[2026-08-19T08:22:16.398Z] [LOG] [InstanceLoader] ConfigHostModule dependencies initialized
[2026-08-19T08:22:16.398Z] [LOG] [InstanceLoader] ConfigModule dependencies initialized
[2026-08-19T08:22:16.398Z] [LOG] [InstanceLoader] TypeOrmCoreModule dependencies initialized
[2026-08-19T08:22:16.399Z] [LOG] [InstanceLoader] TypeOrmModule dependencies initialized
[2026-08-19T08:22:16.398Z] [LOG] [InstanceLoader] ConfigModule dependencies initialized
[2026-08-19T08:22:16.399Z] [LOG] [InstanceLoader] TypeOrmModule dependencies initialized
[2026-08-19T08:22:16.398Z] [LOG] [InstanceLoader] JwtModule dependencies initialized
[2026-08-19T08:22:16.399Z] [LOG] [InstanceLoader] TypeOrmModule dependencies initialized
[2026-08-19T08:22:16.399Z] [LOG] [InstanceLoader] AuthModule dependencies initialized
[2026-08-19T08:22:16.399Z] [LOG] [InstanceLoader] SupplierModule dependencies initialized
[2026-08-19T08:22:16.399Z] [LOG] [RoutesResolver] AppController {/}:
[2026-08-19T08:22:16.399Z] [LOG] [InstanceLoader] UserModule dependencies initialized
[2026-08-19T08:22:16.399Z] [LOG] [RoutesResolver] UserController {/users}:
[2026-08-19T08:22:16.399Z] [LOG] [InstanceLoader] SupplierGroupModule dependencies initialized
[2026-08-19T08:22:16.400Z] [LOG] [RouterExplorer] Mapped {/users, POST} route
[2026-08-19T08:22:16.400Z] [LOG] [RouterExplorer] Mapped {/users, GET} route
[2026-08-19T08:22:16.399Z] [LOG] [RouterExplorer] Mapped {/, GET} route
[2026-08-19T08:22:16.400Z] [LOG] [RouterExplorer] Mapped {/users/:id, GET} route
[2026-08-19T08:22:16.400Z] [LOG] [RouterExplorer] Mapped {/auth/login, POST} route
[2026-08-19T08:22:16.400Z] [LOG] [RouterExplorer] Mapped {/users/:id/status, PUT} route
[2026-08-19T08:22:16.400Z] [LOG] [RouterExplorer] Mapped {/auth/logout, POST} route
[2026-08-19T08:22:16.400Z] [LOG] [RouterExplorer] Mapped {/auth/refresh, POST} route
[2026-08-19T08:22:16.400Z] [LOG] [RoutesResolver] AuthController {/auth}:
[2026-08-19T08:22:16.400Z] [LOG] [RouterExplorer] Mapped {/auth/me, GET} route
[2026-08-19T08:22:16.401Z] [LOG] [RoutesResolver] SupplierController {/suppliers}:
[2026-08-19T08:22:16.401Z] [LOG] [RouterExplorer] Mapped {/suppliers/:id, GET} route
[2026-08-19T08:22:16.401Z] [LOG] [RouterExplorer] Mapped {/suppliers, POST} route
[2026-08-19T08:22:16.401Z] [LOG] [RouterExplorer] Mapped {/supplier-groups, POST} route
[2026-08-19T08:22:16.401Z] [LOG] [RoutesResolver] SupplierGroupController {/supplier-groups}:
[2026-08-19T08:22:16.401Z] [LOG] [RouterExplorer] Mapped {/suppliers, GET} route
[2026-08-19T08:22:16.401Z] [LOG] [RouterExplorer] Mapped {/supplier-groups, GET} route
[2026-08-19T08:22:16.401Z] [LOG] [RouterExplorer] Mapped {/supplier-groups/:id, PUT} route
[2026-08-19T08:22:16.401Z] [LOG] [RouterExplorer] Mapped {/supplier-groups/:id/status, PUT} route
[2026-08-19T08:22:16.401Z] [LOG] [RouterExplorer] Mapped {/supplier-groups/:id/assign-suppliers, POST} route
[2026-08-19T08:22:16.401Z] [LOG] [RouterExplorer] Mapped {/supplier-groups/:id, GET} route
[2026-08-19T08:22:16.402Z] [LOG] [NestApplication] Nest application successfully started
[2026-08-19T08:25:29.419Z] [LOG] [NestFactory] Starting Nest application...
[2026-08-19T08:25:29.419Z] [LOG] [InstanceLoader] TypeOrmModule dependencies initialized
[2026-08-19T08:25:29.419Z] [LOG] [InstanceLoader] TokenModule dependencies initialized
[2026-08-19T08:25:29.419Z] [LOG] [InstanceLoader] ConfigHostModule dependencies initialized
[2026-08-19T08:25:29.419Z] [LOG] [InstanceLoader] AppModule dependencies initialized
[2026-08-19T08:25:29.420Z] [LOG] [InstanceLoader] ConfigModule dependencies initialized
[2026-08-19T08:25:29.420Z] [LOG] [InstanceLoader] ConfigModule dependencies initialized
[2026-08-19T08:25:29.420Z] [LOG] [InstanceLoader] RedisModule dependencies initialized
[2026-08-19T08:25:29.420Z] [LOG] [InstanceLoader] JwtModule dependencies initialized
[2026-08-19T08:25:29.420Z] [LOG] [InstanceLoader] TypeOrmCoreModule dependencies initialized
[2026-08-19T08:25:29.420Z] [LOG] [InstanceLoader] TypeOrmModule dependencies initialized
[2026-08-19T08:25:29.420Z] [LOG] [InstanceLoader] TypeOrmModule dependencies initialized
[2026-08-19T08:25:29.421Z] [LOG] [InstanceLoader] TypeOrmModule dependencies initialized
[2026-08-19T08:25:29.421Z] [LOG] [InstanceLoader] AuthModule dependencies initialized
[2026-08-19T08:25:29.421Z] [LOG] [InstanceLoader] UserModule dependencies initialized
[2026-08-19T08:25:29.421Z] [LOG] [InstanceLoader] SupplierGroupModule dependencies initialized
[2026-08-19T08:25:29.421Z] [LOG] [RoutesResolver] AppController {/}:
[2026-08-19T08:25:29.421Z] [LOG] [InstanceLoader] SupplierModule dependencies initialized
[2026-08-19T08:25:29.421Z] [LOG] [RouterExplorer] Mapped {/, GET} route
[2026-08-19T08:25:29.421Z] [LOG] [RoutesResolver] UserController {/users}:
[2026-08-19T08:25:29.421Z] [LOG] [RouterExplorer] Mapped {/users, POST} route
[2026-08-19T08:25:29.421Z] [LOG] [RouterExplorer] Mapped {/users, GET} route
[2026-08-19T08:25:29.421Z] [LOG] [RouterExplorer] Mapped {/users/:id, GET} route
[2026-08-19T08:25:29.422Z] [LOG] [RouterExplorer] Mapped {/users/:id/status, PUT} route
[2026-08-19T08:25:29.422Z] [LOG] [RoutesResolver] AuthController {/auth}:
[2026-08-19T08:25:29.422Z] [LOG] [RouterExplorer] Mapped {/auth/login, POST} route
[2026-08-19T08:25:29.422Z] [LOG] [RouterExplorer] Mapped {/auth/refresh, POST} route
[2026-08-19T08:25:29.422Z] [LOG] [RouterExplorer] Mapped {/auth/logout, POST} route
[2026-08-19T08:25:29.422Z] [LOG] [RouterExplorer] Mapped {/auth/me, GET} route
[2026-08-19T08:25:29.422Z] [LOG] [RoutesResolver] SupplierController {/suppliers}:
[2026-08-19T08:25:29.422Z] [LOG] [RouterExplorer] Mapped {/suppliers, POST} route
[2026-08-19T08:25:29.422Z] [LOG] [RouterExplorer] Mapped {/suppliers, GET} route
[2026-08-19T08:25:29.422Z] [LOG] [RouterExplorer] Mapped {/suppliers/:id, GET} route
[2026-08-19T08:25:29.423Z] [LOG] [RouterExplorer] Mapped {/supplier-groups, POST} route
[2026-08-19T08:25:29.423Z] [LOG] [RouterExplorer] Mapped {/supplier-groups/:id, GET} route
[2026-08-19T08:25:29.423Z] [LOG] [RoutesResolver] SupplierGroupController {/supplier-groups}:
[2026-08-19T08:25:29.423Z] [LOG] [RouterExplorer] Mapped {/supplier-groups/:id, PUT} route
[2026-08-19T08:25:29.423Z] [LOG] [RouterExplorer] Mapped {/supplier-groups/:id/status, PUT} route
[2026-08-19T08:25:29.423Z] [LOG] [RouterExplorer] Mapped {/supplier-groups/:id/assign-suppliers, POST} route
[2026-08-19T08:25:29.423Z] [LOG] [NestApplication] Nest application successfully started
[2026-08-19T08:25:29.423Z] [LOG] [RouterExplorer] Mapped {/supplier-groups, GET} route
[2026-08-19T08:35:44.556Z] [LOG] [NestFactory] Starting Nest application...
[2026-08-19T08:35:44.556Z] [LOG] [InstanceLoader] TypeOrmModule dependencies initialized
[2026-08-19T08:35:44.556Z] [LOG] [InstanceLoader] TokenModule dependencies initialized
[2026-08-19T08:35:44.556Z] [LOG] [InstanceLoader] AppModule dependencies initialized
[2026-08-19T08:35:44.557Z] [LOG] [InstanceLoader] RedisModule dependencies initialized
[2026-08-19T08:35:44.556Z] [LOG] [InstanceLoader] ConfigHostModule dependencies initialized
[2026-08-19T08:35:44.557Z] [LOG] [InstanceLoader] ConfigModule dependencies initialized
[2026-08-19T08:35:44.557Z] [LOG] [InstanceLoader] TypeOrmCoreModule dependencies initialized
[2026-08-19T08:35:44.557Z] [LOG] [InstanceLoader] JwtModule dependencies initialized
[2026-08-19T08:35:44.557Z] [LOG] [InstanceLoader] ConfigModule dependencies initialized
[2026-08-19T08:35:44.557Z] [LOG] [InstanceLoader] TypeOrmModule dependencies initialized
[2026-08-19T08:35:44.557Z] [LOG] [InstanceLoader] AuthModule dependencies initialized
[2026-08-19T08:35:44.557Z] [LOG] [InstanceLoader] TypeOrmModule dependencies initialized
[2026-08-19T08:35:44.558Z] [LOG] [InstanceLoader] SupplierModule dependencies initialized
[2026-08-19T08:35:44.557Z] [LOG] [InstanceLoader] TypeOrmModule dependencies initialized
[2026-08-19T08:35:44.558Z] [LOG] [InstanceLoader] SupplierGroupModule dependencies initialized
[2026-08-19T08:35:44.558Z] [LOG] [RoutesResolver] AppController {/}:
[2026-08-19T08:35:44.557Z] [LOG] [InstanceLoader] UserModule dependencies initialized
[2026-08-19T08:35:44.558Z] [LOG] [RouterExplorer] Mapped {/users, POST} route
[2026-08-19T08:35:44.558Z] [LOG] [RouterExplorer] Mapped {/, GET} route
[2026-08-19T08:35:44.558Z] [LOG] [RoutesResolver] UserController {/users}:
[2026-08-19T08:35:44.558Z] [LOG] [RouterExplorer] Mapped {/users/:id, GET} route
[2026-08-19T08:35:44.558Z] [LOG] [RouterExplorer] Mapped {/users/:id/status, PUT} route
[2026-08-19T08:35:44.558Z] [LOG] [RouterExplorer] Mapped {/users, GET} route
[2026-08-19T08:35:44.558Z] [LOG] [RoutesResolver] AuthController {/auth}:
[2026-08-19T08:35:44.558Z] [LOG] [RouterExplorer] Mapped {/auth/login, POST} route
[2026-08-19T08:35:44.558Z] [LOG] [RouterExplorer] Mapped {/auth/logout, POST} route
[2026-08-19T08:35:44.558Z] [LOG] [RouterExplorer] Mapped {/auth/refresh, POST} route
[2026-08-19T08:35:44.559Z] [LOG] [RoutesResolver] SupplierController {/suppliers}:
[2026-08-19T08:35:44.559Z] [LOG] [RouterExplorer] Mapped {/suppliers, POST} route
[2026-08-19T08:35:44.559Z] [LOG] [RouterExplorer] Mapped {/suppliers, GET} route
[2026-08-19T08:35:44.559Z] [LOG] [RouterExplorer] Mapped {/suppliers/:id, GET} route
[2026-08-19T08:35:44.559Z] [LOG] [RouterExplorer] Mapped {/supplier-groups, POST} route
[2026-08-19T08:35:44.559Z] [LOG] [RoutesResolver] SupplierGroupController {/supplier-groups}:
[2026-08-19T08:35:44.559Z] [LOG] [RouterExplorer] Mapped {/supplier-groups, GET} route
[2026-08-19T08:35:44.559Z] [LOG] [RouterExplorer] Mapped {/supplier-groups/:id, GET} route
[2026-08-19T08:35:44.559Z] [LOG] [RouterExplorer] Mapped {/supplier-groups/:id/status, PUT} route
[2026-08-19T08:35:44.560Z] [LOG] [RouterExplorer] Mapped {/supplier-groups/:id/assign-suppliers, POST} route
[2026-08-19T08:35:44.560Z] [LOG] [NestApplication] Nest application successfully started
[2026-08-19T08:35:44.559Z] [LOG] [RouterExplorer] Mapped {/supplier-groups/:id, PUT} route
[2026-08-19T08:35:44.558Z] [LOG] [RouterExplorer] Mapped {/auth/me, GET} route
[2026-08-19T08:35:47.848Z] [LOG] [NestFactory] Starting Nest application...
[2026-08-19T08:35:47.849Z] [LOG] [InstanceLoader] TypeOrmModule dependencies initialized
[2026-08-19T08:35:47.849Z] [LOG] [InstanceLoader] TokenModule dependencies initialized
[2026-08-19T08:35:47.849Z] [LOG] [InstanceLoader] AppModule dependencies initialized
[2026-08-19T08:35:47.849Z] [LOG] [InstanceLoader] ConfigHostModule dependencies initialized
[2026-08-19T08:35:47.849Z] [LOG] [InstanceLoader] RedisModule dependencies initialized
[2026-08-19T08:35:47.849Z] [LOG] [InstanceLoader] ConfigModule dependencies initialized
[2026-08-19T08:35:47.850Z] [LOG] [InstanceLoader] TypeOrmCoreModule dependencies initialized
[2026-08-19T08:35:47.849Z] [LOG] [InstanceLoader] JwtModule dependencies initialized
[2026-08-19T08:35:47.850Z] [LOG] [InstanceLoader] TypeOrmModule dependencies initialized
[2026-08-19T08:35:47.850Z] [LOG] [InstanceLoader] TypeOrmModule dependencies initialized
[2026-08-19T08:35:47.850Z] [LOG] [InstanceLoader] TypeOrmModule dependencies initialized
[2026-08-19T08:35:47.849Z] [LOG] [InstanceLoader] ConfigModule dependencies initialized
[2026-08-19T08:35:47.850Z] [LOG] [InstanceLoader] UserModule dependencies initialized
[2026-08-19T08:35:47.850Z] [LOG] [InstanceLoader] SupplierModule dependencies initialized
[2026-08-19T08:35:47.850Z] [LOG] [InstanceLoader] SupplierGroupModule dependencies initialized
[2026-08-19T08:35:47.850Z] [LOG] [RouterExplorer] Mapped {/, GET} route
[2026-08-19T08:35:47.850Z] [LOG] [RoutesResolver] UserController {/users}:
[2026-08-19T08:35:47.850Z] [LOG] [InstanceLoader] AuthModule dependencies initialized
[2026-08-19T08:35:47.851Z] [LOG] [RouterExplorer] Mapped {/users, GET} route
[2026-08-19T08:35:47.850Z] [LOG] [RouterExplorer] Mapped {/users, POST} route
[2026-08-19T08:35:47.851Z] [LOG] [RouterExplorer] Mapped {/users/:id, GET} route
[2026-08-19T08:35:47.851Z] [LOG] [RouterExplorer] Mapped {/users/:id/status, PUT} route
[2026-08-19T08:35:47.851Z] [LOG] [RouterExplorer] Mapped {/auth/login, POST} route
[2026-08-19T08:35:47.850Z] [LOG] [RoutesResolver] AppController {/}:
[2026-08-19T08:35:47.851Z] [LOG] [RoutesResolver] AuthController {/auth}:
[2026-08-19T08:35:47.851Z] [LOG] [RouterExplorer] Mapped {/auth/logout, POST} route
[2026-08-19T08:35:47.851Z] [LOG] [RoutesResolver] SupplierController {/suppliers}:
[2026-08-19T08:35:47.851Z] [LOG] [RouterExplorer] Mapped {/auth/refresh, POST} route
[2026-08-19T08:35:47.851Z] [LOG] [RouterExplorer] Mapped {/suppliers, POST} route
[2026-08-19T08:35:47.851Z] [LOG] [RouterExplorer] Mapped {/suppliers/:id, GET} route
[2026-08-19T08:35:47.851Z] [LOG] [RouterExplorer] Mapped {/auth/me, GET} route
[2026-08-19T08:35:47.851Z] [LOG] [RouterExplorer] Mapped {/suppliers, GET} route
[2026-08-19T08:35:47.851Z] [LOG] [RouterExplorer] Mapped {/supplier-groups, POST} route
[2026-08-19T08:35:47.852Z] [LOG] [RouterExplorer] Mapped {/supplier-groups/:id, GET} route
[2026-08-19T08:35:47.851Z] [LOG] [RoutesResolver] SupplierGroupController {/supplier-groups}:
[2026-08-19T08:35:47.852Z] [LOG] [RouterExplorer] Mapped {/supplier-groups/:id, PUT} route
[2026-08-19T08:35:47.852Z] [LOG] [RouterExplorer] Mapped {/supplier-groups/:id/status, PUT} route
[2026-08-19T08:35:47.852Z] [LOG] [RouterExplorer] Mapped {/supplier-groups/:id/assign-suppliers, POST} route
[2026-08-19T08:35:47.852Z] [LOG] [RouterExplorer] Mapped {/supplier-groups, GET} route
[2026-08-19T08:35:47.852Z] [LOG] [NestApplication] Nest application successfully started
[2026-08-19T08:37:54.990Z] [LOG] [NestFactory] Starting Nest application...
[2026-08-19T08:37:54.990Z] [LOG] [InstanceLoader] TypeOrmModule dependencies initialized
[2026-08-19T08:37:54.990Z] [LOG] [InstanceLoader] TokenModule dependencies initialized
[2026-08-19T08:37:54.991Z] [LOG] [InstanceLoader] AppModule dependencies initialized
[2026-08-19T08:37:54.991Z] [LOG] [InstanceLoader] ConfigHostModule dependencies initialized
[2026-08-19T08:37:54.991Z] [LOG] [InstanceLoader] RedisModule dependencies initialized
[2026-08-19T08:37:54.991Z] [LOG] [InstanceLoader] ConfigModule dependencies initialized
[2026-08-19T08:37:54.991Z] [LOG] [InstanceLoader] TypeOrmCoreModule dependencies initialized
[2026-08-19T08:37:54.991Z] [LOG] [InstanceLoader] ConfigModule dependencies initialized
[2026-08-19T08:37:54.991Z] [LOG] [InstanceLoader] TypeOrmModule dependencies initialized
[2026-08-19T08:37:54.992Z] [LOG] [InstanceLoader] TypeOrmModule dependencies initialized
[2026-08-19T08:37:54.992Z] [LOG] [InstanceLoader] AuthModule dependencies initialized
[2026-08-19T08:37:54.992Z] [LOG] [InstanceLoader] TypeOrmModule dependencies initialized
[2026-08-19T08:37:54.992Z] [LOG] [InstanceLoader] SupplierModule dependencies initialized
[2026-08-19T08:37:54.992Z] [LOG] [InstanceLoader] SupplierGroupModule dependencies initialized
[2026-08-19T08:37:54.992Z] [LOG] [InstanceLoader] UserModule dependencies initialized
[2026-08-19T08:37:54.992Z] [LOG] [RouterExplorer] Mapped {/, GET} route
[2026-08-19T08:37:54.991Z] [LOG] [InstanceLoader] JwtModule dependencies initialized
[2026-08-19T08:37:54.992Z] [LOG] [RoutesResolver] AppController {/}:
[2026-08-19T08:37:54.993Z] [LOG] [RouterExplorer] Mapped {/users, POST} route
[2026-08-19T08:37:54.993Z] [LOG] [RouterExplorer] Mapped {/users/:id, GET} route
[2026-08-19T08:37:54.993Z] [LOG] [RouterExplorer] Mapped {/users/:id/status, PUT} route
[2026-08-19T08:37:54.993Z] [LOG] [RouterExplorer] Mapped {/users, GET} route
[2026-08-19T08:37:54.993Z] [LOG] [RoutesResolver] AuthController {/auth}:
[2026-08-19T08:37:54.992Z] [LOG] [RoutesResolver] UserController {/users}:
[2026-08-19T08:37:54.993Z] [LOG] [RouterExplorer] Mapped {/auth/refresh, POST} route
[2026-08-19T08:37:54.993Z] [LOG] [RouterExplorer] Mapped {/auth/logout, POST} route
[2026-08-19T08:37:54.993Z] [LOG] [RouterExplorer] Mapped {/auth/me, GET} route
[2026-08-19T08:37:54.993Z] [LOG] [RouterExplorer] Mapped {/auth/login, POST} route
[2026-08-19T08:37:54.993Z] [LOG] [RouterExplorer] Mapped {/suppliers, POST} route
[2026-08-19T08:37:54.993Z] [LOG] [RoutesResolver] SupplierController {/suppliers}:
[2026-08-19T08:37:54.994Z] [LOG] [RouterExplorer] Mapped {/suppliers/:id, GET} route
[2026-08-19T08:37:54.994Z] [LOG] [RoutesResolver] SupplierGroupController {/supplier-groups}:
[2026-08-19T08:37:54.994Z] [LOG] [RouterExplorer] Mapped {/supplier-groups, GET} route
[2026-08-19T08:37:54.994Z] [LOG] [RouterExplorer] Mapped {/supplier-groups, POST} route
[2026-08-19T08:37:54.994Z] [LOG] [RouterExplorer] Mapped {/supplier-groups/:id, GET} route
[2026-08-19T08:37:54.994Z] [LOG] [RouterExplorer] Mapped {/supplier-groups/:id, PUT} route
[2026-08-19T08:37:54.994Z] [LOG] [RouterExplorer] Mapped {/supplier-groups/:id/status, PUT} route
[2026-08-19T08:37:54.994Z] [LOG] [RouterExplorer] Mapped {/supplier-groups/:id/assign-suppliers, POST} route
[2026-08-19T08:37:54.994Z] [LOG] [NestApplication] Nest application successfully started
[2026-08-19T08:37:54.993Z] [LOG] [RouterExplorer] Mapped {/suppliers, GET} route
[2026-08-19T08:38:04.402Z] [LOG] [NestFactory] Starting Nest application...
[2026-08-19T08:38:04.403Z] [LOG] [InstanceLoader] TypeOrmModule dependencies initialized
[2026-08-19T08:38:04.403Z] [LOG] [InstanceLoader] ConfigHostModule dependencies initialized
[2026-08-19T08:38:04.403Z] [LOG] [InstanceLoader] ConfigModule dependencies initialized
[2026-08-19T08:38:04.404Z] [LOG] [InstanceLoader] ConfigModule dependencies initialized
[2026-08-19T08:38:04.403Z] [LOG] [InstanceLoader] TokenModule dependencies initialized
[2026-08-19T08:38:04.404Z] [LOG] [InstanceLoader] JwtModule dependencies initialized
[2026-08-19T08:38:04.404Z] [LOG] [InstanceLoader] RedisModule dependencies initialized
[2026-08-19T08:38:04.404Z] [LOG] [InstanceLoader] TypeOrmModule dependencies initialized
[2026-08-19T08:38:04.404Z] [LOG] [InstanceLoader] TypeOrmCoreModule dependencies initialized
[2026-08-19T08:38:04.404Z] [LOG] [InstanceLoader] TypeOrmModule dependencies initialized
[2026-08-19T08:38:04.403Z] [LOG] [InstanceLoader] AppModule dependencies initialized
[2026-08-19T08:38:04.405Z] [LOG] [InstanceLoader] AuthModule dependencies initialized
[2026-08-19T08:38:04.404Z] [LOG] [InstanceLoader] TypeOrmModule dependencies initialized
[2026-08-19T08:38:04.405Z] [LOG] [InstanceLoader] SupplierModule dependencies initialized
[2026-08-19T08:38:04.405Z] [LOG] [InstanceLoader] SupplierGroupModule dependencies initialized
[2026-08-19T08:38:04.405Z] [LOG] [InstanceLoader] UserModule dependencies initialized
[2026-08-19T08:38:04.405Z] [LOG] [RoutesResolver] AppController {/}:
[2026-08-19T08:38:04.405Z] [LOG] [RoutesResolver] UserController {/users}:
[2026-08-19T08:38:04.405Z] [LOG] [RouterExplorer] Mapped {/, GET} route
[2026-08-19T08:38:04.405Z] [LOG] [RouterExplorer] Mapped {/users, POST} route
[2026-08-19T08:38:04.405Z] [LOG] [RouterExplorer] Mapped {/users/:id, GET} route
[2026-08-19T08:38:04.405Z] [LOG] [RouterExplorer] Mapped {/users/:id/status, PUT} route
[2026-08-19T08:38:04.406Z] [LOG] [RouterExplorer] Mapped {/auth/login, POST} route
[2026-08-19T08:38:04.405Z] [LOG] [RoutesResolver] AuthController {/auth}:
[2026-08-19T08:38:04.405Z] [LOG] [RouterExplorer] Mapped {/users, GET} route
[2026-08-19T08:38:04.406Z] [LOG] [RouterExplorer] Mapped {/auth/logout, POST} route
[2026-08-19T08:38:04.406Z] [LOG] [RouterExplorer] Mapped {/auth/refresh, POST} route
[2026-08-19T08:38:04.406Z] [LOG] [RouterExplorer] Mapped {/suppliers, POST} route
[2026-08-19T08:38:04.406Z] [LOG] [RoutesResolver] SupplierController {/suppliers}:
[2026-08-19T08:38:04.406Z] [LOG] [RouterExplorer] Mapped {/suppliers/:id, GET} route
[2026-08-19T08:38:04.406Z] [LOG] [RouterExplorer] Mapped {/suppliers, GET} route
[2026-08-19T08:38:04.406Z] [LOG] [RouterExplorer] Mapped {/auth/me, GET} route
[2026-08-19T08:38:04.406Z] [LOG] [RouterExplorer] Mapped {/supplier-groups, GET} route
[2026-08-19T08:38:04.406Z] [LOG] [RouterExplorer] Mapped {/supplier-groups, POST} route
[2026-08-19T08:38:04.406Z] [LOG] [RouterExplorer] Mapped {/supplier-groups/:id, GET} route
[2026-08-19T08:38:04.406Z] [LOG] [RoutesResolver] SupplierGroupController {/supplier-groups}:
[2026-08-19T08:38:04.407Z] [LOG] [RouterExplorer] Mapped {/supplier-groups/:id/status, PUT} route
[2026-08-19T08:38:04.407Z] [LOG] [NestApplication] Nest application successfully started
[2026-08-19T08:38:04.407Z] [LOG] [RouterExplorer] Mapped {/supplier-groups/:id/assign-suppliers, POST} route
[2026-08-19T08:38:04.406Z] [LOG] [RouterExplorer] Mapped {/supplier-groups/:id, PUT} route
[2026-08-19T08:38:40.537Z] [LOG] [NestFactory] Starting Nest application...
[2026-08-19T08:38:40.538Z] [LOG] [InstanceLoader] TypeOrmModule dependencies initialized
[2026-08-19T08:38:40.538Z] [LOG] [InstanceLoader] TokenModule dependencies initialized
[2026-08-19T08:38:40.538Z] [LOG] [InstanceLoader] AppModule dependencies initialized
[2026-08-19T08:38:40.539Z] [LOG] [InstanceLoader] ConfigModule dependencies initialized
[2026-08-19T08:38:40.538Z] [LOG] [InstanceLoader] ConfigHostModule dependencies initialized
[2026-08-19T08:38:40.539Z] [LOG] [InstanceLoader] ConfigModule dependencies initialized
[2026-08-19T08:38:40.539Z] [LOG] [InstanceLoader] RedisModule dependencies initialized
[2026-08-19T08:38:40.539Z] [LOG] [InstanceLoader] TypeOrmCoreModule dependencies initialized
[2026-08-19T08:38:40.539Z] [LOG] [InstanceLoader] TypeOrmModule dependencies initialized
[2026-08-19T08:38:40.539Z] [LOG] [InstanceLoader] TypeOrmModule dependencies initialized
[2026-08-19T08:38:40.539Z] [LOG] [InstanceLoader] TypeOrmModule dependencies initialized
[2026-08-19T08:38:40.539Z] [LOG] [InstanceLoader] AuthModule dependencies initialized
[2026-08-19T08:38:40.539Z] [LOG] [InstanceLoader] JwtModule dependencies initialized
[2026-08-19T08:38:40.539Z] [LOG] [InstanceLoader] SupplierModule dependencies initialized
[2026-08-19T08:38:40.540Z] [LOG] [RoutesResolver] AppController {/}:
[2026-08-19T08:38:40.540Z] [LOG] [InstanceLoader] SupplierGroupModule dependencies initialized
[2026-08-19T08:38:40.539Z] [LOG] [InstanceLoader] UserModule dependencies initialized
[2026-08-19T08:38:40.540Z] [LOG] [RouterExplorer] Mapped {/users, POST} route
[2026-08-19T08:38:40.540Z] [LOG] [RouterExplorer] Mapped {/, GET} route
[2026-08-19T08:38:40.540Z] [LOG] [RouterExplorer] Mapped {/users, GET} route
[2026-08-19T08:38:40.540Z] [LOG] [RouterExplorer] Mapped {/users/:id, GET} route
[2026-08-19T08:38:40.540Z] [LOG] [RouterExplorer] Mapped {/users/:id/status, PUT} route
[2026-08-19T08:38:40.540Z] [LOG] [RouterExplorer] Mapped {/auth/login, POST} route
[2026-08-19T08:38:40.540Z] [LOG] [RouterExplorer] Mapped {/auth/refresh, POST} route
[2026-08-19T08:38:40.540Z] [LOG] [RouterExplorer] Mapped {/auth/logout, POST} route
[2026-08-19T08:38:40.540Z] [LOG] [RoutesResolver] AuthController {/auth}:
[2026-08-19T08:38:40.540Z] [LOG] [RoutesResolver] UserController {/users}:
[2026-08-19T08:38:40.541Z] [LOG] [RouterExplorer] Mapped {/suppliers, POST} route
[2026-08-19T08:38:40.540Z] [LOG] [RoutesResolver] SupplierController {/suppliers}:
[2026-08-19T08:38:40.541Z] [LOG] [RouterExplorer] Mapped {/suppliers/:id, GET} route
[2026-08-19T08:38:40.541Z] [LOG] [RouterExplorer] Mapped {/suppliers, GET} route
[2026-08-19T08:38:40.541Z] [LOG] [RoutesResolver] SupplierGroupController {/supplier-groups}:
[2026-08-19T08:38:40.541Z] [LOG] [RouterExplorer] Mapped {/supplier-groups, POST} route
[2026-08-19T08:38:40.541Z] [LOG] [RouterExplorer] Mapped {/supplier-groups, GET} route
[2026-08-19T08:38:40.541Z] [LOG] [RouterExplorer] Mapped {/supplier-groups/:id, GET} route
[2026-08-19T08:38:40.541Z] [LOG] [RouterExplorer] Mapped {/supplier-groups/:id, PUT} route
[2026-08-19T08:38:40.541Z] [LOG] [RouterExplorer] Mapped {/supplier-groups/:id/status, PUT} route
[2026-08-19T08:38:40.541Z] [LOG] [RouterExplorer] Mapped {/supplier-groups/:id/assign-suppliers, POST} route
[2026-08-19T08:38:40.540Z] [LOG] [RouterExplorer] Mapped {/auth/me, GET} route
[2026-08-19T08:38:40.541Z] [LOG] [NestApplication] Nest application successfully started
[2026-08-19T08:40:18.591Z] [LOG] [NestFactory] Starting Nest application...
[2026-08-19T08:40:18.591Z] [LOG] [InstanceLoader] TypeOrmModule dependencies initialized
[2026-08-19T08:40:18.592Z] [LOG] [InstanceLoader] ConfigHostModule dependencies initialized
[2026-08-19T08:40:18.592Z] [LOG] [InstanceLoader] AppModule dependencies initialized
[2026-08-19T08:40:18.591Z] [LOG] [InstanceLoader] TokenModule dependencies initialized
[2026-08-19T08:40:18.592Z] [LOG] [InstanceLoader] ConfigModule dependencies initialized
[2026-08-19T08:40:18.592Z] [LOG] [InstanceLoader] JwtModule dependencies initialized
[2026-08-19T08:40:18.592Z] [LOG] [InstanceLoader] ConfigModule dependencies initialized
[2026-08-19T08:40:18.592Z] [LOG] [InstanceLoader] TypeOrmCoreModule dependencies initialized
[2026-08-19T08:40:18.593Z] [LOG] [InstanceLoader] TypeOrmModule dependencies initialized
[2026-08-19T08:40:18.593Z] [LOG] [InstanceLoader] TypeOrmModule dependencies initialized
[2026-08-19T08:40:18.592Z] [LOG] [InstanceLoader] RedisModule dependencies initialized
[2026-08-19T08:40:18.593Z] [LOG] [InstanceLoader] TypeOrmModule dependencies initialized
[2026-08-19T08:40:18.593Z] [LOG] [InstanceLoader] SupplierModule dependencies initialized
[2026-08-19T08:40:18.593Z] [LOG] [InstanceLoader] AuthModule dependencies initialized
[2026-08-19T08:40:18.593Z] [LOG] [InstanceLoader] SupplierGroupModule dependencies initialized
[2026-08-19T08:40:18.593Z] [LOG] [RouterExplorer] Mapped {/, GET} route
[2026-08-19T08:40:18.593Z] [LOG] [InstanceLoader] UserModule dependencies initialized
[2026-08-19T08:40:18.594Z] [LOG] [RouterExplorer] Mapped {/users, POST} route
[2026-08-19T08:40:18.594Z] [LOG] [RoutesResolver] UserController {/users}:
[2026-08-19T08:40:18.594Z] [LOG] [RouterExplorer] Mapped {/users, GET} route
[2026-08-19T08:40:18.594Z] [LOG] [RouterExplorer] Mapped {/users/:id, GET} route
[2026-08-19T08:40:18.594Z] [LOG] [RouterExplorer] Mapped {/users/:id/status, PUT} route
[2026-08-19T08:40:18.593Z] [LOG] [RoutesResolver] AppController {/}:
[2026-08-19T08:40:18.594Z] [LOG] [RoutesResolver] AuthController {/auth}:
[2026-08-19T08:40:18.594Z] [LOG] [RouterExplorer] Mapped {/auth/login, POST} route
[2026-08-19T08:40:18.594Z] [LOG] [RouterExplorer] Mapped {/auth/me, GET} route
[2026-08-19T08:40:18.594Z] [LOG] [RouterExplorer] Mapped {/auth/logout, POST} route
[2026-08-19T08:40:18.594Z] [LOG] [RouterExplorer] Mapped {/auth/refresh, POST} route
[2026-08-19T08:40:18.594Z] [LOG] [RouterExplorer] Mapped {/suppliers, POST} route
[2026-08-19T08:40:18.594Z] [LOG] [RoutesResolver] SupplierController {/suppliers}:
[2026-08-19T08:40:18.594Z] [LOG] [RouterExplorer] Mapped {/suppliers/:id, GET} route
[2026-08-19T08:40:18.594Z] [LOG] [RoutesResolver] SupplierGroupController {/supplier-groups}:
[2026-08-19T08:40:18.595Z] [LOG] [RouterExplorer] Mapped {/supplier-groups, GET} route
[2026-08-19T08:40:18.595Z] [LOG] [RouterExplorer] Mapped {/supplier-groups, POST} route
[2026-08-19T08:40:18.595Z] [LOG] [RouterExplorer] Mapped {/supplier-groups/:id, GET} route
[2026-08-19T08:40:18.595Z] [LOG] [RouterExplorer] Mapped {/supplier-groups/:id/status, PUT} route
[2026-08-19T08:40:18.595Z] [LOG] [RouterExplorer] Mapped {/supplier-groups/:id, PUT} route
[2026-08-19T08:40:18.595Z] [LOG] [RouterExplorer] Mapped {/supplier-groups/:id/assign-suppliers, POST} route
[2026-08-19T08:40:18.595Z] [LOG] [NestApplication] Nest application successfully started
[2026-08-19T08:40:18.594Z] [LOG] [RouterExplorer] Mapped {/suppliers, GET} route
[2026-08-19T08:41:01.592Z] [LOG] [NestFactory] Starting Nest application...
[2026-08-19T08:41:01.592Z] [LOG] [InstanceLoader] TypeOrmModule dependencies initialized
[2026-08-19T08:41:01.593Z] [LOG] [InstanceLoader] ConfigHostModule dependencies initialized
[2026-08-19T08:41:01.592Z] [LOG] [InstanceLoader] TokenModule dependencies initialized
[2026-08-19T08:41:01.593Z] [LOG] [InstanceLoader] ConfigModule dependencies initialized
[2026-08-19T08:41:01.593Z] [LOG] [InstanceLoader] RedisModule dependencies initialized
[2026-08-19T08:41:01.593Z] [LOG] [InstanceLoader] ConfigModule dependencies initialized
[2026-08-19T08:41:01.594Z] [LOG] [InstanceLoader] TypeOrmCoreModule dependencies initialized
[2026-08-19T08:41:01.593Z] [LOG] [InstanceLoader] AppModule dependencies initialized
[2026-08-19T08:41:01.594Z] [LOG] [InstanceLoader] TypeOrmModule dependencies initialized
[2026-08-19T08:41:01.594Z] [LOG] [InstanceLoader] TypeOrmModule dependencies initialized
[2026-08-19T08:41:01.594Z] [LOG] [InstanceLoader] TypeOrmModule dependencies initialized
[2026-08-19T08:41:01.593Z] [LOG] [InstanceLoader] JwtModule dependencies initialized
[2026-08-19T08:41:01.594Z] [LOG] [InstanceLoader] UserModule dependencies initialized
[2026-08-19T08:41:01.594Z] [LOG] [InstanceLoader] SupplierModule dependencies initialized
[2026-08-19T08:41:01.594Z] [LOG] [InstanceLoader] SupplierGroupModule dependencies initialized
[2026-08-19T08:41:01.594Z] [LOG] [InstanceLoader] AuthModule dependencies initialized
[2026-08-19T08:41:01.594Z] [LOG] [RoutesResolver] AppController {/}:
[2026-08-19T08:41:01.594Z] [LOG] [RouterExplorer] Mapped {/, GET} route
[2026-08-19T08:41:01.595Z] [LOG] [RouterExplorer] Mapped {/users, POST} route
[2026-08-19T08:41:01.595Z] [LOG] [RouterExplorer] Mapped {/users/:id, GET} route
[2026-08-19T08:41:01.594Z] [LOG] [RoutesResolver] UserController {/users}:
[2026-08-19T08:41:01.595Z] [LOG] [RouterExplorer] Mapped {/users, GET} route
[2026-08-19T08:41:01.595Z] [LOG] [RouterExplorer] Mapped {/auth/login, POST} route
[2026-08-19T08:41:01.595Z] [LOG] [RouterExplorer] Mapped {/users/:id/status, PUT} route
[2026-08-19T08:41:01.595Z] [LOG] [RoutesResolver] AuthController {/auth}:
[2026-08-19T08:41:01.595Z] [LOG] [RouterExplorer] Mapped {/auth/logout, POST} route
[2026-08-19T08:41:01.595Z] [LOG] [RouterExplorer] Mapped {/auth/refresh, POST} route
[2026-08-19T08:41:01.596Z] [LOG] [RouterExplorer] Mapped {/suppliers, POST} route
[2026-08-19T08:41:01.595Z] [LOG] [RoutesResolver] SupplierController {/suppliers}:
[2026-08-19T08:41:01.595Z] [LOG] [RouterExplorer] Mapped {/auth/me, GET} route
[2026-08-19T08:41:01.596Z] [LOG] [RouterExplorer] Mapped {/suppliers, GET} route
[2026-08-19T08:41:01.596Z] [LOG] [RoutesResolver] SupplierGroupController {/supplier-groups}:
[2026-08-19T08:41:01.596Z] [LOG] [RouterExplorer] Mapped {/supplier-groups, GET} route
[2026-08-19T08:41:01.596Z] [LOG] [RouterExplorer] Mapped {/suppliers/:id, GET} route
[2026-08-19T08:41:01.596Z] [LOG] [RouterExplorer] Mapped {/supplier-groups, POST} route
[2026-08-19T08:41:01.596Z] [LOG] [RouterExplorer] Mapped {/supplier-groups/:id, GET} route
[2026-08-19T08:41:01.596Z] [LOG] [RouterExplorer] Mapped {/supplier-groups/:id/status, PUT} route
[2026-08-19T08:41:01.596Z] [LOG] [RouterExplorer] Mapped {/supplier-groups/:id/assign-suppliers, POST} route
[2026-08-19T08:41:01.596Z] [LOG] [NestApplication] Nest application successfully started
[2026-08-19T08:41:01.596Z] [LOG] [RouterExplorer] Mapped {/supplier-groups/:id, PUT} route
[2026-08-19T08:41:17.951Z] [LOG] [NestFactory] Starting Nest application...
[2026-08-19T08:41:17.951Z] [LOG] [InstanceLoader] TypeOrmModule dependencies initialized
[2026-08-19T08:41:17.952Z] [LOG] [InstanceLoader] TokenModule dependencies initialized
[2026-08-19T08:41:17.952Z] [LOG] [InstanceLoader] AppModule dependencies initialized
[2026-08-19T08:41:17.953Z] [LOG] [InstanceLoader] RedisModule dependencies initialized
[2026-08-19T08:41:17.952Z] [LOG] [InstanceLoader] ConfigHostModule dependencies initialized
[2026-08-19T08:41:17.952Z] [LOG] [InstanceLoader] ConfigModule dependencies initialized
[2026-08-19T08:41:17.953Z] [LOG] [InstanceLoader] TypeOrmCoreModule dependencies initialized
[2026-08-19T08:41:17.953Z] [LOG] [InstanceLoader] TypeOrmModule dependencies initialized
[2026-08-19T08:41:17.952Z] [LOG] [InstanceLoader] ConfigModule dependencies initialized
[2026-08-19T08:41:17.953Z] [LOG] [InstanceLoader] TypeOrmModule dependencies initialized
[2026-08-19T08:41:17.953Z] [LOG] [InstanceLoader] TypeOrmModule dependencies initialized
[2026-08-19T08:41:17.953Z] [LOG] [InstanceLoader] AuthModule dependencies initialized
[2026-08-19T08:41:17.954Z] [LOG] [InstanceLoader] SupplierModule dependencies initialized
[2026-08-19T08:41:17.954Z] [LOG] [InstanceLoader] SupplierGroupModule dependencies initialized
[2026-08-19T08:41:17.954Z] [LOG] [RoutesResolver] AppController {/}:
[2026-08-19T08:41:17.953Z] [LOG] [InstanceLoader] UserModule dependencies initialized
[2026-08-19T08:41:17.954Z] [LOG] [RouterExplorer] Mapped {/, GET} route
[2026-08-19T08:41:17.954Z] [LOG] [RoutesResolver] UserController {/users}:
[2026-08-19T08:41:17.953Z] [LOG] [InstanceLoader] JwtModule dependencies initialized
[2026-08-19T08:41:17.954Z] [LOG] [RouterExplorer] Mapped {/users, POST} route
[2026-08-19T08:41:17.954Z] [LOG] [RouterExplorer] Mapped {/users/:id, GET} route
[2026-08-19T08:41:17.954Z] [LOG] [RouterExplorer] Mapped {/users/:id/status, PUT} route
[2026-08-19T08:41:17.954Z] [LOG] [RouterExplorer] Mapped {/auth/login, POST} route
[2026-08-19T08:41:17.954Z] [LOG] [RouterExplorer] Mapped {/users, GET} route
[2026-08-19T08:41:17.954Z] [LOG] [RouterExplorer] Mapped {/auth/refresh, POST} route
[2026-08-19T08:41:17.954Z] [LOG] [RouterExplorer] Mapped {/auth/logout, POST} route
[2026-08-19T08:41:17.954Z] [LOG] [RoutesResolver] SupplierController {/suppliers}:
[2026-08-19T08:41:17.954Z] [LOG] [RoutesResolver] AuthController {/auth}:
[2026-08-19T08:41:17.954Z] [LOG] [RouterExplorer] Mapped {/auth/me, GET} route
[2026-08-19T08:41:17.955Z] [LOG] [RouterExplorer] Mapped {/suppliers, POST} route
[2026-08-19T08:41:17.955Z] [LOG] [RoutesResolver] SupplierGroupController {/supplier-groups}:
[2026-08-19T08:41:17.955Z] [LOG] [RouterExplorer] Mapped {/suppliers, GET} route
[2026-08-19T08:41:17.955Z] [LOG] [RouterExplorer] Mapped {/suppliers/:id, GET} route
[2026-08-19T08:41:17.955Z] [LOG] [RouterExplorer] Mapped {/supplier-groups, GET} route
[2026-08-19T08:41:17.955Z] [LOG] [RouterExplorer] Mapped {/supplier-groups/:id, GET} route
[2026-08-19T08:41:17.955Z] [LOG] [RouterExplorer] Mapped {/supplier-groups/:id/status, PUT} route
[2026-08-19T08:41:17.955Z] [LOG] [RouterExplorer] Mapped {/supplier-groups, POST} route
[2026-08-19T08:41:17.955Z] [LOG] [RouterExplorer] Mapped {/supplier-groups/:id, PUT} route
[2026-08-19T08:41:17.955Z] [LOG] [RouterExplorer] Mapped {/supplier-groups/:id/assign-suppliers, POST} route
[2026-08-19T08:41:17.955Z] [LOG] [NestApplication] Nest application successfully started
[2026-08-19T08:41:27.236Z] [LOG] [NestFactory] Starting Nest application...
[2026-08-19T08:41:27.236Z] [LOG] [InstanceLoader] TypeOrmModule dependencies initialized
[2026-08-19T08:41:27.236Z] [LOG] [InstanceLoader] ConfigHostModule dependencies initialized
[2026-08-19T08:41:27.236Z] [LOG] [InstanceLoader] TokenModule dependencies initialized
[2026-08-19T08:41:27.237Z] [LOG] [InstanceLoader] ConfigModule dependencies initialized
[2026-08-19T08:41:27.237Z] [LOG] [InstanceLoader] RedisModule dependencies initialized
[2026-08-19T08:41:27.237Z] [LOG] [InstanceLoader] ConfigModule dependencies initialized
[2026-08-19T08:41:27.237Z] [LOG] [InstanceLoader] TypeOrmCoreModule dependencies initialized
[2026-08-19T08:41:27.237Z] [LOG] [InstanceLoader] AppModule dependencies initialized
[2026-08-19T08:41:27.237Z] [LOG] [InstanceLoader] TypeOrmModule dependencies initialized
[2026-08-19T08:41:27.237Z] [LOG] [InstanceLoader] JwtModule dependencies initialized
[2026-08-19T08:41:27.238Z] [LOG] [InstanceLoader] TypeOrmModule dependencies initialized
[2026-08-19T08:41:27.237Z] [LOG] [InstanceLoader] TypeOrmModule dependencies initialized
[2026-08-19T08:41:27.238Z] [LOG] [InstanceLoader] SupplierModule dependencies initialized
[2026-08-19T08:41:27.238Z] [LOG] [InstanceLoader] SupplierGroupModule dependencies initialized
[2026-08-19T08:41:27.238Z] [LOG] [InstanceLoader] AuthModule dependencies initialized
[2026-08-19T08:41:27.238Z] [LOG] [RouterExplorer] Mapped {/, GET} route
[2026-08-19T08:41:27.238Z] [LOG] [InstanceLoader] UserModule dependencies initialized
[2026-08-19T08:41:27.238Z] [LOG] [RoutesResolver] UserController {/users}:
[2026-08-19T08:41:27.238Z] [LOG] [RouterExplorer] Mapped {/users, POST} route
[2026-08-19T08:41:27.238Z] [LOG] [RouterExplorer] Mapped {/users, GET} route
[2026-08-19T08:41:27.239Z] [LOG] [RouterExplorer] Mapped {/users/:id/status, PUT} route
[2026-08-19T08:41:27.238Z] [LOG] [RouterExplorer] Mapped {/users/:id, GET} route
[2026-08-19T08:41:27.238Z] [LOG] [RoutesResolver] AppController {/}:
[2026-08-19T08:41:27.239Z] [LOG] [RouterExplorer] Mapped {/auth/login, POST} route
[2026-08-19T08:41:27.239Z] [LOG] [RouterExplorer] Mapped {/auth/refresh, POST} route
[2026-08-19T08:41:27.239Z] [LOG] [RouterExplorer] Mapped {/auth/me, GET} route
[2026-08-19T08:41:27.239Z] [LOG] [RouterExplorer] Mapped {/auth/logout, POST} route
[2026-08-19T08:41:27.239Z] [LOG] [RoutesResolver] SupplierController {/suppliers}:
[2026-08-19T08:41:27.239Z] [LOG] [RouterExplorer] Mapped {/suppliers, GET} route
[2026-08-19T08:41:27.239Z] [LOG] [RouterExplorer] Mapped {/suppliers, POST} route
[2026-08-19T08:41:27.239Z] [LOG] [RoutesResolver] SupplierGroupController {/supplier-groups}:
[2026-08-19T08:41:27.239Z] [LOG] [RouterExplorer] Mapped {/suppliers/:id, GET} route
[2026-08-19T08:41:27.240Z] [LOG] [RouterExplorer] Mapped {/supplier-groups, POST} route
[2026-08-19T08:41:27.240Z] [LOG] [RouterExplorer] Mapped {/supplier-groups/:id, GET} route
[2026-08-19T08:41:27.240Z] [LOG] [RouterExplorer] Mapped {/supplier-groups, GET} route
[2026-08-19T08:41:27.240Z] [LOG] [RouterExplorer] Mapped {/supplier-groups/:id/status, PUT} route
[2026-08-19T08:41:27.239Z] [LOG] [RoutesResolver] AuthController {/auth}:
[2026-08-19T08:41:27.240Z] [LOG] [RouterExplorer] Mapped {/supplier-groups/:id/assign-suppliers, POST} route
[2026-08-19T08:41:27.240Z] [LOG] [NestApplication] Nest application successfully started
[2026-08-19T08:41:27.240Z] [LOG] [RouterExplorer] Mapped {/supplier-groups/:id, PUT} route
[2026-08-19T08:42:08.101Z] [LOG] [NestFactory] Starting Nest application...
[2026-08-19T08:42:08.101Z] [LOG] [InstanceLoader] TokenModule dependencies initialized
[2026-08-19T08:42:08.101Z] [LOG] [InstanceLoader] TypeOrmModule dependencies initialized
[2026-08-19T08:42:08.101Z] [LOG] [InstanceLoader] AppModule dependencies initialized
[2026-08-19T08:42:08.101Z] [LOG] [InstanceLoader] RedisModule dependencies initialized
[2026-08-19T08:42:08.101Z] [LOG] [InstanceLoader] ConfigHostModule dependencies initialized
[2026-08-19T08:42:08.102Z] [LOG] [InstanceLoader] JwtModule dependencies initialized
[2026-08-19T08:42:08.101Z] [LOG] [InstanceLoader] ConfigModule dependencies initialized
[2026-08-19T08:42:08.102Z] [LOG] [InstanceLoader] TypeOrmCoreModule dependencies initialized
[2026-08-19T08:42:08.102Z] [LOG] [InstanceLoader] TypeOrmModule dependencies initialized
[2026-08-19T08:42:08.102Z] [LOG] [InstanceLoader] TypeOrmModule dependencies initialized
[2026-08-19T08:42:08.102Z] [LOG] [InstanceLoader] TypeOrmModule dependencies initialized
[2026-08-19T08:42:08.102Z] [LOG] [InstanceLoader] AuthModule dependencies initialized
[2026-08-19T08:42:08.101Z] [LOG] [InstanceLoader] ConfigModule dependencies initialized
[2026-08-19T08:42:08.102Z] [LOG] [InstanceLoader] SupplierGroupModule dependencies initialized
[2026-08-19T08:42:08.102Z] [LOG] [InstanceLoader] UserModule dependencies initialized
[2026-08-19T08:42:08.102Z] [LOG] [RoutesResolver] AppController {/}:
[2026-08-19T08:42:08.102Z] [LOG] [InstanceLoader] SupplierModule dependencies initialized
[2026-08-19T08:42:08.102Z] [LOG] [RouterExplorer] Mapped {/, GET} route
[2026-08-19T08:42:08.102Z] [LOG] [RoutesResolver] UserController {/users}:
[2026-08-19T08:42:08.103Z] [LOG] [RouterExplorer] Mapped {/users, GET} route
[2026-08-19T08:42:08.103Z] [LOG] [RouterExplorer] Mapped {/users, POST} route
[2026-08-19T08:42:08.103Z] [LOG] [RouterExplorer] Mapped {/users/:id/status, PUT} route
[2026-08-19T08:42:08.103Z] [LOG] [RouterExplorer] Mapped {/auth/login, POST} route
[2026-08-19T08:42:08.103Z] [LOG] [RouterExplorer] Mapped {/users/:id, GET} route
[2026-08-19T08:42:08.103Z] [LOG] [RouterExplorer] Mapped {/auth/logout, POST} route
[2026-08-19T08:42:08.103Z] [LOG] [RouterExplorer] Mapped {/auth/refresh, POST} route
[2026-08-19T08:42:08.103Z] [LOG] [RoutesResolver] AuthController {/auth}:
[2026-08-19T08:42:08.103Z] [LOG] [RouterExplorer] Mapped {/auth/me, GET} route
[2026-08-19T08:42:08.103Z] [LOG] [RouterExplorer] Mapped {/suppliers, POST} route
[2026-08-19T08:42:08.103Z] [LOG] [RoutesResolver] SupplierController {/suppliers}:
[2026-08-19T08:42:08.103Z] [LOG] [RoutesResolver] SupplierGroupController {/supplier-groups}:
[2026-08-19T08:42:08.103Z] [LOG] [RouterExplorer] Mapped {/suppliers/:id, GET} route
[2026-08-19T08:42:08.103Z] [LOG] [RouterExplorer] Mapped {/supplier-groups, POST} route
[2026-08-19T08:42:08.104Z] [LOG] [RouterExplorer] Mapped {/supplier-groups/:id, GET} route
[2026-08-19T08:42:08.104Z] [LOG] [RouterExplorer] Mapped {/supplier-groups/:id, PUT} route
[2026-08-19T08:42:08.103Z] [LOG] [RouterExplorer] Mapped {/suppliers, GET} route
[2026-08-19T08:42:08.104Z] [LOG] [RouterExplorer] Mapped {/supplier-groups/:id/status, PUT} route
[2026-08-19T08:42:08.104Z] [LOG] [RouterExplorer] Mapped {/supplier-groups/:id/assign-suppliers, POST} route
[2026-08-19T08:42:08.104Z] [LOG] [NestApplication] Nest application successfully started
[2026-08-19T08:42:08.104Z] [LOG] [RouterExplorer] Mapped {/supplier-groups, GET} route
[2026-08-19T08:42:55.246Z] [LOG] [NestFactory] Starting Nest application...
[2026-08-19T08:42:55.246Z] [LOG] [InstanceLoader] TypeOrmModule dependencies initialized
[2026-08-19T08:42:55.247Z] [LOG] [InstanceLoader] ConfigHostModule dependencies initialized
[2026-08-19T08:42:55.247Z] [LOG] [InstanceLoader] TokenModule dependencies initialized
[2026-08-19T08:42:55.247Z] [LOG] [InstanceLoader] ConfigModule dependencies initialized
[2026-08-19T08:42:55.247Z] [LOG] [InstanceLoader] RedisModule dependencies initialized
[2026-08-19T08:42:55.247Z] [LOG] [InstanceLoader] ConfigModule dependencies initialized
[2026-08-19T08:42:55.247Z] [LOG] [InstanceLoader] TypeOrmCoreModule dependencies initialized
[2026-08-19T08:42:55.248Z] [LOG] [InstanceLoader] TypeOrmModule dependencies initialized
[2026-08-19T08:42:55.247Z] [LOG] [InstanceLoader] JwtModule dependencies initialized
[2026-08-19T08:42:55.247Z] [LOG] [InstanceLoader] AppModule dependencies initialized
[2026-08-19T08:42:55.248Z] [LOG] [InstanceLoader] TypeOrmModule dependencies initialized
[2026-08-19T08:42:55.248Z] [LOG] [InstanceLoader] AuthModule dependencies initialized
[2026-08-19T08:42:55.248Z] [LOG] [InstanceLoader] TypeOrmModule dependencies initialized
[2026-08-19T08:42:55.248Z] [LOG] [InstanceLoader] SupplierModule dependencies initialized
[2026-08-19T08:42:55.248Z] [LOG] [InstanceLoader] SupplierGroupModule dependencies initialized
[2026-08-19T08:42:55.248Z] [LOG] [InstanceLoader] UserModule dependencies initialized
[2026-08-19T08:42:55.248Z] [LOG] [RoutesResolver] AppController {/}:
[2026-08-19T08:42:55.248Z] [LOG] [RouterExplorer] Mapped {/, GET} route
[2026-08-19T08:42:55.248Z] [LOG] [RouterExplorer] Mapped {/users, POST} route
[2026-08-19T08:42:55.249Z] [LOG] [RouterExplorer] Mapped {/users/:id, GET} route
[2026-08-19T08:42:55.248Z] [LOG] [RoutesResolver] UserController {/users}:
[2026-08-19T08:42:55.249Z] [LOG] [RouterExplorer] Mapped {/users, GET} route
[2026-08-19T08:42:55.249Z] [LOG] [RouterExplorer] Mapped {/auth/login, POST} route
[2026-08-19T08:42:55.249Z] [LOG] [RouterExplorer] Mapped {/users/:id/status, PUT} route
[2026-08-19T08:42:55.249Z] [LOG] [RouterExplorer] Mapped {/auth/refresh, POST} route
[2026-08-19T08:42:55.249Z] [LOG] [RouterExplorer] Mapped {/auth/logout, POST} route
[2026-08-19T08:42:55.249Z] [LOG] [RoutesResolver] AuthController {/auth}:
[2026-08-19T08:42:55.249Z] [LOG] [RouterExplorer] Mapped {/auth/me, GET} route
[2026-08-19T08:42:55.249Z] [LOG] [RouterExplorer] Mapped {/suppliers, POST} route
[2026-08-19T08:42:55.249Z] [LOG] [RoutesResolver] SupplierController {/suppliers}:
[2026-08-19T08:42:55.249Z] [LOG] [RouterExplorer] Mapped {/suppliers/:id, GET} route
[2026-08-19T08:42:55.249Z] [LOG] [RoutesResolver] SupplierGroupController {/supplier-groups}:
[2026-08-19T08:42:55.250Z] [LOG] [RouterExplorer] Mapped {/supplier-groups, POST} route
[2026-08-19T08:42:55.250Z] [LOG] [RouterExplorer] Mapped {/supplier-groups, GET} route
[2026-08-19T08:42:55.250Z] [LOG] [RouterExplorer] Mapped {/supplier-groups/:id, GET} route
[2026-08-19T08:42:55.250Z] [LOG] [RouterExplorer] Mapped {/supplier-groups/:id, PUT} route
[2026-08-19T08:42:55.249Z] [LOG] [RouterExplorer] Mapped {/suppliers, GET} route
[2026-08-19T08:42:55.250Z] [LOG] [RouterExplorer] Mapped {/supplier-groups/:id/status, PUT} route
[2026-08-19T08:42:55.250Z] [LOG] [RouterExplorer] Mapped {/supplier-groups/:id/assign-suppliers, POST} route
[2026-08-19T08:42:55.250Z] [LOG] [NestApplication] Nest application successfully started
[2026-08-19T08:43:00.281Z] [LOG] [NestFactory] Starting Nest application...
[2026-08-19T08:43:00.282Z] [LOG] [InstanceLoader] TypeOrmModule dependencies initialized
[2026-08-19T08:43:00.282Z] [LOG] [InstanceLoader] TokenModule dependencies initialized
[2026-08-19T08:43:00.282Z] [LOG] [InstanceLoader] ConfigHostModule dependencies initialized
[2026-08-19T08:43:00.282Z] [LOG] [InstanceLoader] ConfigModule dependencies initialized
[2026-08-19T08:43:00.282Z] [LOG] [InstanceLoader] AppModule dependencies initialized
[2026-08-19T08:43:00.282Z] [LOG] [InstanceLoader] ConfigModule dependencies initialized
[2026-08-19T08:43:00.283Z] [LOG] [InstanceLoader] RedisModule dependencies initialized
[2026-08-19T08:43:00.283Z] [LOG] [InstanceLoader] TypeOrmCoreModule dependencies initialized
[2026-08-19T08:43:00.283Z] [LOG] [InstanceLoader] TypeOrmModule dependencies initialized
[2026-08-19T08:43:00.283Z] [LOG] [InstanceLoader] TypeOrmModule dependencies initialized
[2026-08-19T08:43:00.283Z] [LOG] [InstanceLoader] AuthModule dependencies initialized
[2026-08-19T08:43:00.283Z] [LOG] [InstanceLoader] TypeOrmModule dependencies initialized
[2026-08-19T08:43:00.283Z] [LOG] [InstanceLoader] SupplierModule dependencies initialized
[2026-08-19T08:43:00.283Z] [LOG] [InstanceLoader] JwtModule dependencies initialized
[2026-08-19T08:43:00.283Z] [LOG] [InstanceLoader] UserModule dependencies initialized
[2026-08-19T08:43:00.284Z] [LOG] [RouterExplorer] Mapped {/, GET} route
[2026-08-19T08:43:00.283Z] [LOG] [InstanceLoader] SupplierGroupModule dependencies initialized
[2026-08-19T08:43:00.284Z] [LOG] [RouterExplorer] Mapped {/users, POST} route
[2026-08-19T08:43:00.284Z] [LOG] [RoutesResolver] UserController {/users}:
[2026-08-19T08:43:00.284Z] [LOG] [RouterExplorer] Mapped {/users/:id, GET} route
[2026-08-19T08:43:00.283Z] [LOG] [RoutesResolver] AppController {/}:
[2026-08-19T08:43:00.284Z] [LOG] [RouterExplorer] Mapped {/users/:id/status, PUT} route
[2026-08-19T08:43:00.284Z] [LOG] [RoutesResolver] AuthController {/auth}:
[2026-08-19T08:43:00.284Z] [LOG] [RouterExplorer] Mapped {/users, GET} route
[2026-08-19T08:43:00.284Z] [LOG] [RouterExplorer] Mapped {/auth/login, POST} route
[2026-08-19T08:43:00.284Z] [LOG] [RouterExplorer] Mapped {/auth/me, GET} route
[2026-08-19T08:43:00.284Z] [LOG] [RouterExplorer] Mapped {/auth/refresh, POST} route
[2026-08-19T08:43:00.284Z] [LOG] [RouterExplorer] Mapped {/suppliers, POST} route
[2026-08-19T08:43:00.284Z] [LOG] [RouterExplorer] Mapped {/auth/logout, POST} route
[2026-08-19T08:43:00.285Z] [LOG] [RouterExplorer] Mapped {/suppliers/:id, GET} route
[2026-08-19T08:43:00.285Z] [LOG] [RoutesResolver] SupplierGroupController {/supplier-groups}:
[2026-08-19T08:43:00.284Z] [LOG] [RoutesResolver] SupplierController {/suppliers}:
[2026-08-19T08:43:00.285Z] [LOG] [RouterExplorer] Mapped {/supplier-groups, POST} route
[2026-08-19T08:43:00.285Z] [LOG] [RouterExplorer] Mapped {/supplier-groups/:id, GET} route
[2026-08-19T08:43:00.284Z] [LOG] [RouterExplorer] Mapped {/suppliers, GET} route
[2026-08-19T08:43:00.285Z] [LOG] [RouterExplorer] Mapped {/supplier-groups/:id, PUT} route
[2026-08-19T08:43:00.285Z] [LOG] [RouterExplorer] Mapped {/supplier-groups/:id/status, PUT} route
[2026-08-19T08:43:00.285Z] [LOG] [RouterExplorer] Mapped {/supplier-groups/:id/assign-suppliers, POST} route
[2026-08-19T08:43:00.285Z] [LOG] [RouterExplorer] Mapped {/supplier-groups, GET} route
[2026-08-19T08:43:00.285Z] [LOG] [NestApplication] Nest application successfully started
[2026-08-19T08:43:47.858Z] [LOG] [NestFactory] Starting Nest application...
[2026-08-19T08:43:47.858Z] [LOG] [InstanceLoader] TypeOrmModule dependencies initialized
[2026-08-19T08:43:47.859Z] [LOG] [InstanceLoader] TokenModule dependencies initialized
[2026-08-19T08:43:47.859Z] [LOG] [InstanceLoader] AppModule dependencies initialized
[2026-08-19T08:43:47.859Z] [LOG] [InstanceLoader] RedisModule dependencies initialized
[2026-08-19T08:43:47.859Z] [LOG] [InstanceLoader] ConfigHostModule dependencies initialized
[2026-08-19T08:43:47.859Z] [LOG] [InstanceLoader] ConfigModule dependencies initialized
[2026-08-19T08:43:47.859Z] [LOG] [InstanceLoader] ConfigModule dependencies initialized
[2026-08-19T08:43:47.860Z] [LOG] [InstanceLoader] TypeOrmCoreModule dependencies initialized
[2026-08-19T08:43:47.860Z] [LOG] [InstanceLoader] TypeOrmModule dependencies initialized
[2026-08-19T08:43:47.860Z] [LOG] [InstanceLoader] TypeOrmModule dependencies initialized
[2026-08-19T08:43:47.860Z] [LOG] [InstanceLoader] TypeOrmModule dependencies initialized
[2026-08-19T08:43:47.860Z] [LOG] [InstanceLoader] JwtModule dependencies initialized
[2026-08-19T08:43:47.860Z] [LOG] [InstanceLoader] AuthModule dependencies initialized
[2026-08-19T08:43:47.860Z] [LOG] [InstanceLoader] SupplierModule dependencies initialized
[2026-08-19T08:43:47.861Z] [LOG] [InstanceLoader] SupplierGroupModule dependencies initialized
[2026-08-19T08:43:47.861Z] [LOG] [RoutesResolver] AppController {/}:
[2026-08-19T08:43:47.860Z] [LOG] [InstanceLoader] UserModule dependencies initialized
[2026-08-19T08:43:47.861Z] [LOG] [RouterExplorer] Mapped {/, GET} route
[2026-08-19T08:43:47.861Z] [LOG] [RoutesResolver] UserController {/users}:
[2026-08-19T08:43:47.861Z] [LOG] [RouterExplorer] Mapped {/users, POST} route
[2026-08-19T08:43:47.861Z] [LOG] [RouterExplorer] Mapped {/users/:id, GET} route
[2026-08-19T08:43:47.861Z] [LOG] [RouterExplorer] Mapped {/users, GET} route
[2026-08-19T08:43:47.861Z] [LOG] [RouterExplorer] Mapped {/users/:id/status, PUT} route
[2026-08-19T08:43:47.861Z] [LOG] [RouterExplorer] Mapped {/auth/login, POST} route
[2026-08-19T08:43:47.861Z] [LOG] [RoutesResolver] AuthController {/auth}:
[2026-08-19T08:43:47.861Z] [LOG] [RouterExplorer] Mapped {/auth/refresh, POST} route
[2026-08-19T08:43:47.862Z] [LOG] [RoutesResolver] SupplierController {/suppliers}:
[2026-08-19T08:43:47.861Z] [LOG] [RouterExplorer] Mapped {/auth/logout, POST} route
[2026-08-19T08:43:47.861Z] [LOG] [RouterExplorer] Mapped {/auth/me, GET} route
[2026-08-19T08:43:47.862Z] [LOG] [RouterExplorer] Mapped {/suppliers, POST} route
[2026-08-19T08:43:47.862Z] [LOG] [RouterExplorer] Mapped {/suppliers/:id, GET} route
[2026-08-19T08:43:47.862Z] [LOG] [RouterExplorer] Mapped {/supplier-groups, POST} route
[2026-08-19T08:43:47.862Z] [LOG] [RoutesResolver] SupplierGroupController {/supplier-groups}:
[2026-08-19T08:43:47.862Z] [LOG] [RouterExplorer] Mapped {/supplier-groups, GET} route
[2026-08-19T08:43:47.862Z] [LOG] [RouterExplorer] Mapped {/supplier-groups/:id, GET} route
[2026-08-19T08:43:47.862Z] [LOG] [RouterExplorer] Mapped {/supplier-groups/:id, PUT} route
[2026-08-19T08:43:47.862Z] [LOG] [RouterExplorer] Mapped {/supplier-groups/:id/status, PUT} route
[2026-08-19T08:43:47.862Z] [LOG] [RouterExplorer] Mapped {/supplier-groups/:id/assign-suppliers, POST} route
[2026-08-19T08:43:47.863Z] [LOG] [NestApplication] Nest application successfully started
[2026-08-19T08:43:47.862Z] [LOG] [RouterExplorer] Mapped {/suppliers, GET} route
[2026-08-19T08:44:01.196Z] [LOG] [NestFactory] Starting Nest application...
[2026-08-19T08:44:01.196Z] [LOG] [InstanceLoader] TypeOrmModule dependencies initialized
[2026-08-19T08:44:01.196Z] [LOG] [InstanceLoader] TokenModule dependencies initialized
[2026-08-19T08:44:01.197Z] [LOG] [InstanceLoader] AppModule dependencies initialized
[2026-08-19T08:44:01.197Z] [LOG] [InstanceLoader] ConfigHostModule dependencies initialized
[2026-08-19T08:44:01.197Z] [LOG] [InstanceLoader] RedisModule dependencies initialized
[2026-08-19T08:44:01.197Z] [LOG] [InstanceLoader] ConfigModule dependencies initialized
[2026-08-19T08:44:01.197Z] [LOG] [InstanceLoader] TypeOrmCoreModule dependencies initialized
[2026-08-19T08:44:01.197Z] [LOG] [InstanceLoader] JwtModule dependencies initialized
[2026-08-19T08:44:01.197Z] [LOG] [InstanceLoader] ConfigModule dependencies initialized
[2026-08-19T08:44:01.198Z] [LOG] [InstanceLoader] TypeOrmModule dependencies initialized
[2026-08-19T08:44:01.197Z] [LOG] [InstanceLoader] TypeOrmModule dependencies initialized
[2026-08-19T08:44:01.198Z] [LOG] [InstanceLoader] UserModule dependencies initialized
[2026-08-19T08:44:01.198Z] [LOG] [InstanceLoader] SupplierModule dependencies initialized
[2026-08-19T08:44:01.198Z] [LOG] [InstanceLoader] AuthModule dependencies initialized
[2026-08-19T08:44:01.198Z] [LOG] [InstanceLoader] SupplierGroupModule dependencies initialized
[2026-08-19T08:44:01.198Z] [LOG] [InstanceLoader] TypeOrmModule dependencies initialized
[2026-08-19T08:44:01.198Z] [LOG] [RouterExplorer] Mapped {/, GET} route
[2026-08-19T08:44:01.198Z] [LOG] [RoutesResolver] AppController {/}:
[2026-08-19T08:44:01.198Z] [LOG] [RouterExplorer] Mapped {/users, POST} route
[2026-08-19T08:44:01.199Z] [LOG] [RouterExplorer] Mapped {/users/:id, GET} route
[2026-08-19T08:44:01.199Z] [LOG] [RouterExplorer] Mapped {/users/:id/status, PUT} route
[2026-08-19T08:44:01.198Z] [LOG] [RoutesResolver] UserController {/users}:
[2026-08-19T08:44:01.198Z] [LOG] [RouterExplorer] Mapped {/users, GET} route
[2026-08-19T08:44:01.199Z] [LOG] [RouterExplorer] Mapped {/auth/refresh, POST} route
[2026-08-19T08:44:01.199Z] [LOG] [RouterExplorer] Mapped {/auth/login, POST} route
[2026-08-19T08:44:01.199Z] [LOG] [RouterExplorer] Mapped {/auth/logout, POST} route
[2026-08-19T08:44:01.199Z] [LOG] [RoutesResolver] SupplierController {/suppliers}:
[2026-08-19T08:44:01.199Z] [LOG] [RouterExplorer] Mapped {/auth/me, GET} route
[2026-08-19T08:44:01.199Z] [LOG] [RouterExplorer] Mapped {/suppliers, POST} route
[2026-08-19T08:44:01.199Z] [LOG] [RouterExplorer] Mapped {/suppliers/:id, GET} route
[2026-08-19T08:44:01.199Z] [LOG] [RoutesResolver] AuthController {/auth}:
[2026-08-19T08:44:01.199Z] [LOG] [RouterExplorer] Mapped {/suppliers, GET} route
[2026-08-19T08:44:01.199Z] [LOG] [RoutesResolver] SupplierGroupController {/supplier-groups}:
[2026-08-19T08:44:01.200Z] [LOG] [RouterExplorer] Mapped {/supplier-groups/:id, GET} route
[2026-08-19T08:44:01.200Z] [LOG] [RouterExplorer] Mapped {/supplier-groups, POST} route
[2026-08-19T08:44:01.200Z] [LOG] [RouterExplorer] Mapped {/supplier-groups/:id, PUT} route
[2026-08-19T08:44:01.200Z] [LOG] [RouterExplorer] Mapped {/supplier-groups/:id/status, PUT} route
[2026-08-19T08:44:01.200Z] [LOG] [RouterExplorer] Mapped {/supplier-groups/:id/assign-suppliers, POST} route
[2026-08-19T08:44:01.200Z] [LOG] [NestApplication] Nest application successfully started
[2026-08-19T08:44:01.200Z] [LOG] [RouterExplorer] Mapped {/supplier-groups, GET} route
[2026-08-19T08:45:30.979Z] [LOG] [NestFactory] Starting Nest application...
[2026-08-19T08:45:30.979Z] [LOG] [InstanceLoader] TypeOrmModule dependencies initialized
[2026-08-19T08:45:30.979Z] [LOG] [InstanceLoader] TokenModule dependencies initialized
[2026-08-19T08:45:30.980Z] [LOG] [InstanceLoader] AppModule dependencies initialized
[2026-08-19T08:45:30.980Z] [LOG] [InstanceLoader] RedisModule dependencies initialized
[2026-08-19T08:45:30.980Z] [LOG] [InstanceLoader] ConfigHostModule dependencies initialized
[2026-08-19T08:45:30.980Z] [LOG] [InstanceLoader] ConfigModule dependencies initialized
[2026-08-19T08:45:30.980Z] [LOG] [InstanceLoader] JwtModule dependencies initialized
[2026-08-19T08:45:30.980Z] [LOG] [InstanceLoader] TypeOrmCoreModule dependencies initialized
[2026-08-19T08:45:30.980Z] [LOG] [InstanceLoader] TypeOrmModule dependencies initialized
[2026-08-19T08:45:30.980Z] [LOG] [InstanceLoader] ConfigModule dependencies initialized
[2026-08-19T08:45:30.981Z] [LOG] [InstanceLoader] TypeOrmModule dependencies initialized
[2026-08-19T08:45:30.981Z] [LOG] [InstanceLoader] AuthModule dependencies initialized
[2026-08-19T08:45:30.980Z] [LOG] [InstanceLoader] TypeOrmModule dependencies initialized
[2026-08-19T08:45:30.981Z] [LOG] [InstanceLoader] SupplierModule dependencies initialized
[2026-08-19T08:45:30.981Z] [LOG] [InstanceLoader] SupplierGroupModule dependencies initialized
[2026-08-19T08:45:30.981Z] [LOG] [RoutesResolver] AppController {/}:
[2026-08-19T08:45:30.981Z] [LOG] [RouterExplorer] Mapped {/, GET} route
[2026-08-19T08:45:30.981Z] [LOG] [InstanceLoader] UserModule dependencies initialized
[2026-08-19T08:45:30.981Z] [LOG] [RoutesResolver] UserController {/users}:
[2026-08-19T08:45:30.981Z] [LOG] [RouterExplorer] Mapped {/users, POST} route
[2026-08-19T08:45:30.981Z] [LOG] [RouterExplorer] Mapped {/users/:id, GET} route
[2026-08-19T08:45:30.982Z] [LOG] [RouterExplorer] Mapped {/users/:id/status, PUT} route
[2026-08-19T08:45:30.982Z] [LOG] [RouterExplorer] Mapped {/auth/login, POST} route
[2026-08-19T08:45:30.982Z] [LOG] [RoutesResolver] AuthController {/auth}:
[2026-08-19T08:45:30.981Z] [LOG] [RouterExplorer] Mapped {/users, GET} route
[2026-08-19T08:45:30.982Z] [LOG] [RouterExplorer] Mapped {/auth/logout, POST} route
[2026-08-19T08:45:30.982Z] [LOG] [RoutesResolver] SupplierController {/suppliers}:
[2026-08-19T08:45:30.982Z] [LOG] [RouterExplorer] Mapped {/auth/refresh, POST} route
[2026-08-19T08:45:30.982Z] [LOG] [RouterExplorer] Mapped {/suppliers, POST} route
[2026-08-19T08:45:30.982Z] [LOG] [RouterExplorer] Mapped {/suppliers, GET} route
[2026-08-19T08:45:30.982Z] [LOG] [RouterExplorer] Mapped {/suppliers/:id, GET} route
[2026-08-19T08:45:30.982Z] [LOG] [RouterExplorer] Mapped {/supplier-groups, POST} route
[2026-08-19T08:45:30.982Z] [LOG] [RouterExplorer] Mapped {/supplier-groups, GET} route
[2026-08-19T08:45:30.982Z] [LOG] [RoutesResolver] SupplierGroupController {/supplier-groups}:
[2026-08-19T08:45:30.983Z] [LOG] [RouterExplorer] Mapped {/supplier-groups/:id, GET} route
[2026-08-19T08:45:30.982Z] [LOG] [RouterExplorer] Mapped {/auth/me, GET} route
[2026-08-19T08:45:30.983Z] [LOG] [RouterExplorer] Mapped {/supplier-groups/:id, PUT} route
[2026-08-19T08:45:30.983Z] [LOG] [RouterExplorer] Mapped {/supplier-groups/:id/assign-suppliers, POST} route
[2026-08-19T08:45:30.983Z] [LOG] [RouterExplorer] Mapped {/supplier-groups/:id/status, PUT} route
[2026-08-19T08:45:30.983Z] [LOG] [NestApplication] Nest application successfully started
[2026-08-19T08:45:39.053Z] [LOG] [NestFactory] Starting Nest application...
[2026-08-19T08:45:39.053Z] [LOG] [InstanceLoader] TypeOrmModule dependencies initialized
[2026-08-19T08:45:39.053Z] [LOG] [InstanceLoader] TokenModule dependencies initialized
[2026-08-19T08:45:39.054Z] [LOG] [InstanceLoader] AppModule dependencies initialized
[2026-08-19T08:45:39.053Z] [LOG] [InstanceLoader] ConfigHostModule dependencies initialized
[2026-08-19T08:45:39.054Z] [LOG] [InstanceLoader] ConfigModule dependencies initialized
[2026-08-19T08:45:39.054Z] [LOG] [InstanceLoader] ConfigModule dependencies initialized
[2026-08-19T08:45:39.054Z] [LOG] [InstanceLoader] TypeOrmCoreModule dependencies initialized
[2026-08-19T08:45:39.054Z] [LOG] [InstanceLoader] JwtModule dependencies initialized
[2026-08-19T08:45:39.054Z] [LOG] [InstanceLoader] RedisModule dependencies initialized
[2026-08-19T08:45:39.054Z] [LOG] [InstanceLoader] TypeOrmModule dependencies initialized
[2026-08-19T08:45:39.054Z] [LOG] [InstanceLoader] TypeOrmModule dependencies initialized
[2026-08-19T08:45:39.054Z] [LOG] [InstanceLoader] TypeOrmModule dependencies initialized
[2026-08-19T08:45:39.055Z] [LOG] [InstanceLoader] SupplierModule dependencies initialized
[2026-08-19T08:45:39.054Z] [LOG] [InstanceLoader] AuthModule dependencies initialized
[2026-08-19T08:45:39.055Z] [LOG] [InstanceLoader] SupplierGroupModule dependencies initialized
[2026-08-19T08:45:39.055Z] [LOG] [RouterExplorer] Mapped {/, GET} route
[2026-08-19T08:45:39.055Z] [LOG] [InstanceLoader] UserModule dependencies initialized
[2026-08-19T08:45:39.055Z] [LOG] [RouterExplorer] Mapped {/users, POST} route
[2026-08-19T08:45:39.055Z] [LOG] [RoutesResolver] UserController {/users}:
[2026-08-19T08:45:39.055Z] [LOG] [RouterExplorer] Mapped {/users, GET} route
[2026-08-19T08:45:39.055Z] [LOG] [RouterExplorer] Mapped {/users/:id, GET} route
[2026-08-19T08:45:39.055Z] [LOG] [RouterExplorer] Mapped {/users/:id/status, PUT} route
[2026-08-19T08:45:39.055Z] [LOG] [RouterExplorer] Mapped {/auth/login, POST} route
[2026-08-19T08:45:39.055Z] [LOG] [RoutesResolver] AuthController {/auth}:
[2026-08-19T08:45:39.055Z] [LOG] [RouterExplorer] Mapped {/auth/refresh, POST} route
[2026-08-19T08:45:39.056Z] [LOG] [RouterExplorer] Mapped {/auth/logout, POST} route
[2026-08-19T08:45:39.056Z] [LOG] [RoutesResolver] SupplierController {/suppliers}:
[2026-08-19T08:45:39.055Z] [LOG] [RoutesResolver] AppController {/}:
[2026-08-19T08:45:39.056Z] [LOG] [RouterExplorer] Mapped {/auth/me, GET} route
[2026-08-19T08:45:39.056Z] [LOG] [RouterExplorer] Mapped {/suppliers, GET} route
[2026-08-19T08:45:39.056Z] [LOG] [RouterExplorer] Mapped {/suppliers/:id, GET} route
[2026-08-19T08:45:39.056Z] [LOG] [RoutesResolver] SupplierGroupController {/supplier-groups}:
[2026-08-19T08:45:39.056Z] [LOG] [RouterExplorer] Mapped {/supplier-groups, GET} route
[2026-08-19T08:45:39.056Z] [LOG] [RouterExplorer] Mapped {/supplier-groups, POST} route
[2026-08-19T08:45:39.056Z] [LOG] [RouterExplorer] Mapped {/supplier-groups/:id, GET} route
[2026-08-19T08:45:39.056Z] [LOG] [RouterExplorer] Mapped {/supplier-groups/:id, PUT} route
[2026-08-19T08:45:39.056Z] [LOG] [RouterExplorer] Mapped {/supplier-groups/:id/assign-suppliers, POST} route
[2026-08-19T08:45:39.056Z] [LOG] [RouterExplorer] Mapped {/suppliers, POST} route
[2026-08-19T08:45:39.056Z] [LOG] [NestApplication] Nest application successfully started
[2026-08-19T08:45:39.056Z] [LOG] [RouterExplorer] Mapped {/supplier-groups/:id/status, PUT} route
[2026-08-19T08:46:03.935Z] [LOG] [NestFactory] Starting Nest application...
[2026-08-19T08:46:03.936Z] [LOG] [InstanceLoader] TypeOrmModule dependencies initialized
[2026-08-19T08:46:03.936Z] [LOG] [InstanceLoader] TokenModule dependencies initialized
[2026-08-19T08:46:03.936Z] [LOG] [InstanceLoader] AppModule dependencies initialized
[2026-08-19T08:46:03.936Z] [LOG] [InstanceLoader] ConfigHostModule dependencies initialized
[2026-08-19T08:46:03.937Z] [LOG] [InstanceLoader] ConfigModule dependencies initialized
[2026-08-19T08:46:03.937Z] [LOG] [InstanceLoader] JwtModule dependencies initialized
[2026-08-19T08:46:03.937Z] [LOG] [InstanceLoader] ConfigModule dependencies initialized
[2026-08-19T08:46:03.937Z] [LOG] [InstanceLoader] TypeOrmCoreModule dependencies initialized
[2026-08-19T08:46:03.937Z] [LOG] [InstanceLoader] TypeOrmModule dependencies initialized
[2026-08-19T08:46:03.937Z] [LOG] [InstanceLoader] RedisModule dependencies initialized
[2026-08-19T08:46:03.937Z] [LOG] [InstanceLoader] TypeOrmModule dependencies initialized
[2026-08-19T08:46:03.937Z] [LOG] [InstanceLoader] TypeOrmModule dependencies initialized
[2026-08-19T08:46:03.938Z] [LOG] [InstanceLoader] SupplierModule dependencies initialized
[2026-08-19T08:46:03.938Z] [LOG] [InstanceLoader] UserModule dependencies initialized
[2026-08-19T08:46:03.938Z] [LOG] [InstanceLoader] AuthModule dependencies initialized
[2026-08-19T08:46:03.938Z] [LOG] [InstanceLoader] SupplierGroupModule dependencies initialized
[2026-08-19T08:46:03.938Z] [LOG] [RoutesResolver] UserController {/users}:
[2026-08-19T08:46:03.938Z] [LOG] [RouterExplorer] Mapped {/users, POST} route
[2026-08-19T08:46:03.938Z] [LOG] [RouterExplorer] Mapped {/, GET} route
[2026-08-19T08:46:03.938Z] [LOG] [RouterExplorer] Mapped {/users, GET} route
[2026-08-19T08:46:03.938Z] [LOG] [RouterExplorer] Mapped {/users/:id, GET} route
[2026-08-19T08:46:03.938Z] [LOG] [RouterExplorer] Mapped {/users/:id/status, PUT} route
[2026-08-19T08:46:03.938Z] [LOG] [RoutesResolver] AuthController {/auth}:
[2026-08-19T08:46:03.939Z] [LOG] [RouterExplorer] Mapped {/auth/login, POST} route
[2026-08-19T08:46:03.939Z] [LOG] [RouterExplorer] Mapped {/auth/refresh, POST} route
[2026-08-19T08:46:03.939Z] [LOG] [RouterExplorer] Mapped {/auth/logout, POST} route
[2026-08-19T08:46:03.939Z] [LOG] [RouterExplorer] Mapped {/auth/me, GET} route
[2026-08-19T08:46:03.939Z] [LOG] [RoutesResolver] SupplierController {/suppliers}:
[2026-08-19T08:46:03.939Z] [LOG] [RouterExplorer] Mapped {/suppliers, GET} route
[2026-08-19T08:46:03.939Z] [LOG] [RouterExplorer] Mapped {/suppliers, POST} route
[2026-08-19T08:46:03.939Z] [LOG] [RouterExplorer] Mapped {/suppliers/:id, GET} route
[2026-08-19T08:46:03.939Z] [LOG] [RoutesResolver] SupplierGroupController {/supplier-groups}:
[2026-08-19T08:46:03.939Z] [LOG] [RouterExplorer] Mapped {/supplier-groups, POST} route
[2026-08-19T08:46:03.938Z] [LOG] [RoutesResolver] AppController {/}:
[2026-08-19T08:46:03.939Z] [LOG] [RouterExplorer] Mapped {/supplier-groups/:id, GET} route
[2026-08-19T08:46:03.939Z] [LOG] [RouterExplorer] Mapped {/supplier-groups/:id, PUT} route
[2026-08-19T08:46:03.939Z] [LOG] [RouterExplorer] Mapped {/supplier-groups/:id/status, PUT} route
[2026-08-19T08:46:03.939Z] [LOG] [RouterExplorer] Mapped {/supplier-groups/:id/assign-suppliers, POST} route
[2026-08-19T08:46:03.939Z] [LOG] [RouterExplorer] Mapped {/supplier-groups, GET} route
[2026-08-19T08:46:03.939Z] [LOG] [NestApplication] Nest application successfully started
[2026-08-19T08:46:11.656Z] [LOG] [NestFactory] Starting Nest application...
[2026-08-19T08:46:11.657Z] [LOG] [InstanceLoader] TypeOrmModule dependencies initialized
[2026-08-19T08:46:11.657Z] [LOG] [InstanceLoader] TokenModule dependencies initialized
[2026-08-19T08:46:11.657Z] [LOG] [InstanceLoader] AppModule dependencies initialized
[2026-08-19T08:46:11.657Z] [LOG] [InstanceLoader] RedisModule dependencies initialized
[2026-08-19T08:46:11.657Z] [LOG] [InstanceLoader] ConfigHostModule dependencies initialized
[2026-08-19T08:46:11.657Z] [LOG] [InstanceLoader] ConfigModule dependencies initialized
[2026-08-19T08:46:11.657Z] [LOG] [InstanceLoader] ConfigModule dependencies initialized
[2026-08-19T08:46:11.658Z] [LOG] [InstanceLoader] TypeOrmCoreModule dependencies initialized
[2026-08-19T08:46:11.658Z] [LOG] [InstanceLoader] TypeOrmModule dependencies initialized
[2026-08-19T08:46:11.658Z] [LOG] [InstanceLoader] TypeOrmModule dependencies initialized
[2026-08-19T08:46:11.658Z] [LOG] [InstanceLoader] TypeOrmModule dependencies initialized
[2026-08-19T08:46:11.657Z] [LOG] [InstanceLoader] JwtModule dependencies initialized
[2026-08-19T08:46:11.658Z] [LOG] [InstanceLoader] AuthModule dependencies initialized
[2026-08-19T08:46:11.658Z] [LOG] [InstanceLoader] SupplierModule dependencies initialized
[2026-08-19T08:46:11.659Z] [LOG] [RoutesResolver] AppController {/}:
[2026-08-19T08:46:11.658Z] [LOG] [InstanceLoader] SupplierGroupModule dependencies initialized
[2026-08-19T08:46:11.659Z] [LOG] [RouterExplorer] Mapped {/, GET} route
[2026-08-19T08:46:11.659Z] [LOG] [RoutesResolver] UserController {/users}:
[2026-08-19T08:46:11.658Z] [LOG] [InstanceLoader] UserModule dependencies initialized
[2026-08-19T08:46:11.659Z] [LOG] [RouterExplorer] Mapped {/users, POST} route
[2026-08-19T08:46:11.659Z] [LOG] [RouterExplorer] Mapped {/users/:id, GET} route
[2026-08-19T08:46:11.659Z] [LOG] [RouterExplorer] Mapped {/users/:id/status, PUT} route
[2026-08-19T08:46:11.659Z] [LOG] [RouterExplorer] Mapped {/users, GET} route
[2026-08-19T08:46:11.659Z] [LOG] [RouterExplorer] Mapped {/auth/login, POST} route
[2026-08-19T08:46:11.659Z] [LOG] [RouterExplorer] Mapped {/auth/refresh, POST} route
[2026-08-19T08:46:11.660Z] [LOG] [RouterExplorer] Mapped {/auth/me, GET} route
[2026-08-19T08:46:11.659Z] [LOG] [RouterExplorer] Mapped {/auth/logout, POST} route
[2026-08-19T08:46:11.659Z] [LOG] [RoutesResolver] AuthController {/auth}:
[2026-08-19T08:46:11.660Z] [LOG] [RouterExplorer] Mapped {/suppliers, POST} route
[2026-08-19T08:46:11.660Z] [LOG] [RouterExplorer] Mapped {/suppliers/:id, GET} route
[2026-08-19T08:46:11.660Z] [LOG] [RoutesResolver] SupplierController {/suppliers}:
[2026-08-19T08:46:11.660Z] [LOG] [RoutesResolver] SupplierGroupController {/supplier-groups}:
[2026-08-19T08:46:11.660Z] [LOG] [RouterExplorer] Mapped {/supplier-groups, POST} route
[2026-08-19T08:46:11.660Z] [LOG] [RouterExplorer] Mapped {/suppliers, GET} route
[2026-08-19T08:46:11.660Z] [LOG] [RouterExplorer] Mapped {/supplier-groups, GET} route
[2026-08-19T08:46:11.660Z] [LOG] [RouterExplorer] Mapped {/supplier-groups/:id, GET} route
[2026-08-19T08:46:11.660Z] [LOG] [RouterExplorer] Mapped {/supplier-groups/:id/status, PUT} route
[2026-08-19T08:46:11.661Z] [LOG] [NestApplication] Nest application successfully started
[2026-08-19T08:46:11.661Z] [LOG] [RouterExplorer] Mapped {/supplier-groups/:id/assign-suppliers, POST} route
[2026-08-19T08:46:11.660Z] [LOG] [RouterExplorer] Mapped {/supplier-groups/:id, PUT} route
[2026-08-19T08:46:27.237Z] [LOG] [NestFactory] Starting Nest application...
[2026-08-19T08:46:27.238Z] [LOG] [InstanceLoader] TypeOrmModule dependencies initialized
[2026-08-19T08:46:27.238Z] [LOG] [InstanceLoader] TokenModule dependencies initialized
[2026-08-19T08:46:27.238Z] [LOG] [InstanceLoader] AppModule dependencies initialized
[2026-08-19T08:46:27.238Z] [LOG] [InstanceLoader] RedisModule dependencies initialized
[2026-08-19T08:46:27.238Z] [LOG] [InstanceLoader] ConfigHostModule dependencies initialized
[2026-08-19T08:46:27.238Z] [LOG] [InstanceLoader] ConfigModule dependencies initialized
[2026-08-19T08:46:27.238Z] [LOG] [InstanceLoader] TypeOrmCoreModule dependencies initialized
[2026-08-19T08:46:27.238Z] [LOG] [InstanceLoader] JwtModule dependencies initialized
[2026-08-19T08:46:27.238Z] [LOG] [InstanceLoader] ConfigModule dependencies initialized
[2026-08-19T08:46:27.238Z] [LOG] [InstanceLoader] TypeOrmModule dependencies initialized
[2026-08-19T08:46:27.239Z] [LOG] [InstanceLoader] TypeOrmModule dependencies initialized
[2026-08-19T08:46:27.239Z] [LOG] [InstanceLoader] TypeOrmModule dependencies initialized
[2026-08-19T08:46:27.239Z] [LOG] [InstanceLoader] UserModule dependencies initialized
[2026-08-19T08:46:27.239Z] [LOG] [InstanceLoader] SupplierModule dependencies initialized
[2026-08-19T08:46:27.239Z] [LOG] [InstanceLoader] SupplierGroupModule dependencies initialized
[2026-08-19T08:46:27.239Z] [LOG] [RouterExplorer] Mapped {/, GET} route
[2026-08-19T08:46:27.239Z] [LOG] [RoutesResolver] AppController {/}:
[2026-08-19T08:46:27.239Z] [LOG] [InstanceLoader] AuthModule dependencies initialized
[2026-08-19T08:46:27.239Z] [LOG] [RoutesResolver] UserController {/users}:
[2026-08-19T08:46:27.239Z] [LOG] [RouterExplorer] Mapped {/users, POST} route
[2026-08-19T08:46:27.239Z] [LOG] [RouterExplorer] Mapped {/users/:id/status, PUT} route
[2026-08-19T08:46:27.239Z] [LOG] [RouterExplorer] Mapped {/users, GET} route
[2026-08-19T08:46:27.239Z] [LOG] [RouterExplorer] Mapped {/users/:id, GET} route
[2026-08-19T08:46:27.240Z] [LOG] [RouterExplorer] Mapped {/auth/login, POST} route
[2026-08-19T08:46:27.240Z] [LOG] [RouterExplorer] Mapped {/auth/refresh, POST} route
[2026-08-19T08:46:27.240Z] [LOG] [RouterExplorer] Mapped {/auth/me, GET} route
[2026-08-19T08:46:27.240Z] [LOG] [RouterExplorer] Mapped {/auth/logout, POST} route
[2026-08-19T08:46:27.240Z] [LOG] [RouterExplorer] Mapped {/suppliers, POST} route
[2026-08-19T08:46:27.239Z] [LOG] [RoutesResolver] AuthController {/auth}:
[2026-08-19T08:46:27.240Z] [LOG] [RoutesResolver] SupplierController {/suppliers}:
[2026-08-19T08:46:27.240Z] [LOG] [RoutesResolver] SupplierGroupController {/supplier-groups}:
[2026-08-19T08:46:27.240Z] [LOG] [RouterExplorer] Mapped {/suppliers/:id, GET} route
[2026-08-19T08:46:27.240Z] [LOG] [RouterExplorer] Mapped {/supplier-groups, POST} route
[2026-08-19T08:46:27.240Z] [LOG] [RouterExplorer] Mapped {/suppliers, GET} route
[2026-08-19T08:46:27.240Z] [LOG] [RouterExplorer] Mapped {/supplier-groups, GET} route
[2026-08-19T08:46:27.240Z] [LOG] [RouterExplorer] Mapped {/supplier-groups/:id, GET} route
[2026-08-19T08:46:27.240Z] [LOG] [RouterExplorer] Mapped {/supplier-groups/:id, PUT} route
[2026-08-19T08:46:27.240Z] [LOG] [RouterExplorer] Mapped {/supplier-groups/:id/status, PUT} route
[2026-08-19T08:46:27.241Z] [LOG] [RouterExplorer] Mapped {/supplier-groups/:id/assign-suppliers, POST} route
[2026-08-19T08:46:27.241Z] [LOG] [NestApplication] Nest application successfully started
[2026-08-19T08:46:40.048Z] [LOG] [NestFactory] Starting Nest application...
[2026-08-19T08:46:40.048Z] [LOG] [InstanceLoader] TypeOrmModule dependencies initialized
[2026-08-19T08:46:40.048Z] [LOG] [InstanceLoader] ConfigHostModule dependencies initialized
[2026-08-19T08:46:40.049Z] [LOG] [InstanceLoader] ConfigModule dependencies initialized
[2026-08-19T08:46:40.048Z] [LOG] [InstanceLoader] AppModule dependencies initialized
[2026-08-19T08:46:40.049Z] [LOG] [InstanceLoader] ConfigModule dependencies initialized
[2026-08-19T08:46:40.048Z] [LOG] [InstanceLoader] TokenModule dependencies initialized
[2026-08-19T08:46:40.049Z] [LOG] [InstanceLoader] JwtModule dependencies initialized
[2026-08-19T08:46:40.049Z] [LOG] [InstanceLoader] RedisModule dependencies initialized
[2026-08-19T08:46:40.049Z] [LOG] [InstanceLoader] TypeOrmCoreModule dependencies initialized
[2026-08-19T08:46:40.049Z] [LOG] [InstanceLoader] TypeOrmModule dependencies initialized
[2026-08-19T08:46:40.049Z] [LOG] [InstanceLoader] TypeOrmModule dependencies initialized
[2026-08-19T08:46:40.049Z] [LOG] [InstanceLoader] UserModule dependencies initialized
[2026-08-19T08:46:40.049Z] [LOG] [InstanceLoader] TypeOrmModule dependencies initialized
[2026-08-19T08:46:40.050Z] [LOG] [InstanceLoader] SupplierGroupModule dependencies initialized
[2026-08-19T08:46:40.049Z] [LOG] [InstanceLoader] AuthModule dependencies initialized
[2026-08-19T08:46:40.050Z] [LOG] [InstanceLoader] SupplierModule dependencies initialized
[2026-08-19T08:46:40.050Z] [LOG] [RoutesResolver] AppController {/}:
[2026-08-19T08:46:40.050Z] [LOG] [RouterExplorer] Mapped {/, GET} route
[2026-08-19T08:46:40.050Z] [LOG] [RouterExplorer] Mapped {/users, POST} route
[2026-08-19T08:46:40.050Z] [LOG] [RouterExplorer] Mapped {/users/:id, GET} route
[2026-08-19T08:46:40.050Z] [LOG] [RouterExplorer] Mapped {/users/:id/status, PUT} route
[2026-08-19T08:46:40.050Z] [LOG] [RoutesResolver] UserController {/users}:
[2026-08-19T08:46:40.050Z] [LOG] [RouterExplorer] Mapped {/users, GET} route
[2026-08-19T08:46:40.050Z] [LOG] [RouterExplorer] Mapped {/auth/login, POST} route
[2026-08-19T08:46:40.050Z] [LOG] [RouterExplorer] Mapped {/auth/refresh, POST} route
[2026-08-19T08:46:40.050Z] [LOG] [RouterExplorer] Mapped {/auth/me, GET} route
[2026-08-19T08:46:40.050Z] [LOG] [RouterExplorer] Mapped {/auth/logout, POST} route
[2026-08-19T08:46:40.051Z] [LOG] [RouterExplorer] Mapped {/suppliers, POST} route
[2026-08-19T08:46:40.050Z] [LOG] [RoutesResolver] SupplierController {/suppliers}:
[2026-08-19T08:46:40.051Z] [LOG] [RouterExplorer] Mapped {/suppliers/:id, GET} route
[2026-08-19T08:46:40.051Z] [LOG] [RouterExplorer] Mapped {/suppliers, GET} route
[2026-08-19T08:46:40.051Z] [LOG] [RoutesResolver] SupplierGroupController {/supplier-groups}:
[2026-08-19T08:46:40.051Z] [LOG] [RouterExplorer] Mapped {/supplier-groups, POST} route
[2026-08-19T08:46:40.051Z] [LOG] [RouterExplorer] Mapped {/supplier-groups, GET} route
[2026-08-19T08:46:40.051Z] [LOG] [RouterExplorer] Mapped {/supplier-groups/:id, GET} route
[2026-08-19T08:46:40.050Z] [LOG] [RoutesResolver] AuthController {/auth}:
[2026-08-19T08:46:40.051Z] [LOG] [RouterExplorer] Mapped {/supplier-groups/:id, PUT} route
[2026-08-19T08:46:40.051Z] [LOG] [RouterExplorer] Mapped {/supplier-groups/:id/assign-suppliers, POST} route
[2026-08-19T08:46:40.051Z] [LOG] [NestApplication] Nest application successfully started
[2026-08-19T08:46:40.051Z] [LOG] [RouterExplorer] Mapped {/supplier-groups/:id/status, PUT} route
[2026-08-19T08:47:35.168Z] [LOG] [NestFactory] Starting Nest application...
[2026-08-19T08:47:35.168Z] [LOG] [InstanceLoader] TypeOrmModule dependencies initialized
[2026-08-19T08:47:35.168Z] [LOG] [InstanceLoader] TokenModule dependencies initialized
[2026-08-19T08:47:35.169Z] [LOG] [InstanceLoader] AppModule dependencies initialized
[2026-08-19T08:47:35.169Z] [LOG] [InstanceLoader] RedisModule dependencies initialized
[2026-08-19T08:47:35.168Z] [LOG] [InstanceLoader] ConfigHostModule dependencies initialized
[2026-08-19T08:47:35.169Z] [LOG] [InstanceLoader] ConfigModule dependencies initialized
[2026-08-19T08:47:35.169Z] [LOG] [InstanceLoader] TypeOrmCoreModule dependencies initialized
[2026-08-19T08:47:35.169Z] [LOG] [InstanceLoader] JwtModule dependencies initialized
[2026-08-19T08:47:35.170Z] [LOG] [InstanceLoader] TypeOrmModule dependencies initialized
[2026-08-19T08:47:35.169Z] [LOG] [InstanceLoader] ConfigModule dependencies initialized
[2026-08-19T08:47:35.170Z] [LOG] [InstanceLoader] TypeOrmModule dependencies initialized
[2026-08-19T08:47:35.170Z] [LOG] [InstanceLoader] TypeOrmModule dependencies initialized
[2026-08-19T08:47:35.170Z] [LOG] [InstanceLoader] AuthModule dependencies initialized
[2026-08-19T08:47:35.170Z] [LOG] [InstanceLoader] UserModule dependencies initialized
[2026-08-19T08:47:35.170Z] [LOG] [InstanceLoader] SupplierModule dependencies initialized
[2026-08-19T08:47:35.170Z] [LOG] [InstanceLoader] SupplierGroupModule dependencies initialized
[2026-08-19T08:47:35.170Z] [LOG] [RouterExplorer] Mapped {/, GET} route
[2026-08-19T08:47:35.170Z] [LOG] [RoutesResolver] UserController {/users}:
[2026-08-19T08:47:35.170Z] [LOG] [RouterExplorer] Mapped {/users, POST} route
[2026-08-19T08:47:35.170Z] [LOG] [RouterExplorer] Mapped {/users/:id, GET} route
[2026-08-19T08:47:35.170Z] [LOG] [RouterExplorer] Mapped {/users, GET} route
[2026-08-19T08:47:35.171Z] [LOG] [RouterExplorer] Mapped {/users/:id/status, PUT} route
[2026-08-19T08:47:35.171Z] [LOG] [RoutesResolver] AuthController {/auth}:
[2026-08-19T08:47:35.171Z] [LOG] [RouterExplorer] Mapped {/auth/login, POST} route
[2026-08-19T08:47:35.171Z] [LOG] [RouterExplorer] Mapped {/auth/refresh, POST} route
[2026-08-19T08:47:35.171Z] [LOG] [RouterExplorer] Mapped {/auth/me, GET} route
[2026-08-19T08:47:35.171Z] [LOG] [RouterExplorer] Mapped {/auth/logout, POST} route
[2026-08-19T08:47:35.171Z] [LOG] [RouterExplorer] Mapped {/suppliers, POST} route
[2026-08-19T08:47:35.170Z] [LOG] [RoutesResolver] AppController {/}:
[2026-08-19T08:47:35.171Z] [LOG] [RoutesResolver] SupplierController {/suppliers}:
[2026-08-19T08:47:35.171Z] [LOG] [RouterExplorer] Mapped {/suppliers/:id, GET} route
[2026-08-19T08:47:35.171Z] [LOG] [RoutesResolver] SupplierGroupController {/supplier-groups}:
[2026-08-19T08:47:35.171Z] [LOG] [RouterExplorer] Mapped {/supplier-groups, GET} route
[2026-08-19T08:47:35.171Z] [LOG] [RouterExplorer] Mapped {/supplier-groups, POST} route
[2026-08-19T08:47:35.171Z] [LOG] [RouterExplorer] Mapped {/supplier-groups/:id, GET} route
[2026-08-19T08:47:35.172Z] [LOG] [RouterExplorer] Mapped {/supplier-groups/:id/status, PUT} route
[2026-08-19T08:47:35.172Z] [LOG] [RouterExplorer] Mapped {/supplier-groups/:id/assign-suppliers, POST} route
[2026-08-19T08:47:35.172Z] [LOG] [NestApplication] Nest application successfully started
[2026-08-19T08:47:35.171Z] [LOG] [RouterExplorer] Mapped {/suppliers, GET} route
[2026-08-19T08:47:35.171Z] [LOG] [RouterExplorer] Mapped {/supplier-groups/:id, PUT} route
[2026-08-19T08:47:56.586Z] [LOG] [NestFactory] Starting Nest application...
[2026-08-19T08:47:56.587Z] [LOG] [InstanceLoader] TypeOrmModule dependencies initialized
[2026-08-19T08:47:56.587Z] [LOG] [InstanceLoader] TokenModule dependencies initialized
[2026-08-19T08:47:56.587Z] [LOG] [InstanceLoader] AppModule dependencies initialized
[2026-08-19T08:47:56.587Z] [LOG] [InstanceLoader] RedisModule dependencies initialized
[2026-08-19T08:47:56.587Z] [LOG] [InstanceLoader] ConfigHostModule dependencies initialized
[2026-08-19T08:47:56.587Z] [LOG] [InstanceLoader] ConfigModule dependencies initialized
[2026-08-19T08:47:56.588Z] [LOG] [InstanceLoader] TypeOrmCoreModule dependencies initialized
[2026-08-19T08:47:56.587Z] [LOG] [InstanceLoader] ConfigModule dependencies initialized
[2026-08-19T08:47:56.588Z] [LOG] [InstanceLoader] TypeOrmModule dependencies initialized
[2026-08-19T08:47:56.588Z] [LOG] [InstanceLoader] TypeOrmModule dependencies initialized
[2026-08-19T08:47:56.588Z] [LOG] [InstanceLoader] JwtModule dependencies initialized
[2026-08-19T08:47:56.588Z] [LOG] [InstanceLoader] AuthModule dependencies initialized
[2026-08-19T08:47:56.588Z] [LOG] [InstanceLoader] TypeOrmModule dependencies initialized
[2026-08-19T08:47:56.588Z] [LOG] [InstanceLoader] SupplierModule dependencies initialized
[2026-08-19T08:47:56.588Z] [LOG] [InstanceLoader] SupplierGroupModule dependencies initialized
[2026-08-19T08:47:56.588Z] [LOG] [RoutesResolver] AppController {/}:
[2026-08-19T08:47:56.588Z] [LOG] [InstanceLoader] UserModule dependencies initialized
[2026-08-19T08:47:56.589Z] [LOG] [RoutesResolver] UserController {/users}:
[2026-08-19T08:47:56.589Z] [LOG] [RouterExplorer] Mapped {/users, POST} route
[2026-08-19T08:47:56.589Z] [LOG] [RouterExplorer] Mapped {/users/:id, GET} route
[2026-08-19T08:47:56.589Z] [LOG] [RouterExplorer] Mapped {/users/:id/status, PUT} route
[2026-08-19T08:47:56.589Z] [LOG] [RouterExplorer] Mapped {/users, GET} route
[2026-08-19T08:47:56.589Z] [LOG] [RouterExplorer] Mapped {/auth/login, POST} route
[2026-08-19T08:47:56.589Z] [LOG] [RoutesResolver] AuthController {/auth}:
[2026-08-19T08:47:56.588Z] [LOG] [RouterExplorer] Mapped {/, GET} route
[2026-08-19T08:47:56.589Z] [LOG] [RouterExplorer] Mapped {/auth/logout, POST} route
[2026-08-19T08:47:56.589Z] [LOG] [RouterExplorer] Mapped {/auth/refresh, POST} route
[2026-08-19T08:47:56.589Z] [LOG] [RouterExplorer] Mapped {/suppliers, POST} route
[2026-08-19T08:47:56.589Z] [LOG] [RoutesResolver] SupplierController {/suppliers}:
[2026-08-19T08:47:56.590Z] [LOG] [RouterExplorer] Mapped {/suppliers/:id, GET} route
[2026-08-19T08:47:56.590Z] [LOG] [RouterExplorer] Mapped {/suppliers, GET} route
[2026-08-19T08:47:56.590Z] [LOG] [RouterExplorer] Mapped {/supplier-groups, POST} route
[2026-08-19T08:47:56.590Z] [LOG] [RoutesResolver] SupplierGroupController {/supplier-groups}:
[2026-08-19T08:47:56.589Z] [LOG] [RouterExplorer] Mapped {/auth/me, GET} route
[2026-08-19T08:47:56.590Z] [LOG] [RouterExplorer] Mapped {/supplier-groups, GET} route
[2026-08-19T08:47:56.590Z] [LOG] [RouterExplorer] Mapped {/supplier-groups/:id, PUT} route
[2026-08-19T08:47:56.590Z] [LOG] [RouterExplorer] Mapped {/supplier-groups/:id/assign-suppliers, POST} route
[2026-08-19T08:47:56.590Z] [LOG] [RouterExplorer] Mapped {/supplier-groups/:id, GET} route
[2026-08-19T08:47:56.590Z] [LOG] [RouterExplorer] Mapped {/supplier-groups/:id/status, PUT} route
[2026-08-19T08:47:56.590Z] [LOG] [NestApplication] Nest application successfully started
[2026-08-19T08:49:36.616Z] [LOG] [NestFactory] Starting Nest application...
[2026-08-19T08:49:36.617Z] [LOG] [InstanceLoader] TypeOrmModule dependencies initialized
[2026-08-19T08:49:36.617Z] [LOG] [InstanceLoader] ConfigHostModule dependencies initialized
[2026-08-19T08:49:36.617Z] [LOG] [InstanceLoader] TokenModule dependencies initialized
[2026-08-19T08:49:36.617Z] [LOG] [InstanceLoader] ConfigModule dependencies initialized
[2026-08-19T08:49:36.617Z] [LOG] [InstanceLoader] ConfigModule dependencies initialized
[2026-08-19T08:49:36.617Z] [LOG] [InstanceLoader] RedisModule dependencies initialized
[2026-08-19T08:49:36.618Z] [LOG] [InstanceLoader] TypeOrmCoreModule dependencies initialized
[2026-08-19T08:49:36.618Z] [LOG] [InstanceLoader] JwtModule dependencies initialized
[2026-08-19T08:49:36.618Z] [LOG] [InstanceLoader] TypeOrmModule dependencies initialized
[2026-08-19T08:49:36.617Z] [LOG] [InstanceLoader] AppModule dependencies initialized
[2026-08-19T08:49:36.618Z] [LOG] [InstanceLoader] TypeOrmModule dependencies initialized
[2026-08-19T08:49:36.618Z] [LOG] [InstanceLoader] TypeOrmModule dependencies initialized
[2026-08-19T08:49:36.618Z] [LOG] [InstanceLoader] AuthModule dependencies initialized
[2026-08-19T08:49:36.618Z] [LOG] [InstanceLoader] UserModule dependencies initialized
[2026-08-19T08:49:36.618Z] [LOG] [InstanceLoader] SupplierGroupModule dependencies initialized
[2026-08-19T08:49:36.618Z] [LOG] [InstanceLoader] SupplierModule dependencies initialized
[2026-08-19T08:49:36.618Z] [LOG] [RouterExplorer] Mapped {/, GET} route
[2026-08-19T08:49:36.618Z] [LOG] [RoutesResolver] UserController {/users}:
[2026-08-19T08:49:36.618Z] [LOG] [RouterExplorer] Mapped {/users, POST} route
[2026-08-19T08:49:36.619Z] [LOG] [RouterExplorer] Mapped {/users/:id, GET} route
[2026-08-19T08:49:36.619Z] [LOG] [RouterExplorer] Mapped {/users, GET} route
[2026-08-19T08:49:36.619Z] [LOG] [RouterExplorer] Mapped {/users/:id/status, PUT} route
[2026-08-19T08:49:36.618Z] [LOG] [RoutesResolver] AppController {/}:
[2026-08-19T08:49:36.619Z] [LOG] [RoutesResolver] AuthController {/auth}:
[2026-08-19T08:49:36.619Z] [LOG] [RouterExplorer] Mapped {/auth/login, POST} route
[2026-08-19T08:49:36.619Z] [LOG] [RouterExplorer] Mapped {/auth/me, GET} route
[2026-08-19T08:49:36.619Z] [LOG] [RouterExplorer] Mapped {/auth/refresh, POST} route
[2026-08-19T08:49:36.619Z] [LOG] [RouterExplorer] Mapped {/suppliers, POST} route
[2026-08-19T08:49:36.619Z] [LOG] [RoutesResolver] SupplierController {/suppliers}:
[2026-08-19T08:49:36.619Z] [LOG] [RouterExplorer] Mapped {/auth/logout, POST} route
[2026-08-19T08:49:36.619Z] [LOG] [RouterExplorer] Mapped {/suppliers/:id, GET} route
[2026-08-19T08:49:36.619Z] [LOG] [RoutesResolver] SupplierGroupController {/supplier-groups}:
[2026-08-19T08:49:36.619Z] [LOG] [RouterExplorer] Mapped {/supplier-groups, POST} route
[2026-08-19T08:49:36.620Z] [LOG] [RouterExplorer] Mapped {/supplier-groups/:id, GET} route
[2026-08-19T08:49:36.619Z] [LOG] [RouterExplorer] Mapped {/suppliers, GET} route
[2026-08-19T08:49:36.619Z] [LOG] [RouterExplorer] Mapped {/supplier-groups, GET} route
[2026-08-19T08:49:36.620Z] [LOG] [RouterExplorer] Mapped {/supplier-groups/:id, PUT} route
[2026-08-19T08:49:36.620Z] [LOG] [RouterExplorer] Mapped {/supplier-groups/:id/assign-suppliers, POST} route
[2026-08-19T08:49:36.620Z] [LOG] [NestApplication] Nest application successfully started
[2026-08-19T08:49:36.620Z] [LOG] [RouterExplorer] Mapped {/supplier-groups/:id/status, PUT} route
[2026-08-19T08:49:38.326Z] [LOG] [NestFactory] Starting Nest application...
[2026-08-19T08:49:38.327Z] [LOG] [InstanceLoader] TypeOrmModule dependencies initialized
[2026-08-19T08:49:38.327Z] [LOG] [InstanceLoader] TokenModule dependencies initialized
[2026-08-19T08:49:38.327Z] [LOG] [InstanceLoader] AppModule dependencies initialized
[2026-08-19T08:49:38.327Z] [LOG] [InstanceLoader] ConfigHostModule dependencies initialized
[2026-08-19T08:49:38.328Z] [LOG] [InstanceLoader] ConfigModule dependencies initialized
[2026-08-19T08:49:38.327Z] [LOG] [InstanceLoader] ConfigModule dependencies initialized
[2026-08-19T08:49:38.328Z] [LOG] [InstanceLoader] RedisModule dependencies initialized
[2026-08-19T08:49:38.328Z] [LOG] [InstanceLoader] TypeOrmCoreModule dependencies initialized
[2026-08-19T08:49:38.328Z] [LOG] [InstanceLoader] TypeOrmModule dependencies initialized
[2026-08-19T08:49:38.328Z] [LOG] [InstanceLoader] TypeOrmModule dependencies initialized
[2026-08-19T08:49:38.328Z] [LOG] [InstanceLoader] JwtModule dependencies initialized
[2026-08-19T08:49:38.328Z] [LOG] [InstanceLoader] AuthModule dependencies initialized
[2026-08-19T08:49:38.328Z] [LOG] [InstanceLoader] UserModule dependencies initialized
[2026-08-19T08:49:38.328Z] [LOG] [InstanceLoader] TypeOrmModule dependencies initialized
[2026-08-19T08:49:38.328Z] [LOG] [InstanceLoader] SupplierModule dependencies initialized
[2026-08-19T08:49:38.329Z] [LOG] [RouterExplorer] Mapped {/, GET} route
[2026-08-19T08:49:38.329Z] [LOG] [InstanceLoader] SupplierGroupModule dependencies initialized
[2026-08-19T08:49:38.329Z] [LOG] [RoutesResolver] UserController {/users}:
[2026-08-19T08:49:38.329Z] [LOG] [RouterExplorer] Mapped {/users, POST} route
[2026-08-19T08:49:38.329Z] [LOG] [RouterExplorer] Mapped {/users/:id, GET} route
[2026-08-19T08:49:38.329Z] [LOG] [RouterExplorer] Mapped {/users, GET} route
[2026-08-19T08:49:38.329Z] [LOG] [RouterExplorer] Mapped {/users/:id/status, PUT} route
[2026-08-19T08:49:38.329Z] [LOG] [RoutesResolver] AuthController {/auth}:
[2026-08-19T08:49:38.329Z] [LOG] [RouterExplorer] Mapped {/auth/login, POST} route
[2026-08-19T08:49:38.329Z] [LOG] [RouterExplorer] Mapped {/auth/logout, POST} route
[2026-08-19T08:49:38.329Z] [LOG] [RouterExplorer] Mapped {/auth/refresh, POST} route
[2026-08-19T08:49:38.330Z] [LOG] [RoutesResolver] SupplierController {/suppliers}:
[2026-08-19T08:49:38.329Z] [LOG] [RouterExplorer] Mapped {/auth/me, GET} route
[2026-08-19T08:49:38.330Z] [LOG] [RouterExplorer] Mapped {/suppliers, POST} route
[2026-08-19T08:49:38.329Z] [LOG] [RoutesResolver] AppController {/}:
[2026-08-19T08:49:38.330Z] [LOG] [RouterExplorer] Mapped {/suppliers, GET} route
[2026-08-19T08:49:38.330Z] [LOG] [RoutesResolver] SupplierGroupController {/supplier-groups}:
[2026-08-19T08:49:38.330Z] [LOG] [RouterExplorer] Mapped {/suppliers/:id, GET} route
[2026-08-19T08:49:38.330Z] [LOG] [RouterExplorer] Mapped {/supplier-groups, GET} route
[2026-08-19T08:49:38.330Z] [LOG] [RouterExplorer] Mapped {/supplier-groups, POST} route
[2026-08-19T08:49:38.330Z] [LOG] [RouterExplorer] Mapped {/supplier-groups/:id, GET} route
[2026-08-19T08:49:38.330Z] [LOG] [RouterExplorer] Mapped {/supplier-groups/:id/status, PUT} route
[2026-08-19T08:49:38.330Z] [LOG] [NestApplication] Nest application successfully started
[2026-08-19T08:49:38.330Z] [LOG] [RouterExplorer] Mapped {/supplier-groups/:id, PUT} route
[2026-08-19T08:49:38.330Z] [LOG] [RouterExplorer] Mapped {/supplier-groups/:id/assign-suppliers, POST} route
[2026-08-19T08:50:01.005Z] [LOG] [NestFactory] Starting Nest application...
[2026-08-19T08:50:01.005Z] [LOG] [InstanceLoader] TypeOrmModule dependencies initialized
[2026-08-19T08:50:01.006Z] [LOG] [InstanceLoader] ConfigHostModule dependencies initialized
[2026-08-19T08:50:01.006Z] [LOG] [InstanceLoader] ConfigModule dependencies initialized
[2026-08-19T08:50:01.006Z] [LOG] [InstanceLoader] ConfigModule dependencies initialized
[2026-08-19T08:50:01.006Z] [LOG] [InstanceLoader] TokenModule dependencies initialized
[2026-08-19T08:50:01.006Z] [LOG] [InstanceLoader] JwtModule dependencies initialized
[2026-08-19T08:50:01.006Z] [LOG] [InstanceLoader] AppModule dependencies initialized
[2026-08-19T08:50:01.006Z] [LOG] [InstanceLoader] RedisModule dependencies initialized
[2026-08-19T08:50:01.007Z] [LOG] [InstanceLoader] TypeOrmCoreModule dependencies initialized
[2026-08-19T08:50:01.007Z] [LOG] [InstanceLoader] TypeOrmModule dependencies initialized
[2026-08-19T08:50:01.007Z] [LOG] [InstanceLoader] TypeOrmModule dependencies initialized
[2026-08-19T08:50:01.007Z] [LOG] [InstanceLoader] TypeOrmModule dependencies initialized
[2026-08-19T08:50:01.007Z] [LOG] [InstanceLoader] UserModule dependencies initialized
[2026-08-19T08:50:01.007Z] [LOG] [InstanceLoader] SupplierModule dependencies initialized
[2026-08-19T08:50:01.007Z] [LOG] [InstanceLoader] SupplierGroupModule dependencies initialized
[2026-08-19T08:50:01.007Z] [LOG] [InstanceLoader] AuthModule dependencies initialized
[2026-08-19T08:50:01.007Z] [LOG] [RoutesResolver] UserController {/users}:
[2026-08-19T08:50:01.007Z] [LOG] [RoutesResolver] AppController {/}:
[2026-08-19T08:50:01.007Z] [LOG] [RouterExplorer] Mapped {/, GET} route
[2026-08-19T08:50:01.007Z] [LOG] [RouterExplorer] Mapped {/users, GET} route
[2026-08-19T08:50:01.007Z] [LOG] [RouterExplorer] Mapped {/users/:id, GET} route
[2026-08-19T08:50:01.008Z] [LOG] [RoutesResolver] AuthController {/auth}:
[2026-08-19T08:50:01.007Z] [LOG] [RouterExplorer] Mapped {/users/:id/status, PUT} route
[2026-08-19T08:50:01.008Z] [LOG] [RouterExplorer] Mapped {/auth/refresh, POST} route
[2026-08-19T08:50:01.007Z] [LOG] [RouterExplorer] Mapped {/users, POST} route
[2026-08-19T08:50:01.008Z] [LOG] [RouterExplorer] Mapped {/auth/login, POST} route
[2026-08-19T08:50:01.008Z] [LOG] [RouterExplorer] Mapped {/auth/me, GET} route
[2026-08-19T08:50:01.008Z] [LOG] [RouterExplorer] Mapped {/auth/logout, POST} route
[2026-08-19T08:50:01.008Z] [LOG] [RouterExplorer] Mapped {/suppliers, GET} route
[2026-08-19T08:50:01.008Z] [LOG] [RoutesResolver] SupplierController {/suppliers}:
[2026-08-19T08:50:01.008Z] [LOG] [RouterExplorer] Mapped {/suppliers/:id, GET} route
[2026-08-19T08:50:01.008Z] [LOG] [RoutesResolver] SupplierGroupController {/supplier-groups}:
[2026-08-19T08:50:01.008Z] [LOG] [RouterExplorer] Mapped {/supplier-groups, POST} route
[2026-08-19T08:50:01.008Z] [LOG] [RouterExplorer] Mapped {/suppliers, POST} route
[2026-08-19T08:50:01.009Z] [LOG] [RouterExplorer] Mapped {/supplier-groups, GET} route
[2026-08-19T08:50:01.009Z] [LOG] [RouterExplorer] Mapped {/supplier-groups/:id, PUT} route
[2026-08-19T08:50:01.009Z] [LOG] [RouterExplorer] Mapped {/supplier-groups/:id/status, PUT} route
[2026-08-19T08:50:01.009Z] [LOG] [RouterExplorer] Mapped {/supplier-groups/:id, GET} route
[2026-08-19T08:50:01.009Z] [LOG] [RouterExplorer] Mapped {/supplier-groups/:id/assign-suppliers, POST} route
[2026-08-19T08:50:01.009Z] [LOG] [NestApplication] Nest application successfully started
[2026-08-19T08:50:58.588Z] [LOG] [NestFactory] Starting Nest application...
[2026-08-19T08:50:58.588Z] [LOG] [InstanceLoader] TypeOrmModule dependencies initialized
[2026-08-19T08:50:58.589Z] [LOG] [InstanceLoader] ConfigHostModule dependencies initialized
[2026-08-19T08:50:58.588Z] [LOG] [InstanceLoader] TokenModule dependencies initialized
[2026-08-19T08:50:58.589Z] [LOG] [InstanceLoader] AppModule dependencies initialized
[2026-08-19T08:50:58.589Z] [LOG] [InstanceLoader] ConfigModule dependencies initialized
[2026-08-19T08:50:58.589Z] [LOG] [InstanceLoader] ConfigModule dependencies initialized
[2026-08-19T08:50:58.589Z] [LOG] [InstanceLoader] RedisModule dependencies initialized
[2026-08-19T08:50:58.589Z] [LOG] [InstanceLoader] JwtModule dependencies initialized
[2026-08-19T08:50:58.589Z] [LOG] [InstanceLoader] TypeOrmCoreModule dependencies initialized
[2026-08-19T08:50:58.589Z] [LOG] [InstanceLoader] TypeOrmModule dependencies initialized
[2026-08-19T08:50:58.589Z] [LOG] [InstanceLoader] TypeOrmModule dependencies initialized
[2026-08-19T08:50:58.589Z] [LOG] [InstanceLoader] TypeOrmModule dependencies initialized
[2026-08-19T08:50:58.590Z] [LOG] [InstanceLoader] AuthModule dependencies initialized
[2026-08-19T08:50:58.590Z] [LOG] [InstanceLoader] UserModule dependencies initialized
[2026-08-19T08:50:58.590Z] [LOG] [InstanceLoader] SupplierModule dependencies initialized
[2026-08-19T08:50:58.590Z] [LOG] [InstanceLoader] SupplierGroupModule dependencies initialized
[2026-08-19T08:50:58.590Z] [LOG] [RoutesResolver] AppController {/}:
[2026-08-19T08:50:58.590Z] [LOG] [RouterExplorer] Mapped {/, GET} route
[2026-08-19T08:50:58.590Z] [LOG] [RoutesResolver] UserController {/users}:
[2026-08-19T08:50:58.590Z] [LOG] [RouterExplorer] Mapped {/users, POST} route
[2026-08-19T08:50:58.590Z] [LOG] [RouterExplorer] Mapped {/users, GET} route
[2026-08-19T08:50:58.590Z] [LOG] [RouterExplorer] Mapped {/users/:id, GET} route
[2026-08-19T08:50:58.590Z] [LOG] [RouterExplorer] Mapped {/users/:id/status, PUT} route
[2026-08-19T08:50:58.591Z] [LOG] [RoutesResolver] AuthController {/auth}:
[2026-08-19T08:50:58.591Z] [LOG] [RouterExplorer] Mapped {/auth/login, POST} route
[2026-08-19T08:50:58.591Z] [LOG] [RouterExplorer] Mapped {/auth/logout, POST} route
[2026-08-19T08:50:58.591Z] [LOG] [RouterExplorer] Mapped {/auth/refresh, POST} route
[2026-08-19T08:50:58.591Z] [LOG] [RouterExplorer] Mapped {/auth/me, GET} route
[2026-08-19T08:50:58.591Z] [LOG] [RoutesResolver] SupplierController {/suppliers}:
[2026-08-19T08:50:58.591Z] [LOG] [RouterExplorer] Mapped {/suppliers/:id, GET} route
[2026-08-19T08:50:58.591Z] [LOG] [RouterExplorer] Mapped {/suppliers, GET} route
[2026-08-19T08:50:58.591Z] [LOG] [RoutesResolver] SupplierGroupController {/supplier-groups}:
[2026-08-19T08:50:58.592Z] [LOG] [RouterExplorer] Mapped {/supplier-groups, GET} route
[2026-08-19T08:50:58.592Z] [LOG] [RouterExplorer] Mapped {/supplier-groups, POST} route
[2026-08-19T08:50:58.592Z] [LOG] [RouterExplorer] Mapped {/supplier-groups/:id, GET} route
[2026-08-19T08:50:58.592Z] [LOG] [RouterExplorer] Mapped {/supplier-groups/:id/status, PUT} route
[2026-08-19T08:50:58.592Z] [LOG] [RouterExplorer] Mapped {/supplier-groups/:id, PUT} route
[2026-08-19T08:50:58.592Z] [LOG] [RouterExplorer] Mapped {/supplier-groups/:id/assign-suppliers, POST} route
[2026-08-19T08:50:58.592Z] [LOG] [NestApplication] Nest application successfully started
[2026-08-19T08:50:58.591Z] [LOG] [RouterExplorer] Mapped {/suppliers, POST} route
[2026-08-19T08:57:50.978Z] [LOG] [NestFactory] Starting Nest application...
[2026-08-19T08:57:50.978Z] [LOG] [InstanceLoader] TypeOrmModule dependencies initialized
[2026-08-19T08:57:50.979Z] [LOG] [InstanceLoader] ConfigHostModule dependencies initialized
[2026-08-19T08:57:50.979Z] [LOG] [InstanceLoader] ConfigModule dependencies initialized
[2026-08-19T08:57:50.979Z] [LOG] [InstanceLoader] ConfigModule dependencies initialized
[2026-08-19T08:57:50.979Z] [LOG] [InstanceLoader] AppModule dependencies initialized
[2026-08-19T08:57:50.978Z] [LOG] [InstanceLoader] TokenModule dependencies initialized
[2026-08-19T08:57:50.980Z] [LOG] [InstanceLoader] TypeOrmCoreModule dependencies initialized
[2026-08-19T08:57:50.980Z] [LOG] [InstanceLoader] TypeOrmModule dependencies initialized
[2026-08-19T08:57:50.979Z] [LOG] [InstanceLoader] RedisModule dependencies initialized
[2026-08-19T08:57:50.979Z] [LOG] [InstanceLoader] JwtModule dependencies initialized
[2026-08-19T08:57:50.980Z] [LOG] [InstanceLoader] TypeOrmModule dependencies initialized
[2026-08-19T08:57:50.980Z] [LOG] [InstanceLoader] TypeOrmModule dependencies initialized
[2026-08-19T08:57:50.980Z] [LOG] [InstanceLoader] SupplierModule dependencies initialized
[2026-08-19T08:57:50.980Z] [LOG] [InstanceLoader] UserModule dependencies initialized
[2026-08-19T08:57:50.980Z] [LOG] [InstanceLoader] SupplierGroupModule dependencies initialized
[2026-08-19T08:57:50.980Z] [LOG] [RoutesResolver] AppController {/}:
[2026-08-19T08:57:50.980Z] [LOG] [InstanceLoader] AuthModule dependencies initialized
[2026-08-19T08:57:50.980Z] [LOG] [RouterExplorer] Mapped {/, GET} route
[2026-08-19T08:57:50.981Z] [LOG] [RouterExplorer] Mapped {/users, POST} route
[2026-08-19T08:57:50.981Z] [LOG] [RouterExplorer] Mapped {/users/:id, GET} route
[2026-08-19T08:57:50.981Z] [LOG] [RouterExplorer] Mapped {/users, GET} route
[2026-08-19T08:57:50.981Z] [LOG] [RouterExplorer] Mapped {/users/:id/status, PUT} route
[2026-08-19T08:57:50.981Z] [LOG] [RouterExplorer] Mapped {/auth/login, POST} route
[2026-08-19T08:57:50.981Z] [LOG] [RoutesResolver] AuthController {/auth}:
[2026-08-19T08:57:50.980Z] [LOG] [RoutesResolver] UserController {/users}:
[2026-08-19T08:57:50.981Z] [LOG] [RouterExplorer] Mapped {/auth/logout, POST} route
[2026-08-19T08:57:50.981Z] [LOG] [RouterExplorer] Mapped {/auth/refresh, POST} route
[2026-08-19T08:57:50.981Z] [LOG] [RouterExplorer] Mapped {/suppliers, POST} route
[2026-08-19T08:57:50.981Z] [LOG] [RoutesResolver] SupplierController {/suppliers}:
[2026-08-19T08:57:50.981Z] [LOG] [RouterExplorer] Mapped {/suppliers/:id, GET} route
[2026-08-19T08:57:50.982Z] [LOG] [RoutesResolver] SupplierGroupController {/supplier-groups}:
[2026-08-19T08:57:50.981Z] [LOG] [RouterExplorer] Mapped {/auth/me, GET} route
[2026-08-19T08:57:50.981Z] [LOG] [RouterExplorer] Mapped {/suppliers, GET} route
[2026-08-19T08:57:50.982Z] [LOG] [RouterExplorer] Mapped {/supplier-groups, GET} route
[2026-08-19T08:57:50.982Z] [LOG] [RouterExplorer] Mapped {/supplier-groups/:id, GET} route
[2026-08-19T08:57:50.982Z] [LOG] [RouterExplorer] Mapped {/supplier-groups/:id/status, PUT} route
[2026-08-19T08:57:50.982Z] [LOG] [RouterExplorer] Mapped {/supplier-groups/:id, PUT} route
[2026-08-19T08:57:50.982Z] [LOG] [RouterExplorer] Mapped {/supplier-groups/:id/assign-suppliers, POST} route
[2026-08-19T08:57:50.982Z] [LOG] [RouterExplorer] Mapped {/supplier-groups, POST} route
[2026-08-19T08:57:50.982Z] [LOG] [NestApplication] Nest application successfully started
[2026-08-19T08:58:05.189Z] [LOG] [NestFactory] Starting Nest application...
[2026-08-19T08:58:05.189Z] [LOG] [InstanceLoader] TypeOrmModule dependencies initialized
[2026-08-19T08:58:05.189Z] [LOG] [InstanceLoader] ConfigHostModule dependencies initialized
[2026-08-19T08:58:05.189Z] [LOG] [InstanceLoader] ConfigModule dependencies initialized
[2026-08-19T08:58:05.189Z] [LOG] [InstanceLoader] AppModule dependencies initialized
[2026-08-19T08:58:05.189Z] [LOG] [InstanceLoader] ConfigModule dependencies initialized
[2026-08-19T08:58:05.190Z] [LOG] [InstanceLoader] JwtModule dependencies initialized
[2026-08-19T08:58:05.189Z] [LOG] [InstanceLoader] TokenModule dependencies initialized
[2026-08-19T08:58:05.190Z] [LOG] [InstanceLoader] TypeOrmCoreModule dependencies initialized
[2026-08-19T08:58:05.190Z] [LOG] [InstanceLoader] TypeOrmModule dependencies initialized
[2026-08-19T08:58:05.190Z] [LOG] [InstanceLoader] TypeOrmModule dependencies initialized
[2026-08-19T08:58:05.190Z] [LOG] [InstanceLoader] RedisModule dependencies initialized
[2026-08-19T08:58:05.190Z] [LOG] [InstanceLoader] AuthModule dependencies initialized
[2026-08-19T08:58:05.190Z] [LOG] [InstanceLoader] TypeOrmModule dependencies initialized
[2026-08-19T08:58:05.190Z] [LOG] [InstanceLoader] SupplierModule dependencies initialized
[2026-08-19T08:58:05.191Z] [LOG] [InstanceLoader] SupplierGroupModule dependencies initialized
[2026-08-19T08:58:05.191Z] [LOG] [RouterExplorer] Mapped {/, GET} route
[2026-08-19T08:58:05.190Z] [LOG] [InstanceLoader] UserModule dependencies initialized
[2026-08-19T08:58:05.191Z] [LOG] [RoutesResolver] UserController {/users}:
[2026-08-19T08:58:05.191Z] [LOG] [RoutesResolver] AppController {/}:
[2026-08-19T08:58:05.191Z] [LOG] [RouterExplorer] Mapped {/users, POST} route
[2026-08-19T08:58:05.191Z] [LOG] [RouterExplorer] Mapped {/users/:id, GET} route
[2026-08-19T08:58:05.191Z] [LOG] [RoutesResolver] AuthController {/auth}:
[2026-08-19T08:58:05.191Z] [LOG] [RouterExplorer] Mapped {/users/:id/status, PUT} route
[2026-08-19T08:58:05.191Z] [LOG] [RouterExplorer] Mapped {/users, GET} route
[2026-08-19T08:58:05.191Z] [LOG] [RouterExplorer] Mapped {/auth/login, POST} route
[2026-08-19T08:58:05.191Z] [LOG] [RouterExplorer] Mapped {/auth/refresh, POST} route
[2026-08-19T08:58:05.192Z] [LOG] [RoutesResolver] SupplierController {/suppliers}:
[2026-08-19T08:58:05.192Z] [LOG] [RouterExplorer] Mapped {/auth/logout, POST} route
[2026-08-19T08:58:05.192Z] [LOG] [RouterExplorer] Mapped {/suppliers, POST} route
[2026-08-19T08:58:05.192Z] [LOG] [RouterExplorer] Mapped {/suppliers/:id, GET} route
[2026-08-19T08:58:05.192Z] [LOG] [RoutesResolver] SupplierGroupController {/supplier-groups}:
[2026-08-19T08:58:05.192Z] [LOG] [RouterExplorer] Mapped {/suppliers, GET} route
[2026-08-19T08:58:05.192Z] [LOG] [RouterExplorer] Mapped {/supplier-groups, POST} route
[2026-08-19T08:58:05.192Z] [LOG] [RouterExplorer] Mapped {/supplier-groups/:id, GET} route
[2026-08-19T08:58:05.192Z] [LOG] [RouterExplorer] Mapped {/supplier-groups, GET} route
[2026-08-19T08:58:05.192Z] [LOG] [RouterExplorer] Mapped {/supplier-groups/:id, PUT} route
[2026-08-19T08:58:05.193Z] [LOG] [RouterExplorer] Mapped {/supplier-groups/:id/assign-suppliers, POST} route
[2026-08-19T08:58:05.193Z] [LOG] [RouterExplorer] Mapped {/supplier-groups/:id/status, PUT} route
[2026-08-19T08:58:05.193Z] [LOG] [NestApplication] Nest application successfully started
[2026-08-19T08:58:05.192Z] [LOG] [RouterExplorer] Mapped {/auth/me, GET} route
[2026-08-19T08:59:14.060Z] [LOG] [NestFactory] Starting Nest application...
[2026-08-19T08:59:14.060Z] [LOG] [InstanceLoader] TypeOrmModule dependencies initialized
[2026-08-19T08:59:14.060Z] [LOG] [InstanceLoader] TokenModule dependencies initialized
[2026-08-19T08:59:14.061Z] [LOG] [InstanceLoader] AppModule dependencies initialized
[2026-08-19T08:59:14.061Z] [LOG] [InstanceLoader] ConfigHostModule dependencies initialized
[2026-08-19T08:59:14.061Z] [LOG] [InstanceLoader] RedisModule dependencies initialized
[2026-08-19T08:59:14.061Z] [LOG] [InstanceLoader] ConfigModule dependencies initialized
[2026-08-19T08:59:14.061Z] [LOG] [InstanceLoader] TypeOrmCoreModule dependencies initialized
[2026-08-19T08:59:14.062Z] [LOG] [InstanceLoader] TypeOrmModule dependencies initialized
[2026-08-19T08:59:14.061Z] [LOG] [InstanceLoader] JwtModule dependencies initialized
[2026-08-19T08:59:14.062Z] [LOG] [InstanceLoader] TypeOrmModule dependencies initialized
[2026-08-19T08:59:14.061Z] [LOG] [InstanceLoader] ConfigModule dependencies initialized
[2026-08-19T08:59:14.062Z] [LOG] [InstanceLoader] TypeOrmModule dependencies initialized
[2026-08-19T08:59:14.062Z] [LOG] [InstanceLoader] AuthModule dependencies initialized
[2026-08-19T08:59:14.062Z] [LOG] [InstanceLoader] SupplierModule dependencies initialized
[2026-08-19T08:59:14.062Z] [LOG] [InstanceLoader] SupplierGroupModule dependencies initialized
[2026-08-19T08:59:14.062Z] [LOG] [InstanceLoader] UserModule dependencies initialized
[2026-08-19T08:59:14.062Z] [LOG] [RoutesResolver] AppController {/}:
[2026-08-19T08:59:14.062Z] [LOG] [RouterExplorer] Mapped {/, GET} route
[2026-08-19T08:59:14.063Z] [LOG] [RouterExplorer] Mapped {/users, POST} route
[2026-08-19T08:59:14.062Z] [LOG] [RoutesResolver] UserController {/users}:
[2026-08-19T08:59:14.063Z] [LOG] [RouterExplorer] Mapped {/users/:id, GET} route
[2026-08-19T08:59:14.063Z] [LOG] [RouterExplorer] Mapped {/users/:id/status, PUT} route
[2026-08-19T08:59:14.063Z] [LOG] [RouterExplorer] Mapped {/users, GET} route
[2026-08-19T08:59:14.063Z] [LOG] [RouterExplorer] Mapped {/auth/refresh, POST} route
[2026-08-19T08:59:14.063Z] [LOG] [RoutesResolver] AuthController {/auth}:
[2026-08-19T08:59:14.063Z] [LOG] [RouterExplorer] Mapped {/auth/login, POST} route
[2026-08-19T08:59:14.063Z] [LOG] [RouterExplorer] Mapped {/auth/logout, POST} route
[2026-08-19T08:59:14.063Z] [LOG] [RouterExplorer] Mapped {/suppliers, POST} route
[2026-08-19T08:59:14.063Z] [LOG] [RoutesResolver] SupplierController {/suppliers}:
[2026-08-19T08:59:14.063Z] [LOG] [RouterExplorer] Mapped {/suppliers/:id, GET} route
[2026-08-19T08:59:14.063Z] [LOG] [RouterExplorer] Mapped {/auth/me, GET} route
[2026-08-19T08:59:14.063Z] [LOG] [RouterExplorer] Mapped {/suppliers, GET} route
[2026-08-19T08:59:14.064Z] [LOG] [RouterExplorer] Mapped {/supplier-groups, POST} route
[2026-08-19T08:59:14.063Z] [LOG] [RoutesResolver] SupplierGroupController {/supplier-groups}:
[2026-08-19T08:59:14.064Z] [LOG] [RouterExplorer] Mapped {/supplier-groups/:id, GET} route
[2026-08-19T08:59:14.064Z] [LOG] [RouterExplorer] Mapped {/supplier-groups/:id/status, PUT} route
[2026-08-19T08:59:14.064Z] [LOG] [RouterExplorer] Mapped {/supplier-groups/:id, PUT} route
[2026-08-19T08:59:14.064Z] [LOG] [RouterExplorer] Mapped {/supplier-groups/:id/assign-suppliers, POST} route
[2026-08-19T08:59:14.064Z] [LOG] [NestApplication] Nest application successfully started
[2026-08-19T08:59:14.064Z] [LOG] [RouterExplorer] Mapped {/supplier-groups, GET} route
[2026-08-19T08:59:25.311Z] [LOG] [InstanceLoader] TypeOrmModule dependencies initialized
[2026-08-19T08:59:25.311Z] [LOG] [NestFactory] Starting Nest application...
[2026-08-19T08:59:25.311Z] [LOG] [InstanceLoader] TokenModule dependencies initialized
[2026-08-19T08:59:25.311Z] [LOG] [InstanceLoader] AppModule dependencies initialized
[2026-08-19T08:59:25.311Z] [LOG] [InstanceLoader] ConfigHostModule dependencies initialized
[2026-08-19T08:59:25.312Z] [LOG] [InstanceLoader] ConfigModule dependencies initialized
[2026-08-19T08:59:25.311Z] [LOG] [InstanceLoader] ConfigModule dependencies initialized
[2026-08-19T08:59:25.312Z] [LOG] [InstanceLoader] TypeOrmCoreModule dependencies initialized
[2026-08-19T08:59:25.312Z] [LOG] [InstanceLoader] JwtModule dependencies initialized
[2026-08-19T08:59:25.312Z] [LOG] [InstanceLoader] TypeOrmModule dependencies initialized
[2026-08-19T08:59:25.312Z] [LOG] [InstanceLoader] RedisModule dependencies initialized
[2026-08-19T08:59:25.312Z] [LOG] [InstanceLoader] TypeOrmModule dependencies initialized
[2026-08-19T08:59:25.312Z] [LOG] [InstanceLoader] UserModule dependencies initialized
[2026-08-19T08:59:25.312Z] [LOG] [InstanceLoader] TypeOrmModule dependencies initialized
[2026-08-19T08:59:25.313Z] [LOG] [InstanceLoader] SupplierModule dependencies initialized
[2026-08-19T08:59:25.313Z] [LOG] [InstanceLoader] SupplierGroupModule dependencies initialized
[2026-08-19T08:59:25.313Z] [LOG] [RouterExplorer] Mapped {/, GET} route
[2026-08-19T08:59:25.312Z] [LOG] [InstanceLoader] AuthModule dependencies initialized
[2026-08-19T08:59:25.313Z] [LOG] [RoutesResolver] AppController {/}:
[2026-08-19T08:59:25.313Z] [LOG] [RouterExplorer] Mapped {/users, POST} route
[2026-08-19T08:59:25.313Z] [LOG] [RouterExplorer] Mapped {/users/:id, GET} route
[2026-08-19T08:59:25.313Z] [LOG] [RouterExplorer] Mapped {/users/:id/status, PUT} route
[2026-08-19T08:59:25.313Z] [LOG] [RouterExplorer] Mapped {/users, GET} route
[2026-08-19T08:59:25.313Z] [LOG] [RouterExplorer] Mapped {/auth/login, POST} route
[2026-08-19T08:59:25.314Z] [LOG] [RouterExplorer] Mapped {/auth/refresh, POST} route
[2026-08-19T08:59:25.313Z] [LOG] [RoutesResolver] UserController {/users}:
[2026-08-19T08:59:25.314Z] [LOG] [RouterExplorer] Mapped {/auth/logout, POST} route
[2026-08-19T08:59:25.314Z] [LOG] [RoutesResolver] SupplierController {/suppliers}:
[2026-08-19T08:59:25.314Z] [LOG] [RouterExplorer] Mapped {/auth/me, GET} route
[2026-08-19T08:59:25.314Z] [LOG] [RouterExplorer] Mapped {/suppliers, POST} route
[2026-08-19T08:59:25.313Z] [LOG] [RoutesResolver] AuthController {/auth}:
[2026-08-19T08:59:25.314Z] [LOG] [RouterExplorer] Mapped {/suppliers/:id, GET} route
[2026-08-19T08:59:25.314Z] [LOG] [RoutesResolver] SupplierGroupController {/supplier-groups}:
[2026-08-19T08:59:25.314Z] [LOG] [RouterExplorer] Mapped {/supplier-groups, GET} route
[2026-08-19T08:59:25.314Z] [LOG] [RouterExplorer] Mapped {/supplier-groups, POST} route
[2026-08-19T08:59:25.314Z] [LOG] [RouterExplorer] Mapped {/supplier-groups/:id, GET} route
[2026-08-19T08:59:25.315Z] [LOG] [RouterExplorer] Mapped {/supplier-groups/:id/status, PUT} route
[2026-08-19T08:59:25.314Z] [LOG] [RouterExplorer] Mapped {/suppliers, GET} route
[2026-08-19T08:59:25.314Z] [LOG] [RouterExplorer] Mapped {/supplier-groups/:id, PUT} route
[2026-08-19T08:59:25.315Z] [LOG] [RouterExplorer] Mapped {/supplier-groups/:id/assign-suppliers, POST} route
[2026-08-19T08:59:25.315Z] [LOG] [NestApplication] Nest application successfully started
[2026-08-19T09:00:06.370Z] [LOG] [NestFactory] Starting Nest application...
[2026-08-19T09:00:06.370Z] [LOG] [InstanceLoader] TypeOrmModule dependencies initialized
[2026-08-19T09:00:06.371Z] [LOG] [InstanceLoader] TokenModule dependencies initialized
[2026-08-19T09:00:06.371Z] [LOG] [InstanceLoader] AppModule dependencies initialized
[2026-08-19T09:00:06.371Z] [LOG] [InstanceLoader] RedisModule dependencies initialized
[2026-08-19T09:00:06.371Z] [LOG] [InstanceLoader] ConfigModule dependencies initialized
[2026-08-19T09:00:06.371Z] [LOG] [InstanceLoader] JwtModule dependencies initialized
[2026-08-19T09:00:06.371Z] [LOG] [InstanceLoader] ConfigModule dependencies initialized
[2026-08-19T09:00:06.371Z] [LOG] [InstanceLoader] TypeOrmCoreModule dependencies initialized
[2026-08-19T09:00:06.371Z] [LOG] [InstanceLoader] TypeOrmModule dependencies initialized
[2026-08-19T09:00:06.371Z] [LOG] [InstanceLoader] ConfigHostModule dependencies initialized
[2026-08-19T09:00:06.372Z] [LOG] [InstanceLoader] AuthModule dependencies initialized
[2026-08-19T09:00:06.372Z] [LOG] [InstanceLoader] TypeOrmModule dependencies initialized
[2026-08-19T09:00:06.372Z] [LOG] [InstanceLoader] SupplierModule dependencies initialized
[2026-08-19T09:00:06.371Z] [LOG] [InstanceLoader] TypeOrmModule dependencies initialized
[2026-08-19T09:00:06.372Z] [LOG] [RoutesResolver] AppController {/}:
[2026-08-19T09:00:06.372Z] [LOG] [InstanceLoader] SupplierGroupModule dependencies initialized
[2026-08-19T09:00:06.372Z] [LOG] [InstanceLoader] UserModule dependencies initialized
[2026-08-19T09:00:06.372Z] [LOG] [RouterExplorer] Mapped {/users, POST} route
[2026-08-19T09:00:06.372Z] [LOG] [RouterExplorer] Mapped {/, GET} route
[2026-08-19T09:00:06.372Z] [LOG] [RoutesResolver] UserController {/users}:
[2026-08-19T09:00:06.372Z] [LOG] [RouterExplorer] Mapped {/users, GET} route
[2026-08-19T09:00:06.372Z] [LOG] [RoutesResolver] AuthController {/auth}:
[2026-08-19T09:00:06.372Z] [LOG] [RouterExplorer] Mapped {/users/:id, GET} route
[2026-08-19T09:00:06.372Z] [LOG] [RouterExplorer] Mapped {/users/:id/status, PUT} route
[2026-08-19T09:00:06.373Z] [LOG] [RouterExplorer] Mapped {/auth/logout, POST} route
[2026-08-19T09:00:06.372Z] [LOG] [RouterExplorer] Mapped {/auth/login, POST} route
[2026-08-19T09:00:06.372Z] [LOG] [RouterExplorer] Mapped {/auth/refresh, POST} route
[2026-08-19T09:00:06.373Z] [LOG] [RouterExplorer] Mapped {/suppliers, POST} route
[2026-08-19T09:00:06.373Z] [LOG] [RoutesResolver] SupplierController {/suppliers}:
[2026-08-19T09:00:06.373Z] [LOG] [RouterExplorer] Mapped {/suppliers/:id, GET} route
[2026-08-19T09:00:06.373Z] [LOG] [RouterExplorer] Mapped {/auth/me, GET} route
[2026-08-19T09:00:06.373Z] [LOG] [RoutesResolver] SupplierGroupController {/supplier-groups}:
[2026-08-19T09:00:06.373Z] [LOG] [RouterExplorer] Mapped {/supplier-groups, GET} route
[2026-08-19T09:00:06.373Z] [LOG] [RouterExplorer] Mapped {/suppliers, GET} route
[2026-08-19T09:00:06.373Z] [LOG] [RouterExplorer] Mapped {/supplier-groups, POST} route
[2026-08-19T09:00:06.373Z] [LOG] [RouterExplorer] Mapped {/supplier-groups/:id, GET} route
[2026-08-19T09:00:06.373Z] [LOG] [RouterExplorer] Mapped {/supplier-groups/:id/status, PUT} route
[2026-08-19T09:00:06.373Z] [LOG] [RouterExplorer] Mapped {/supplier-groups/:id/assign-suppliers, POST} route
[2026-08-19T09:00:06.373Z] [LOG] [NestApplication] Nest application successfully started
[2026-08-19T09:00:06.373Z] [LOG] [RouterExplorer] Mapped {/supplier-groups/:id, PUT} route
[2026-08-19T09:05:10.865Z] [LOG] [NestFactory] Starting Nest application...
[2026-08-19T09:05:10.865Z] [LOG] [InstanceLoader] TypeOrmModule dependencies initialized
[2026-08-19T09:05:10.865Z] [LOG] [InstanceLoader] TokenModule dependencies initialized
[2026-08-19T09:05:10.866Z] [LOG] [InstanceLoader] AppModule dependencies initialized
[2026-08-19T09:05:10.866Z] [LOG] [InstanceLoader] RedisModule dependencies initialized
[2026-08-19T09:05:10.866Z] [LOG] [InstanceLoader] ConfigHostModule dependencies initialized
[2026-08-19T09:05:10.866Z] [LOG] [InstanceLoader] ConfigModule dependencies initialized
[2026-08-19T09:05:10.866Z] [LOG] [InstanceLoader] TypeOrmCoreModule dependencies initialized
[2026-08-19T09:05:10.866Z] [LOG] [InstanceLoader] ConfigModule dependencies initialized
[2026-08-19T09:05:10.867Z] [LOG] [InstanceLoader] TypeOrmModule dependencies initialized
[2026-08-19T09:05:10.866Z] [LOG] [InstanceLoader] JwtModule dependencies initialized
[2026-08-19T09:05:10.867Z] [LOG] [InstanceLoader] TypeOrmModule dependencies initialized
[2026-08-19T09:05:10.867Z] [LOG] [InstanceLoader] AuthModule dependencies initialized
[2026-08-19T09:05:10.867Z] [LOG] [InstanceLoader] SupplierModule dependencies initialized
[2026-08-19T09:05:10.867Z] [LOG] [InstanceLoader] SupplierGroupModule dependencies initialized
[2026-08-19T09:05:10.867Z] [LOG] [InstanceLoader] TypeOrmModule dependencies initialized
[2026-08-19T09:05:10.867Z] [LOG] [RouterExplorer] Mapped {/, GET} route
[2026-08-19T09:05:10.867Z] [LOG] [RoutesResolver] AppController {/}:
[2026-08-19T09:05:10.867Z] [LOG] [RoutesResolver] UserController {/users}:
[2026-08-19T09:05:10.867Z] [LOG] [InstanceLoader] UserModule dependencies initialized
[2026-08-19T09:05:10.868Z] [LOG] [RouterExplorer] Mapped {/users, GET} route
[2026-08-19T09:05:10.868Z] [LOG] [RouterExplorer] Mapped {/users/:id, GET} route
[2026-08-19T09:05:10.867Z] [LOG] [RouterExplorer] Mapped {/users, POST} route
[2026-08-19T09:05:10.868Z] [LOG] [RouterExplorer] Mapped {/users/:id/status, PUT} route
[2026-08-19T09:05:10.868Z] [LOG] [RoutesResolver] AuthController {/auth}:
[2026-08-19T09:05:10.868Z] [LOG] [RouterExplorer] Mapped {/auth/login, POST} route
[2026-08-19T09:05:10.868Z] [LOG] [RouterExplorer] Mapped {/auth/logout, POST} route
[2026-08-19T09:05:10.868Z] [LOG] [RouterExplorer] Mapped {/auth/refresh, POST} route
[2026-08-19T09:05:10.868Z] [LOG] [RouterExplorer] Mapped {/auth/me, GET} route
[2026-08-19T09:05:10.868Z] [LOG] [RoutesResolver] SupplierController {/suppliers}:
[2026-08-19T09:05:10.868Z] [LOG] [RouterExplorer] Mapped {/suppliers, POST} route
[2026-08-19T09:05:10.868Z] [LOG] [RouterExplorer] Mapped {/suppliers/:id, GET} route
[2026-08-19T09:05:10.869Z] [LOG] [RouterExplorer] Mapped {/supplier-groups, POST} route
[2026-08-19T09:05:10.868Z] [LOG] [RoutesResolver] SupplierGroupController {/supplier-groups}:
[2026-08-19T09:05:10.869Z] [LOG] [RouterExplorer] Mapped {/supplier-groups, GET} route
[2026-08-19T09:05:10.869Z] [LOG] [RouterExplorer] Mapped {/supplier-groups/:id, GET} route
[2026-08-19T09:05:10.869Z] [LOG] [RouterExplorer] Mapped {/supplier-groups/:id/status, PUT} route
[2026-08-19T09:05:10.869Z] [LOG] [RouterExplorer] Mapped {/supplier-groups/:id/assign-suppliers, POST} route
[2026-08-19T09:05:10.869Z] [LOG] [NestApplication] Nest application successfully started
[2026-08-19T09:05:10.868Z] [LOG] [RouterExplorer] Mapped {/suppliers, GET} route
[2026-08-19T09:05:10.869Z] [LOG] [RouterExplorer] Mapped {/supplier-groups/:id, PUT} route
[2026-08-19T09:05:25.753Z] [LOG] [NestFactory] Starting Nest application...
[2026-08-19T09:05:25.753Z] [LOG] [InstanceLoader] TypeOrmModule dependencies initialized
[2026-08-19T09:05:25.754Z] [LOG] [InstanceLoader] ConfigHostModule dependencies initialized
[2026-08-19T09:05:25.754Z] [LOG] [InstanceLoader] ConfigModule dependencies initialized
[2026-08-19T09:05:25.754Z] [LOG] [InstanceLoader] ConfigModule dependencies initialized
[2026-08-19T09:05:25.754Z] [LOG] [InstanceLoader] RedisModule dependencies initialized
[2026-08-19T09:05:25.754Z] [LOG] [InstanceLoader] AppModule dependencies initialized
[2026-08-19T09:05:25.754Z] [LOG] [InstanceLoader] TokenModule dependencies initialized
[2026-08-19T09:05:25.754Z] [LOG] [InstanceLoader] TypeOrmModule dependencies initialized
[2026-08-19T09:05:25.754Z] [LOG] [InstanceLoader] TypeOrmCoreModule dependencies initialized
[2026-08-19T09:05:25.754Z] [LOG] [InstanceLoader] TypeOrmModule dependencies initialized
[2026-08-19T09:05:25.754Z] [LOG] [InstanceLoader] JwtModule dependencies initialized
[2026-08-19T09:05:25.755Z] [LOG] [InstanceLoader] AuthModule dependencies initialized
[2026-08-19T09:05:25.754Z] [LOG] [InstanceLoader] TypeOrmModule dependencies initialized
[2026-08-19T09:05:25.755Z] [LOG] [InstanceLoader] SupplierModule dependencies initialized
[2026-08-19T09:05:25.755Z] [LOG] [InstanceLoader] SupplierGroupModule dependencies initialized
[2026-08-19T09:05:25.755Z] [LOG] [RoutesResolver] AppController {/}:
[2026-08-19T09:05:25.755Z] [LOG] [InstanceLoader] UserModule dependencies initialized
[2026-08-19T09:05:25.755Z] [LOG] [RoutesResolver] UserController {/users}:
[2026-08-19T09:05:25.755Z] [LOG] [RouterExplorer] Mapped {/users, POST} route
[2026-08-19T09:05:25.755Z] [LOG] [RouterExplorer] Mapped {/users/:id, GET} route
[2026-08-19T09:05:25.755Z] [LOG] [RouterExplorer] Mapped {/users, GET} route
[2026-08-19T09:05:25.756Z] [LOG] [RouterExplorer] Mapped {/users/:id/status, PUT} route
[2026-08-19T09:05:25.756Z] [LOG] [RoutesResolver] AuthController {/auth}:
[2026-08-19T09:05:25.756Z] [LOG] [RouterExplorer] Mapped {/auth/login, POST} route
[2026-08-19T09:05:25.756Z] [LOG] [RouterExplorer] Mapped {/auth/refresh, POST} route
[2026-08-19T09:05:25.756Z] [LOG] [RouterExplorer] Mapped {/auth/me, GET} route
[2026-08-19T09:05:25.756Z] [LOG] [RouterExplorer] Mapped {/auth/logout, POST} route
[2026-08-19T09:05:25.755Z] [LOG] [RouterExplorer] Mapped {/, GET} route
[2026-08-19T09:05:25.756Z] [LOG] [RoutesResolver] SupplierController {/suppliers}:
[2026-08-19T09:05:25.756Z] [LOG] [RouterExplorer] Mapped {/suppliers/:id, GET} route
[2026-08-19T09:05:25.756Z] [LOG] [RoutesResolver] SupplierGroupController {/supplier-groups}:
[2026-08-19T09:05:25.756Z] [LOG] [RouterExplorer] Mapped {/suppliers, GET} route
[2026-08-19T09:05:25.757Z] [LOG] [RouterExplorer] Mapped {/supplier-groups, POST} route
[2026-08-19T09:05:25.757Z] [LOG] [RouterExplorer] Mapped {/supplier-groups/:id, GET} route
[2026-08-19T09:05:25.757Z] [LOG] [RouterExplorer] Mapped {/supplier-groups, GET} route
[2026-08-19T09:05:25.756Z] [LOG] [RouterExplorer] Mapped {/suppliers, POST} route
[2026-08-19T09:05:25.757Z] [LOG] [RouterExplorer] Mapped {/supplier-groups/:id/status, PUT} route
[2026-08-19T09:05:25.757Z] [LOG] [RouterExplorer] Mapped {/supplier-groups/:id, PUT} route
[2026-08-19T09:05:25.757Z] [LOG] [RouterExplorer] Mapped {/supplier-groups/:id/assign-suppliers, POST} route
[2026-08-19T09:05:25.757Z] [LOG] [NestApplication] Nest application successfully started
[2026-08-19T09:05:34.600Z] [LOG] [NestFactory] Starting Nest application...
[2026-08-19T09:05:34.600Z] [LOG] [InstanceLoader] TypeOrmModule dependencies initialized
[2026-08-19T09:05:34.600Z] [LOG] [InstanceLoader] TokenModule dependencies initialized
[2026-08-19T09:05:34.600Z] [LOG] [InstanceLoader] AppModule dependencies initialized
[2026-08-19T09:05:34.601Z] [LOG] [InstanceLoader] RedisModule dependencies initialized
[2026-08-19T09:05:34.600Z] [LOG] [InstanceLoader] ConfigHostModule dependencies initialized
[2026-08-19T09:05:34.601Z] [LOG] [InstanceLoader] JwtModule dependencies initialized
[2026-08-19T09:05:34.600Z] [LOG] [InstanceLoader] ConfigModule dependencies initialized
[2026-08-19T09:05:34.601Z] [LOG] [InstanceLoader] TypeOrmCoreModule dependencies initialized
[2026-08-19T09:05:34.600Z] [LOG] [InstanceLoader] ConfigModule dependencies initialized
[2026-08-19T09:05:34.601Z] [LOG] [InstanceLoader] TypeOrmModule dependencies initialized
[2026-08-19T09:05:34.601Z] [LOG] [InstanceLoader] AuthModule dependencies initialized
[2026-08-19T09:05:34.601Z] [LOG] [InstanceLoader] TypeOrmModule dependencies initialized
[2026-08-19T09:05:34.601Z] [LOG] [InstanceLoader] SupplierModule dependencies initialized
[2026-08-19T09:05:34.601Z] [LOG] [InstanceLoader] TypeOrmModule dependencies initialized
[2026-08-19T09:05:34.601Z] [LOG] [InstanceLoader] SupplierGroupModule dependencies initialized
[2026-08-19T09:05:34.601Z] [LOG] [RouterExplorer] Mapped {/, GET} route
[2026-08-19T09:05:34.601Z] [LOG] [InstanceLoader] UserModule dependencies initialized
[2026-08-19T09:05:34.601Z] [LOG] [RoutesResolver] AppController {/}:
[2026-08-19T09:05:34.602Z] [LOG] [RouterExplorer] Mapped {/users, POST} route
[2026-08-19T09:05:34.602Z] [LOG] [RouterExplorer] Mapped {/users/:id, GET} route
[2026-08-19T09:05:34.602Z] [LOG] [RouterExplorer] Mapped {/users/:id/status, PUT} route
[2026-08-19T09:05:34.602Z] [LOG] [RoutesResolver] UserController {/users}:
[2026-08-19T09:05:34.602Z] [LOG] [RouterExplorer] Mapped {/users, GET} route
[2026-08-19T09:05:34.602Z] [LOG] [RouterExplorer] Mapped {/auth/login, POST} route
[2026-08-19T09:05:34.602Z] [LOG] [RouterExplorer] Mapped {/auth/refresh, POST} route
[2026-08-19T09:05:34.602Z] [LOG] [RouterExplorer] Mapped {/auth/me, GET} route
[2026-08-19T09:05:34.602Z] [LOG] [RouterExplorer] Mapped {/auth/logout, POST} route
[2026-08-19T09:05:34.602Z] [LOG] [RoutesResolver] AuthController {/auth}:
[2026-08-19T09:05:34.602Z] [LOG] [RoutesResolver] SupplierController {/suppliers}:
[2026-08-19T09:05:34.603Z] [LOG] [RouterExplorer] Mapped {/suppliers/:id, GET} route
[2026-08-19T09:05:34.602Z] [LOG] [RouterExplorer] Mapped {/suppliers, GET} route
[2026-08-19T09:05:34.602Z] [LOG] [RouterExplorer] Mapped {/suppliers, POST} route
[2026-08-19T09:05:34.603Z] [LOG] [RouterExplorer] Mapped {/supplier-groups, GET} route
[2026-08-19T09:05:34.603Z] [LOG] [RoutesResolver] SupplierGroupController {/supplier-groups}:
[2026-08-19T09:05:34.603Z] [LOG] [RouterExplorer] Mapped {/supplier-groups/:id, GET} route
[2026-08-19T09:05:34.603Z] [LOG] [RouterExplorer] Mapped {/supplier-groups/:id, PUT} route
[2026-08-19T09:05:34.603Z] [LOG] [RouterExplorer] Mapped {/supplier-groups/:id/assign-suppliers, POST} route
[2026-08-19T09:05:34.603Z] [LOG] [RouterExplorer] Mapped {/supplier-groups/:id/status, PUT} route
[2026-08-19T09:05:34.603Z] [LOG] [RouterExplorer] Mapped {/supplier-groups, POST} route
[2026-08-19T09:05:34.603Z] [LOG] [NestApplication] Nest application successfully started
[2026-08-19T09:05:38.613Z] [LOG] [NestFactory] Starting Nest application...
[2026-08-19T09:05:38.613Z] [LOG] [InstanceLoader] TypeOrmModule dependencies initialized
[2026-08-19T09:05:38.614Z] [LOG] [InstanceLoader] ConfigHostModule dependencies initialized
[2026-08-19T09:05:38.614Z] [LOG] [InstanceLoader] ConfigModule dependencies initialized
[2026-08-19T09:05:38.613Z] [LOG] [InstanceLoader] TokenModule dependencies initialized
[2026-08-19T09:05:38.614Z] [LOG] [InstanceLoader] AppModule dependencies initialized
[2026-08-19T09:05:38.614Z] [LOG] [InstanceLoader] RedisModule dependencies initialized
[2026-08-19T09:05:38.614Z] [LOG] [InstanceLoader] ConfigModule dependencies initialized
[2026-08-19T09:05:38.615Z] [LOG] [InstanceLoader] TypeOrmModule dependencies initialized
[2026-08-19T09:05:38.614Z] [LOG] [InstanceLoader] TypeOrmCoreModule dependencies initialized
[2026-08-19T09:05:38.615Z] [LOG] [InstanceLoader] TypeOrmModule dependencies initialized
[2026-08-19T09:05:38.614Z] [LOG] [InstanceLoader] JwtModule dependencies initialized
[2026-08-19T09:05:38.615Z] [LOG] [InstanceLoader] TypeOrmModule dependencies initialized
[2026-08-19T09:05:38.615Z] [LOG] [InstanceLoader] UserModule dependencies initialized
[2026-08-19T09:05:38.615Z] [LOG] [InstanceLoader] AuthModule dependencies initialized
[2026-08-19T09:05:38.615Z] [LOG] [InstanceLoader] SupplierGroupModule dependencies initialized
[2026-08-19T09:05:38.615Z] [LOG] [InstanceLoader] SupplierModule dependencies initialized
[2026-08-19T09:05:38.615Z] [LOG] [RoutesResolver] UserController {/users}:
[2026-08-19T09:05:38.615Z] [LOG] [RoutesResolver] AppController {/}:
[2026-08-19T09:05:38.615Z] [LOG] [RouterExplorer] Mapped {/, GET} route
[2026-08-19T09:05:38.615Z] [LOG] [RouterExplorer] Mapped {/users, GET} route
[2026-08-19T09:05:38.615Z] [LOG] [RouterExplorer] Mapped {/users, POST} route
[2026-08-19T09:05:38.615Z] [LOG] [RouterExplorer] Mapped {/users/:id/status, PUT} route
[2026-08-19T09:05:38.616Z] [LOG] [RoutesResolver] AuthController {/auth}:
[2026-08-19T09:05:38.616Z] [LOG] [RouterExplorer] Mapped {/auth/login, POST} route
[2026-08-19T09:05:38.616Z] [LOG] [RouterExplorer] Mapped {/auth/refresh, POST} route
[2026-08-19T09:05:38.616Z] [LOG] [RouterExplorer] Mapped {/auth/logout, POST} route
[2026-08-19T09:05:38.616Z] [LOG] [RoutesResolver] SupplierController {/suppliers}:
[2026-08-19T09:05:38.616Z] [LOG] [RouterExplorer] Mapped {/auth/me, GET} route
[2026-08-19T09:05:38.615Z] [LOG] [RouterExplorer] Mapped {/users/:id, GET} route
[2026-08-19T09:05:38.616Z] [LOG] [RouterExplorer] Mapped {/suppliers, POST} route
[2026-08-19T09:05:38.616Z] [LOG] [RouterExplorer] Mapped {/suppliers/:id, GET} route
[2026-08-19T09:05:38.616Z] [LOG] [RoutesResolver] SupplierGroupController {/supplier-groups}:
[2026-08-19T09:05:38.616Z] [LOG] [RouterExplorer] Mapped {/supplier-groups, GET} route
[2026-08-19T09:05:38.616Z] [LOG] [RouterExplorer] Mapped {/supplier-groups, POST} route
[2026-08-19T09:05:38.616Z] [LOG] [RouterExplorer] Mapped {/supplier-groups/:id, GET} route
[2026-08-19T09:05:38.616Z] [LOG] [RouterExplorer] Mapped {/suppliers, GET} route
[2026-08-19T09:05:38.617Z] [LOG] [RouterExplorer] Mapped {/supplier-groups/:id/status, PUT} route
[2026-08-19T09:05:38.617Z] [LOG] [RouterExplorer] Mapped {/supplier-groups/:id/assign-suppliers, POST} route
[2026-08-19T09:05:38.617Z] [LOG] [NestApplication] Nest application successfully started
[2026-08-19T09:05:38.616Z] [LOG] [RouterExplorer] Mapped {/supplier-groups/:id, PUT} route
[2026-08-19T09:05:47.366Z] [LOG] [NestFactory] Starting Nest application...
[2026-08-19T09:05:47.367Z] [LOG] [InstanceLoader] TypeOrmModule dependencies initialized
[2026-08-19T09:05:47.367Z] [LOG] [InstanceLoader] ConfigHostModule dependencies initialized
[2026-08-19T09:05:47.367Z] [LOG] [InstanceLoader] TokenModule dependencies initialized
[2026-08-19T09:05:47.367Z] [LOG] [InstanceLoader] ConfigModule dependencies initialized
[2026-08-19T09:05:47.367Z] [LOG] [InstanceLoader] RedisModule dependencies initialized
[2026-08-19T09:05:47.367Z] [LOG] [InstanceLoader] ConfigModule dependencies initialized
[2026-08-19T09:05:47.367Z] [LOG] [InstanceLoader] TypeOrmCoreModule dependencies initialized
[2026-08-19T09:05:47.368Z] [LOG] [InstanceLoader] TypeOrmModule dependencies initialized
[2026-08-19T09:05:47.367Z] [LOG] [InstanceLoader] AppModule dependencies initialized
[2026-08-19T09:05:47.367Z] [LOG] [InstanceLoader] JwtModule dependencies initialized
[2026-08-19T09:05:47.368Z] [LOG] [InstanceLoader] TypeOrmModule dependencies initialized
[2026-08-19T09:05:47.368Z] [LOG] [InstanceLoader] TypeOrmModule dependencies initialized
[2026-08-19T09:05:47.368Z] [LOG] [InstanceLoader] SupplierModule dependencies initialized
[2026-08-19T09:05:47.368Z] [LOG] [InstanceLoader] UserModule dependencies initialized
[2026-08-19T09:05:47.368Z] [LOG] [InstanceLoader] SupplierGroupModule dependencies initialized
[2026-08-19T09:05:47.368Z] [LOG] [RoutesResolver] AppController {/}:
[2026-08-19T09:05:47.368Z] [LOG] [InstanceLoader] AuthModule dependencies initialized
[2026-08-19T09:05:47.368Z] [LOG] [RouterExplorer] Mapped {/users, POST} route
[2026-08-19T09:05:47.368Z] [LOG] [RoutesResolver] UserController {/users}:
[2026-08-19T09:05:47.368Z] [LOG] [RouterExplorer] Mapped {/users, GET} route
[2026-08-19T09:05:47.368Z] [LOG] [RouterExplorer] Mapped {/users/:id, GET} route
[2026-08-19T09:05:47.368Z] [LOG] [RouterExplorer] Mapped {/users/:id/status, PUT} route
[2026-08-19T09:05:47.369Z] [LOG] [RoutesResolver] AuthController {/auth}:
[2026-08-19T09:05:47.368Z] [LOG] [RouterExplorer] Mapped {/, GET} route
[2026-08-19T09:05:47.369Z] [LOG] [RouterExplorer] Mapped {/auth/login, POST} route
[2026-08-19T09:05:47.369Z] [LOG] [RouterExplorer] Mapped {/auth/refresh, POST} route
[2026-08-19T09:05:47.369Z] [LOG] [RoutesResolver] SupplierController {/suppliers}:
[2026-08-19T09:05:47.369Z] [LOG] [RouterExplorer] Mapped {/auth/logout, POST} route
[2026-08-19T09:05:47.369Z] [LOG] [RouterExplorer] Mapped {/suppliers, POST} route
[2026-08-19T09:05:47.369Z] [LOG] [RouterExplorer] Mapped {/auth/me, GET} route
[2026-08-19T09:05:47.369Z] [LOG] [RouterExplorer] Mapped {/suppliers/:id, GET} route
[2026-08-19T09:05:47.369Z] [LOG] [RoutesResolver] SupplierGroupController {/supplier-groups}:
[2026-08-19T09:05:47.369Z] [LOG] [RouterExplorer] Mapped {/supplier-groups, POST} route
[2026-08-19T09:05:47.369Z] [LOG] [RouterExplorer] Mapped {/supplier-groups, GET} route
[2026-08-19T09:05:47.369Z] [LOG] [RouterExplorer] Mapped {/supplier-groups/:id, GET} route
[2026-08-19T09:05:47.369Z] [LOG] [RouterExplorer] Mapped {/supplier-groups/:id, PUT} route
[2026-08-19T09:05:47.370Z] [LOG] [RouterExplorer] Mapped {/supplier-groups/:id/status, PUT} route
[2026-08-19T09:05:47.370Z] [LOG] [RouterExplorer] Mapped {/supplier-groups/:id/assign-suppliers, POST} route
[2026-08-19T09:05:47.370Z] [LOG] [NestApplication] Nest application successfully started
[2026-08-19T09:05:47.369Z] [LOG] [RouterExplorer] Mapped {/suppliers, GET} route
[2026-08-19T09:05:55.175Z] [LOG] [NestFactory] Starting Nest application...
[2026-08-19T09:05:55.175Z] [LOG] [InstanceLoader] TypeOrmModule dependencies initialized
[2026-08-19T09:05:55.176Z] [LOG] [InstanceLoader] ConfigHostModule dependencies initialized
[2026-08-19T09:05:55.176Z] [LOG] [InstanceLoader] TokenModule dependencies initialized
[2026-08-19T09:05:55.176Z] [LOG] [InstanceLoader] ConfigModule dependencies initialized
[2026-08-19T09:05:55.176Z] [LOG] [InstanceLoader] RedisModule dependencies initialized
[2026-08-19T09:05:55.176Z] [LOG] [InstanceLoader] AppModule dependencies initialized
[2026-08-19T09:05:55.176Z] [LOG] [InstanceLoader] ConfigModule dependencies initialized
[2026-08-19T09:05:55.177Z] [LOG] [InstanceLoader] TypeOrmCoreModule dependencies initialized
[2026-08-19T09:05:55.177Z] [LOG] [InstanceLoader] TypeOrmModule dependencies initialized
[2026-08-19T09:05:55.177Z] [LOG] [InstanceLoader] JwtModule dependencies initialized
[2026-08-19T09:05:55.177Z] [LOG] [InstanceLoader] TypeOrmModule dependencies initialized
[2026-08-19T09:05:55.177Z] [LOG] [InstanceLoader] UserModule dependencies initialized
[2026-08-19T09:05:55.177Z] [LOG] [InstanceLoader] TypeOrmModule dependencies initialized
[2026-08-19T09:05:55.177Z] [LOG] [InstanceLoader] SupplierModule dependencies initialized
[2026-08-19T09:05:55.177Z] [LOG] [RoutesResolver] AppController {/}:
[2026-08-19T09:05:55.177Z] [LOG] [InstanceLoader] SupplierGroupModule dependencies initialized
[2026-08-19T09:05:55.178Z] [LOG] [RoutesResolver] UserController {/users}:
[2026-08-19T09:05:55.177Z] [LOG] [InstanceLoader] AuthModule dependencies initialized
[2026-08-19T09:05:55.178Z] [LOG] [RouterExplorer] Mapped {/, GET} route
[2026-08-19T09:05:55.178Z] [LOG] [RouterExplorer] Mapped {/users, GET} route
[2026-08-19T09:05:55.178Z] [LOG] [RouterExplorer] Mapped {/users, POST} route
[2026-08-19T09:05:55.178Z] [LOG] [RoutesResolver] AuthController {/auth}:
[2026-08-19T09:05:55.178Z] [LOG] [RouterExplorer] Mapped {/users/:id, GET} route
[2026-08-19T09:05:55.178Z] [LOG] [RouterExplorer] Mapped {/users/:id/status, PUT} route
[2026-08-19T09:05:55.178Z] [LOG] [RouterExplorer] Mapped {/auth/login, POST} route
[2026-08-19T09:05:55.178Z] [LOG] [RouterExplorer] Mapped {/auth/refresh, POST} route
[2026-08-19T09:05:55.178Z] [LOG] [RoutesResolver] SupplierController {/suppliers}:
[2026-08-19T09:05:55.178Z] [LOG] [RouterExplorer] Mapped {/auth/logout, POST} route
[2026-08-19T09:05:55.178Z] [LOG] [RouterExplorer] Mapped {/suppliers, POST} route
[2026-08-19T09:05:55.179Z] [LOG] [RouterExplorer] Mapped {/suppliers/:id, GET} route
[2026-08-19T09:05:55.178Z] [LOG] [RouterExplorer] Mapped {/auth/me, GET} route
[2026-08-19T09:05:55.179Z] [LOG] [RoutesResolver] SupplierGroupController {/supplier-groups}:
[2026-08-19T09:05:55.179Z] [LOG] [RouterExplorer] Mapped {/supplier-groups, GET} route
[2026-08-19T09:05:55.179Z] [LOG] [RouterExplorer] Mapped {/suppliers, GET} route
[2026-08-19T09:05:55.179Z] [LOG] [RouterExplorer] Mapped {/supplier-groups, POST} route
[2026-08-19T09:05:55.179Z] [LOG] [RouterExplorer] Mapped {/supplier-groups/:id, PUT} route
[2026-08-19T09:05:55.179Z] [LOG] [RouterExplorer] Mapped {/supplier-groups/:id/assign-suppliers, POST} route
[2026-08-19T09:05:55.179Z] [LOG] [RouterExplorer] Mapped {/supplier-groups/:id/status, PUT} route
[2026-08-19T09:05:55.179Z] [LOG] [RouterExplorer] Mapped {/supplier-groups/:id, GET} route
[2026-08-19T09:05:55.179Z] [LOG] [NestApplication] Nest application successfully started
[2026-08-19T09:06:13.828Z] [LOG] [NestFactory] Starting Nest application...
[2026-08-19T09:06:13.828Z] [LOG] [InstanceLoader] TypeOrmModule dependencies initialized
[2026-08-19T09:06:13.829Z] [LOG] [InstanceLoader] TokenModule dependencies initialized
[2026-08-19T09:06:13.829Z] [LOG] [InstanceLoader] AppModule dependencies initialized
[2026-08-19T09:06:13.829Z] [LOG] [InstanceLoader] ConfigHostModule dependencies initialized
[2026-08-19T09:06:13.829Z] [LOG] [InstanceLoader] ConfigModule dependencies initialized
[2026-08-19T09:06:13.829Z] [LOG] [InstanceLoader] ConfigModule dependencies initialized
[2026-08-19T09:06:13.829Z] [LOG] [InstanceLoader] RedisModule dependencies initialized
[2026-08-19T09:06:13.829Z] [LOG] [InstanceLoader] TypeOrmCoreModule dependencies initialized
[2026-08-19T09:06:13.830Z] [LOG] [InstanceLoader] TypeOrmModule dependencies initialized
[2026-08-19T09:06:13.829Z] [LOG] [InstanceLoader] JwtModule dependencies initialized
[2026-08-19T09:06:13.830Z] [LOG] [InstanceLoader] TypeOrmModule dependencies initialized
[2026-08-19T09:06:13.830Z] [LOG] [InstanceLoader] TypeOrmModule dependencies initialized
[2026-08-19T09:06:13.830Z] [LOG] [InstanceLoader] SupplierModule dependencies initialized
[2026-08-19T09:06:13.830Z] [LOG] [InstanceLoader] AuthModule dependencies initialized
[2026-08-19T09:06:13.830Z] [LOG] [InstanceLoader] SupplierGroupModule dependencies initialized
[2026-08-19T09:06:13.830Z] [LOG] [RoutesResolver] AppController {/}:
[2026-08-19T09:06:13.830Z] [LOG] [InstanceLoader] UserModule dependencies initialized
[2026-08-19T09:06:13.830Z] [LOG] [RouterExplorer] Mapped {/, GET} route
[2026-08-19T09:06:13.830Z] [LOG] [RoutesResolver] UserController {/users}:
[2026-08-19T09:06:13.830Z] [LOG] [RouterExplorer] Mapped {/users, GET} route
[2026-08-19T09:06:13.830Z] [LOG] [RouterExplorer] Mapped {/users, POST} route
[2026-08-19T09:06:13.830Z] [LOG] [RouterExplorer] Mapped {/users/:id/status, PUT} route
[2026-08-19T09:06:13.830Z] [LOG] [RouterExplorer] Mapped {/users/:id, GET} route
[2026-08-19T09:06:13.831Z] [LOG] [RouterExplorer] Mapped {/auth/login, POST} route
[2026-08-19T09:06:13.831Z] [LOG] [RouterExplorer] Mapped {/auth/refresh, POST} route
[2026-08-19T09:06:13.831Z] [LOG] [RouterExplorer] Mapped {/auth/me, GET} route
[2026-08-19T09:06:13.831Z] [LOG] [RouterExplorer] Mapped {/auth/logout, POST} route
[2026-08-19T09:06:13.831Z] [LOG] [RouterExplorer] Mapped {/suppliers, POST} route
[2026-08-19T09:06:13.830Z] [LOG] [RoutesResolver] AuthController {/auth}:
[2026-08-19T09:06:13.831Z] [LOG] [RoutesResolver] SupplierController {/suppliers}:
[2026-08-19T09:06:13.831Z] [LOG] [RouterExplorer] Mapped {/suppliers/:id, GET} route
[2026-08-19T09:06:13.831Z] [LOG] [RouterExplorer] Mapped {/supplier-groups, POST} route
[2026-08-19T09:06:13.831Z] [LOG] [RoutesResolver] SupplierGroupController {/supplier-groups}:
[2026-08-19T09:06:13.831Z] [LOG] [RouterExplorer] Mapped {/supplier-groups/:id, GET} route
[2026-08-19T09:06:13.831Z] [LOG] [RouterExplorer] Mapped {/suppliers, GET} route
[2026-08-19T09:06:13.831Z] [LOG] [RouterExplorer] Mapped {/supplier-groups, GET} route
[2026-08-19T09:06:13.831Z] [LOG] [RouterExplorer] Mapped {/supplier-groups/:id, PUT} route
[2026-08-19T09:06:13.831Z] [LOG] [RouterExplorer] Mapped {/supplier-groups/:id/status, PUT} route
[2026-08-19T09:06:13.832Z] [LOG] [RouterExplorer] Mapped {/supplier-groups/:id/assign-suppliers, POST} route
[2026-08-19T09:06:13.832Z] [LOG] [NestApplication] Nest application successfully started
[2026-08-19T09:06:21.360Z] [LOG] [NestFactory] Starting Nest application...
[2026-08-19T09:06:21.360Z] [LOG] [InstanceLoader] TypeOrmModule dependencies initialized
[2026-08-19T09:06:21.360Z] [LOG] [InstanceLoader] TokenModule dependencies initialized
[2026-08-19T09:06:21.360Z] [LOG] [InstanceLoader] AppModule dependencies initialized
[2026-08-19T09:06:21.361Z] [LOG] [InstanceLoader] RedisModule dependencies initialized
[2026-08-19T09:06:21.360Z] [LOG] [InstanceLoader] ConfigHostModule dependencies initialized
[2026-08-19T09:06:21.361Z] [LOG] [InstanceLoader] ConfigModule dependencies initialized
[2026-08-19T09:06:21.361Z] [LOG] [InstanceLoader] JwtModule dependencies initialized
[2026-08-19T09:06:21.361Z] [LOG] [InstanceLoader] TypeOrmCoreModule dependencies initialized
[2026-08-19T09:06:21.361Z] [LOG] [InstanceLoader] ConfigModule dependencies initialized
[2026-08-19T09:06:21.361Z] [LOG] [InstanceLoader] TypeOrmModule dependencies initialized
[2026-08-19T09:06:21.361Z] [LOG] [InstanceLoader] TypeOrmModule dependencies initialized
[2026-08-19T09:06:21.362Z] [LOG] [InstanceLoader] AuthModule dependencies initialized
[2026-08-19T09:06:21.361Z] [LOG] [InstanceLoader] TypeOrmModule dependencies initialized
[2026-08-19T09:06:21.362Z] [LOG] [InstanceLoader] SupplierGroupModule dependencies initialized
[2026-08-19T09:06:21.362Z] [LOG] [RoutesResolver] AppController {/}:
[2026-08-19T09:06:21.362Z] [LOG] [InstanceLoader] UserModule dependencies initialized
[2026-08-19T09:06:21.362Z] [LOG] [InstanceLoader] SupplierModule dependencies initialized
[2026-08-19T09:06:21.362Z] [LOG] [RouterExplorer] Mapped {/, GET} route
[2026-08-19T09:06:21.362Z] [LOG] [RouterExplorer] Mapped {/users, POST} route
[2026-08-19T09:06:21.362Z] [LOG] [RouterExplorer] Mapped {/users/:id, GET} route
[2026-08-19T09:06:21.362Z] [LOG] [RoutesResolver] UserController {/users}:
[2026-08-19T09:06:21.362Z] [LOG] [RouterExplorer] Mapped {/users, GET} route
[2026-08-19T09:06:21.363Z] [LOG] [RouterExplorer] Mapped {/auth/login, POST} route
[2026-08-19T09:06:21.362Z] [LOG] [RouterExplorer] Mapped {/users/:id/status, PUT} route
[2026-08-19T09:06:21.363Z] [LOG] [RouterExplorer] Mapped {/auth/refresh, POST} route
[2026-08-19T09:06:21.362Z] [LOG] [RoutesResolver] AuthController {/auth}:
[2026-08-19T09:06:21.363Z] [LOG] [RouterExplorer] Mapped {/auth/logout, POST} route
[2026-08-19T09:06:21.363Z] [LOG] [RouterExplorer] Mapped {/auth/me, GET} route
[2026-08-19T09:06:21.363Z] [LOG] [RoutesResolver] SupplierController {/suppliers}:
[2026-08-19T09:06:21.363Z] [LOG] [RouterExplorer] Mapped {/suppliers/:id, GET} route
[2026-08-19T09:06:21.363Z] [LOG] [RouterExplorer] Mapped {/suppliers, POST} route
[2026-08-19T09:06:21.363Z] [LOG] [RoutesResolver] SupplierGroupController {/supplier-groups}:
[2026-08-19T09:06:21.363Z] [LOG] [RouterExplorer] Mapped {/supplier-groups, GET} route
[2026-08-19T09:06:21.363Z] [LOG] [RouterExplorer] Mapped {/supplier-groups, POST} route
[2026-08-19T09:06:21.363Z] [LOG] [RouterExplorer] Mapped {/supplier-groups/:id, PUT} route
[2026-08-19T09:06:21.363Z] [LOG] [RouterExplorer] Mapped {/supplier-groups/:id/status, PUT} route
[2026-08-19T09:06:21.363Z] [LOG] [RouterExplorer] Mapped {/supplier-groups/:id, GET} route
[2026-08-19T09:06:21.364Z] [LOG] [RouterExplorer] Mapped {/supplier-groups/:id/assign-suppliers, POST} route
[2026-08-19T09:06:21.363Z] [LOG] [RouterExplorer] Mapped {/suppliers, GET} route
[2026-08-19T09:06:21.364Z] [LOG] [NestApplication] Nest application successfully started
[2026-08-19T09:06:29.594Z] [LOG] [InstanceLoader] TypeOrmModule dependencies initialized
[2026-08-19T09:06:29.594Z] [LOG] [InstanceLoader] TokenModule dependencies initialized
[2026-08-19T09:06:29.593Z] [LOG] [NestFactory] Starting Nest application...
[2026-08-19T09:06:29.594Z] [LOG] [InstanceLoader] AppModule dependencies initialized
[2026-08-19T09:06:29.594Z] [LOG] [InstanceLoader] RedisModule dependencies initialized
[2026-08-19T09:06:29.594Z] [LOG] [InstanceLoader] ConfigHostModule dependencies initialized
[2026-08-19T09:06:29.594Z] [LOG] [InstanceLoader] ConfigModule dependencies initialized
[2026-08-19T09:06:29.595Z] [LOG] [InstanceLoader] TypeOrmCoreModule dependencies initialized
[2026-08-19T09:06:29.594Z] [LOG] [InstanceLoader] ConfigModule dependencies initialized
[2026-08-19T09:06:29.595Z] [LOG] [InstanceLoader] TypeOrmModule dependencies initialized
[2026-08-19T09:06:29.595Z] [LOG] [InstanceLoader] JwtModule dependencies initialized
[2026-08-19T09:06:29.595Z] [LOG] [InstanceLoader] AuthModule dependencies initialized
[2026-08-19T09:06:29.595Z] [LOG] [InstanceLoader] TypeOrmModule dependencies initialized
[2026-08-19T09:06:29.595Z] [LOG] [InstanceLoader] SupplierModule dependencies initialized
[2026-08-19T09:06:29.595Z] [LOG] [InstanceLoader] TypeOrmModule dependencies initialized
[2026-08-19T09:06:29.595Z] [LOG] [InstanceLoader] SupplierGroupModule dependencies initialized
[2026-08-19T09:06:29.595Z] [LOG] [InstanceLoader] UserModule dependencies initialized
[2026-08-19T09:06:29.596Z] [LOG] [RouterExplorer] Mapped {/, GET} route
[2026-08-19T09:06:29.596Z] [LOG] [RoutesResolver] UserController {/users}:
[2026-08-19T09:06:29.596Z] [LOG] [RouterExplorer] Mapped {/users, GET} route
[2026-08-19T09:06:29.596Z] [LOG] [RouterExplorer] Mapped {/users, POST} route
[2026-08-19T09:06:29.596Z] [LOG] [RouterExplorer] Mapped {/users/:id/status, PUT} route
[2026-08-19T09:06:29.596Z] [LOG] [RouterExplorer] Mapped {/users/:id, GET} route
[2026-08-19T09:06:29.595Z] [LOG] [RoutesResolver] AppController {/}:
[2026-08-19T09:06:29.596Z] [LOG] [RoutesResolver] AuthController {/auth}:
[2026-08-19T09:06:29.596Z] [LOG] [RouterExplorer] Mapped {/auth/refresh, POST} route
[2026-08-19T09:06:29.596Z] [LOG] [RouterExplorer] Mapped {/auth/logout, POST} route
[2026-08-19T09:06:29.596Z] [LOG] [RouterExplorer] Mapped {/auth/me, GET} route
[2026-08-19T09:06:29.596Z] [LOG] [RoutesResolver] SupplierController {/suppliers}:
[2026-08-19T09:06:29.597Z] [LOG] [RouterExplorer] Mapped {/suppliers, GET} route
[2026-08-19T09:06:29.596Z] [LOG] [RouterExplorer] Mapped {/auth/login, POST} route
[2026-08-19T09:06:29.597Z] [LOG] [RouterExplorer] Mapped {/suppliers/:id, GET} route
[2026-08-19T09:06:29.597Z] [LOG] [RouterExplorer] Mapped {/supplier-groups, POST} route
[2026-08-19T09:06:29.597Z] [LOG] [RoutesResolver] SupplierGroupController {/supplier-groups}:
[2026-08-19T09:06:29.597Z] [LOG] [RouterExplorer] Mapped {/supplier-groups/:id, GET} route
[2026-08-19T09:06:29.597Z] [LOG] [RouterExplorer] Mapped {/suppliers, POST} route
[2026-08-19T09:06:29.597Z] [LOG] [RouterExplorer] Mapped {/supplier-groups, GET} route
[2026-08-19T09:06:29.597Z] [LOG] [RouterExplorer] Mapped {/supplier-groups/:id, PUT} route
[2026-08-19T09:06:29.597Z] [LOG] [RouterExplorer] Mapped {/supplier-groups/:id/assign-suppliers, POST} route
[2026-08-19T09:06:29.597Z] [LOG] [NestApplication] Nest application successfully started
[2026-08-19T09:06:29.597Z] [LOG] [RouterExplorer] Mapped {/supplier-groups/:id/status, PUT} route
[2026-08-19T09:06:35.615Z] [LOG] [NestFactory] Starting Nest application...
[2026-08-19T09:06:35.615Z] [LOG] [InstanceLoader] TypeOrmModule dependencies initialized
[2026-08-19T09:06:35.616Z] [LOG] [InstanceLoader] ConfigHostModule dependencies initialized
[2026-08-19T09:06:35.616Z] [LOG] [InstanceLoader] ConfigModule dependencies initialized
[2026-08-19T09:06:35.616Z] [LOG] [InstanceLoader] TokenModule dependencies initialized
[2026-08-19T09:06:35.616Z] [LOG] [InstanceLoader] ConfigModule dependencies initialized
[2026-08-19T09:06:35.616Z] [LOG] [InstanceLoader] JwtModule dependencies initialized
[2026-08-19T09:06:35.616Z] [LOG] [InstanceLoader] RedisModule dependencies initialized
[2026-08-19T09:06:35.616Z] [LOG] [InstanceLoader] TypeOrmCoreModule dependencies initialized
[2026-08-19T09:06:35.616Z] [LOG] [InstanceLoader] TypeOrmModule dependencies initialized
[2026-08-19T09:06:35.617Z] [LOG] [InstanceLoader] TypeOrmModule dependencies initialized
[2026-08-19T09:06:35.616Z] [LOG] [InstanceLoader] AppModule dependencies initialized
[2026-08-19T09:06:35.617Z] [LOG] [InstanceLoader] AuthModule dependencies initialized
[2026-08-19T09:06:35.617Z] [LOG] [InstanceLoader] SupplierModule dependencies initialized
[2026-08-19T09:06:35.617Z] [LOG] [InstanceLoader] TypeOrmModule dependencies initialized
[2026-08-19T09:06:35.617Z] [LOG] [RoutesResolver] AppController {/}:
[2026-08-19T09:06:35.617Z] [LOG] [InstanceLoader] SupplierGroupModule dependencies initialized
[2026-08-19T09:06:35.617Z] [LOG] [RoutesResolver] UserController {/users}:
[2026-08-19T09:06:35.617Z] [LOG] [InstanceLoader] UserModule dependencies initialized
[2026-08-19T09:06:35.618Z] [LOG] [RouterExplorer] Mapped {/users, POST} route
[2026-08-19T09:06:35.617Z] [LOG] [RouterExplorer] Mapped {/, GET} route
[2026-08-19T09:06:35.618Z] [LOG] [RouterExplorer] Mapped {/users, GET} route
[2026-08-19T09:06:35.618Z] [LOG] [RouterExplorer] Mapped {/users/:id/status, PUT} route
[2026-08-19T09:06:35.618Z] [LOG] [RouterExplorer] Mapped {/auth/login, POST} route
[2026-08-19T09:06:35.618Z] [LOG] [RouterExplorer] Mapped {/users/:id, GET} route
[2026-08-19T09:06:35.618Z] [LOG] [RouterExplorer] Mapped {/auth/refresh, POST} route
[2026-08-19T09:06:35.618Z] [LOG] [RouterExplorer] Mapped {/auth/logout, POST} route
[2026-08-19T09:06:35.619Z] [LOG] [RoutesResolver] SupplierController {/suppliers}:
[2026-08-19T09:06:35.618Z] [LOG] [RoutesResolver] AuthController {/auth}:
[2026-08-19T09:06:35.619Z] [LOG] [RouterExplorer] Mapped {/auth/me, GET} route
[2026-08-19T09:06:35.619Z] [LOG] [RouterExplorer] Mapped {/suppliers, POST} route
[2026-08-19T09:06:35.619Z] [LOG] [RouterExplorer] Mapped {/suppliers/:id, GET} route
[2026-08-19T09:06:35.619Z] [LOG] [RoutesResolver] SupplierGroupController {/supplier-groups}:
[2026-08-19T09:06:35.619Z] [LOG] [RouterExplorer] Mapped {/supplier-groups, GET} route
[2026-08-19T09:06:35.619Z] [LOG] [RouterExplorer] Mapped {/supplier-groups, POST} route
[2026-08-19T09:06:35.619Z] [LOG] [RouterExplorer] Mapped {/supplier-groups/:id, GET} route
[2026-08-19T09:06:35.619Z] [LOG] [RouterExplorer] Mapped {/supplier-groups/:id/status, PUT} route
[2026-08-19T09:06:35.619Z] [LOG] [RouterExplorer] Mapped {/supplier-groups/:id/assign-suppliers, POST} route
[2026-08-19T09:06:35.619Z] [LOG] [NestApplication] Nest application successfully started
[2026-08-19T09:06:35.619Z] [LOG] [RouterExplorer] Mapped {/supplier-groups/:id, PUT} route
[2026-08-19T09:06:35.619Z] [LOG] [RouterExplorer] Mapped {/suppliers, GET} route
[2026-08-19T09:06:49.158Z] [LOG] [NestFactory] Starting Nest application...
[2026-08-19T09:06:49.158Z] [LOG] [InstanceLoader] TypeOrmModule dependencies initialized
[2026-08-19T09:06:49.159Z] [LOG] [InstanceLoader] ConfigHostModule dependencies initialized
[2026-08-19T09:06:49.159Z] [LOG] [InstanceLoader] AppModule dependencies initialized
[2026-08-19T09:06:49.159Z] [LOG] [InstanceLoader] ConfigModule dependencies initialized
[2026-08-19T09:06:49.159Z] [LOG] [InstanceLoader] RedisModule dependencies initialized
[2026-08-19T09:06:49.158Z] [LOG] [InstanceLoader] TokenModule dependencies initialized
[2026-08-19T09:06:49.159Z] [LOG] [InstanceLoader] ConfigModule dependencies initialized
[2026-08-19T09:06:49.159Z] [LOG] [InstanceLoader] TypeOrmCoreModule dependencies initialized
[2026-08-19T09:06:49.159Z] [LOG] [InstanceLoader] JwtModule dependencies initialized
[2026-08-19T09:06:49.159Z] [LOG] [InstanceLoader] TypeOrmModule dependencies initialized
[2026-08-19T09:06:49.160Z] [LOG] [InstanceLoader] TypeOrmModule dependencies initialized
[2026-08-19T09:06:49.160Z] [LOG] [InstanceLoader] AuthModule dependencies initialized
[2026-08-19T09:06:49.159Z] [LOG] [InstanceLoader] TypeOrmModule dependencies initialized
[2026-08-19T09:06:49.160Z] [LOG] [InstanceLoader] SupplierModule dependencies initialized
[2026-08-19T09:06:49.160Z] [LOG] [InstanceLoader] SupplierGroupModule dependencies initialized
[2026-08-19T09:06:49.160Z] [LOG] [InstanceLoader] UserModule dependencies initialized
[2026-08-19T09:06:49.160Z] [LOG] [RouterExplorer] Mapped {/, GET} route
[2026-08-19T09:06:49.160Z] [LOG] [RoutesResolver] UserController {/users}:
[2026-08-19T09:06:49.160Z] [LOG] [RouterExplorer] Mapped {/users, POST} route
[2026-08-19T09:06:49.160Z] [LOG] [RouterExplorer] Mapped {/users/:id, GET} route
[2026-08-19T09:06:49.160Z] [LOG] [RouterExplorer] Mapped {/users/:id/status, PUT} route
[2026-08-19T09:06:49.161Z] [LOG] [RoutesResolver] AuthController {/auth}:
[2026-08-19T09:06:49.160Z] [LOG] [RouterExplorer] Mapped {/users, GET} route
[2026-08-19T09:06:49.161Z] [LOG] [RouterExplorer] Mapped {/auth/login, POST} route
[2026-08-19T09:06:49.160Z] [LOG] [RoutesResolver] AppController {/}:
[2026-08-19T09:06:49.161Z] [LOG] [RouterExplorer] Mapped {/auth/logout, POST} route
[2026-08-19T09:06:49.161Z] [LOG] [RouterExplorer] Mapped {/auth/refresh, POST} route
[2026-08-19T09:06:49.161Z] [LOG] [RouterExplorer] Mapped {/auth/me, GET} route
[2026-08-19T09:06:49.161Z] [LOG] [RoutesResolver] SupplierController {/suppliers}:
[2026-08-19T09:06:49.161Z] [LOG] [RouterExplorer] Mapped {/suppliers/:id, GET} route
[2026-08-19T09:06:49.161Z] [LOG] [RouterExplorer] Mapped {/suppliers, GET} route
[2026-08-19T09:06:49.161Z] [LOG] [RouterExplorer] Mapped {/suppliers, POST} route
[2026-08-19T09:06:49.161Z] [LOG] [RoutesResolver] SupplierGroupController {/supplier-groups}:
[2026-08-19T09:06:49.161Z] [LOG] [RouterExplorer] Mapped {/supplier-groups/:id, GET} route
[2026-08-19T09:06:49.161Z] [LOG] [RouterExplorer] Mapped {/supplier-groups, POST} route
[2026-08-19T09:06:49.162Z] [LOG] [RouterExplorer] Mapped {/supplier-groups/:id, PUT} route
[2026-08-19T09:06:49.162Z] [LOG] [RouterExplorer] Mapped {/supplier-groups/:id/status, PUT} route
[2026-08-19T09:06:49.162Z] [LOG] [RouterExplorer] Mapped {/supplier-groups/:id/assign-suppliers, POST} route
[2026-08-19T09:06:49.162Z] [LOG] [NestApplication] Nest application successfully started
[2026-08-19T09:06:49.161Z] [LOG] [RouterExplorer] Mapped {/supplier-groups, GET} route
[2026-08-19T09:07:08.374Z] [LOG] [NestFactory] Starting Nest application...
[2026-08-19T09:07:08.374Z] [LOG] [InstanceLoader] TypeOrmModule dependencies initialized
[2026-08-19T09:07:08.374Z] [LOG] [InstanceLoader] TokenModule dependencies initialized
[2026-08-19T09:07:08.375Z] [LOG] [InstanceLoader] AppModule dependencies initialized
[2026-08-19T09:07:08.375Z] [LOG] [InstanceLoader] RedisModule dependencies initialized
[2026-08-19T09:07:08.374Z] [LOG] [InstanceLoader] ConfigHostModule dependencies initialized
[2026-08-19T09:07:08.375Z] [LOG] [InstanceLoader] JwtModule dependencies initialized
[2026-08-19T09:07:08.375Z] [LOG] [InstanceLoader] ConfigModule dependencies initialized
[2026-08-19T09:07:08.375Z] [LOG] [InstanceLoader] TypeOrmCoreModule dependencies initialized
[2026-08-19T09:07:08.375Z] [LOG] [InstanceLoader] TypeOrmModule dependencies initialized
[2026-08-19T09:07:08.375Z] [LOG] [InstanceLoader] ConfigModule dependencies initialized
[2026-08-19T09:07:08.375Z] [LOG] [InstanceLoader] TypeOrmModule dependencies initialized
[2026-08-19T09:07:08.375Z] [LOG] [InstanceLoader] TypeOrmModule dependencies initialized
[2026-08-19T09:07:08.376Z] [LOG] [InstanceLoader] SupplierModule dependencies initialized
[2026-08-19T09:07:08.376Z] [LOG] [InstanceLoader] SupplierGroupModule dependencies initialized
[2026-08-19T09:07:08.375Z] [LOG] [InstanceLoader] AuthModule dependencies initialized
[2026-08-19T09:07:08.376Z] [LOG] [RoutesResolver] AppController {/}:
[2026-08-19T09:07:08.375Z] [LOG] [InstanceLoader] UserModule dependencies initialized
[2026-08-19T09:07:08.376Z] [LOG] [RouterExplorer] Mapped {/users, POST} route
[2026-08-19T09:07:08.376Z] [LOG] [RoutesResolver] UserController {/users}:
[2026-08-19T09:07:08.376Z] [LOG] [RouterExplorer] Mapped {/users, GET} route
[2026-08-19T09:07:08.376Z] [LOG] [RouterExplorer] Mapped {/users/:id, GET} route
[2026-08-19T09:07:08.376Z] [LOG] [RouterExplorer] Mapped {/users/:id/status, PUT} route
[2026-08-19T09:07:08.376Z] [LOG] [RoutesResolver] AuthController {/auth}:
[2026-08-19T09:07:08.376Z] [LOG] [RouterExplorer] Mapped {/auth/login, POST} route
[2026-08-19T09:07:08.376Z] [LOG] [RouterExplorer] Mapped {/auth/refresh, POST} route
[2026-08-19T09:07:08.377Z] [LOG] [RouterExplorer] Mapped {/auth/me, GET} route
[2026-08-19T09:07:08.377Z] [LOG] [RouterExplorer] Mapped {/auth/logout, POST} route
[2026-08-19T09:07:08.376Z] [LOG] [RouterExplorer] Mapped {/, GET} route
[2026-08-19T09:07:08.377Z] [LOG] [RoutesResolver] SupplierController {/suppliers}:
[2026-08-19T09:07:08.377Z] [LOG] [RouterExplorer] Mapped {/suppliers/:id, GET} route
[2026-08-19T09:07:08.377Z] [LOG] [RouterExplorer] Mapped {/suppliers, POST} route
[2026-08-19T09:07:08.377Z] [LOG] [RouterExplorer] Mapped {/supplier-groups, POST} route
[2026-08-19T09:07:08.377Z] [LOG] [RoutesResolver] SupplierGroupController {/supplier-groups}:
[2026-08-19T09:07:08.377Z] [LOG] [RouterExplorer] Mapped {/supplier-groups/:id, GET} route
[2026-08-19T09:07:08.377Z] [LOG] [RouterExplorer] Mapped {/supplier-groups, GET} route
[2026-08-19T09:07:08.378Z] [LOG] [RouterExplorer] Mapped {/supplier-groups/:id, PUT} route
[2026-08-19T09:07:08.378Z] [LOG] [RouterExplorer] Mapped {/supplier-groups/:id/status, PUT} route
[2026-08-19T09:07:08.378Z] [LOG] [RouterExplorer] Mapped {/supplier-groups/:id/assign-suppliers, POST} route
[2026-08-19T09:07:08.377Z] [LOG] [RouterExplorer] Mapped {/suppliers, GET} route
[2026-08-19T09:07:08.378Z] [LOG] [NestApplication] Nest application successfully started
[2026-08-19T09:08:26.937Z] [LOG] [NestFactory] Starting Nest application...
[2026-08-19T09:08:26.938Z] [LOG] [InstanceLoader] TypeOrmModule dependencies initialized
[2026-08-19T09:08:26.938Z] [LOG] [InstanceLoader] ConfigHostModule dependencies initialized
[2026-08-19T09:08:26.938Z] [LOG] [InstanceLoader] AppModule dependencies initialized
[2026-08-19T09:08:26.938Z] [LOG] [InstanceLoader] TokenModule dependencies initialized
[2026-08-19T09:08:26.939Z] [LOG] [InstanceLoader] ConfigModule dependencies initialized
[2026-08-19T09:08:26.939Z] [LOG] [InstanceLoader] RedisModule dependencies initialized
[2026-08-19T09:08:26.939Z] [LOG] [InstanceLoader] JwtModule dependencies initialized
[2026-08-19T09:08:26.938Z] [LOG] [InstanceLoader] ConfigModule dependencies initialized
[2026-08-19T09:08:26.939Z] [LOG] [InstanceLoader] TypeOrmCoreModule dependencies initialized
[2026-08-19T09:08:26.939Z] [LOG] [InstanceLoader] TypeOrmModule dependencies initialized
[2026-08-19T09:08:26.939Z] [LOG] [InstanceLoader] TypeOrmModule dependencies initialized
[2026-08-19T09:08:26.939Z] [LOG] [InstanceLoader] AuthModule dependencies initialized
[2026-08-19T09:08:26.939Z] [LOG] [InstanceLoader] TypeOrmModule dependencies initialized
[2026-08-19T09:08:26.940Z] [LOG] [InstanceLoader] SupplierModule dependencies initialized
[2026-08-19T09:08:26.940Z] [LOG] [InstanceLoader] SupplierGroupModule dependencies initialized
[2026-08-19T09:08:26.940Z] [LOG] [RouterExplorer] Mapped {/, GET} route
[2026-08-19T09:08:26.939Z] [LOG] [InstanceLoader] UserModule dependencies initialized
[2026-08-19T09:08:26.940Z] [LOG] [RoutesResolver] UserController {/users}:
[2026-08-19T09:08:26.940Z] [LOG] [RouterExplorer] Mapped {/users, POST} route
[2026-08-19T09:08:26.940Z] [LOG] [RouterExplorer] Mapped {/users/:id, GET} route
[2026-08-19T09:08:26.940Z] [LOG] [RoutesResolver] AppController {/}:
[2026-08-19T09:08:26.940Z] [LOG] [RouterExplorer] Mapped {/users/:id/status, PUT} route
[2026-08-19T09:08:26.940Z] [LOG] [RouterExplorer] Mapped {/users, GET} route
[2026-08-19T09:08:26.940Z] [LOG] [RouterExplorer] Mapped {/auth/refresh, POST} route
[2026-08-19T09:08:26.940Z] [LOG] [RouterExplorer] Mapped {/auth/logout, POST} route
[2026-08-19T09:08:26.940Z] [LOG] [RouterExplorer] Mapped {/auth/login, POST} route
[2026-08-19T09:08:26.941Z] [LOG] [RouterExplorer] Mapped {/auth/me, GET} route
[2026-08-19T09:08:26.941Z] [LOG] [RoutesResolver] SupplierController {/suppliers}:
[2026-08-19T09:08:26.941Z] [LOG] [RouterExplorer] Mapped {/suppliers, GET} route
[2026-08-19T09:08:26.941Z] [LOG] [RouterExplorer] Mapped {/suppliers, POST} route
[2026-08-19T09:08:26.941Z] [LOG] [RouterExplorer] Mapped {/suppliers/:id, GET} route
[2026-08-19T09:08:26.941Z] [LOG] [RouterExplorer] Mapped {/supplier-groups, POST} route
[2026-08-19T09:08:26.941Z] [LOG] [RoutesResolver] SupplierGroupController {/supplier-groups}:
[2026-08-19T09:08:26.940Z] [LOG] [RoutesResolver] AuthController {/auth}:
[2026-08-19T09:08:26.941Z] [LOG] [RouterExplorer] Mapped {/supplier-groups/:id, GET} route
[2026-08-19T09:08:26.941Z] [LOG] [RouterExplorer] Mapped {/supplier-groups/:id/status, PUT} route
[2026-08-19T09:08:26.941Z] [LOG] [RouterExplorer] Mapped {/supplier-groups/:id, PUT} route
[2026-08-19T09:08:26.941Z] [LOG] [RouterExplorer] Mapped {/supplier-groups/:id/assign-suppliers, POST} route
[2026-08-19T09:08:26.941Z] [LOG] [NestApplication] Nest application successfully started
[2026-08-19T09:08:26.941Z] [LOG] [RouterExplorer] Mapped {/supplier-groups, GET} route
[2026-08-19T09:09:12.353Z] [LOG] [NestFactory] Starting Nest application...
[2026-08-19T09:09:12.353Z] [LOG] [InstanceLoader] TypeOrmModule dependencies initialized
[2026-08-19T09:09:12.353Z] [LOG] [InstanceLoader] TokenModule dependencies initialized
[2026-08-19T09:09:12.354Z] [LOG] [InstanceLoader] AppModule dependencies initialized
[2026-08-19T09:09:12.354Z] [LOG] [InstanceLoader] RedisModule dependencies initialized
[2026-08-19T09:09:12.354Z] [LOG] [InstanceLoader] ConfigHostModule dependencies initialized
[2026-08-19T09:09:12.354Z] [LOG] [InstanceLoader] ConfigModule dependencies initialized
[2026-08-19T09:09:12.354Z] [LOG] [InstanceLoader] TypeOrmCoreModule dependencies initialized
[2026-08-19T09:09:12.354Z] [LOG] [InstanceLoader] ConfigModule dependencies initialized
[2026-08-19T09:09:12.354Z] [LOG] [InstanceLoader] TypeOrmModule dependencies initialized
[2026-08-19T09:09:12.354Z] [LOG] [InstanceLoader] JwtModule dependencies initialized
[2026-08-19T09:09:12.354Z] [LOG] [InstanceLoader] TypeOrmModule dependencies initialized
[2026-08-19T09:09:12.355Z] [LOG] [InstanceLoader] UserModule dependencies initialized
[2026-08-19T09:09:12.354Z] [LOG] [InstanceLoader] TypeOrmModule dependencies initialized
[2026-08-19T09:09:12.355Z] [LOG] [InstanceLoader] SupplierModule dependencies initialized
[2026-08-19T09:09:12.355Z] [LOG] [InstanceLoader] SupplierGroupModule dependencies initialized
[2026-08-19T09:09:12.355Z] [LOG] [InstanceLoader] AuthModule dependencies initialized
[2026-08-19T09:09:12.355Z] [LOG] [RoutesResolver] UserController {/users}:
[2026-08-19T09:09:12.355Z] [LOG] [RoutesResolver] AppController {/}:
[2026-08-19T09:09:12.355Z] [LOG] [RouterExplorer] Mapped {/, GET} route
[2026-08-19T09:09:12.355Z] [LOG] [RouterExplorer] Mapped {/users, GET} route
[2026-08-19T09:09:12.355Z] [LOG] [RouterExplorer] Mapped {/users, POST} route
[2026-08-19T09:09:12.355Z] [LOG] [RouterExplorer] Mapped {/users/:id/status, PUT} route
[2026-08-19T09:09:12.355Z] [LOG] [RouterExplorer] Mapped {/users/:id, GET} route
[2026-08-19T09:09:12.356Z] [LOG] [RouterExplorer] Mapped {/auth/login, POST} route
[2026-08-19T09:09:12.356Z] [LOG] [RouterExplorer] Mapped {/auth/refresh, POST} route
[2026-08-19T09:09:12.356Z] [LOG] [RouterExplorer] Mapped {/auth/logout, POST} route
[2026-08-19T09:09:12.355Z] [LOG] [RoutesResolver] AuthController {/auth}:
[2026-08-19T09:09:12.356Z] [LOG] [RouterExplorer] Mapped {/auth/me, GET} route
[2026-08-19T09:09:12.356Z] [LOG] [RouterExplorer] Mapped {/suppliers, GET} route
[2026-08-19T09:09:12.356Z] [LOG] [RoutesResolver] SupplierController {/suppliers}:
[2026-08-19T09:09:12.356Z] [LOG] [RoutesResolver] SupplierGroupController {/supplier-groups}:
[2026-08-19T09:09:12.356Z] [LOG] [RouterExplorer] Mapped {/supplier-groups, POST} route
[2026-08-19T09:09:12.356Z] [LOG] [RouterExplorer] Mapped {/suppliers/:id, GET} route
[2026-08-19T09:09:12.356Z] [LOG] [RouterExplorer] Mapped {/supplier-groups, GET} route
[2026-08-19T09:09:12.356Z] [LOG] [RouterExplorer] Mapped {/supplier-groups/:id, GET} route
[2026-08-19T09:09:12.356Z] [LOG] [RouterExplorer] Mapped {/supplier-groups/:id/status, PUT} route
[2026-08-19T09:09:12.356Z] [LOG] [RouterExplorer] Mapped {/supplier-groups/:id, PUT} route
[2026-08-19T09:09:12.356Z] [LOG] [NestApplication] Nest application successfully started
[2026-08-19T09:09:12.356Z] [LOG] [RouterExplorer] Mapped {/supplier-groups/:id/assign-suppliers, POST} route
[2026-08-19T09:09:12.356Z] [LOG] [RouterExplorer] Mapped {/suppliers, POST} route
[2026-08-19T09:13:23.166Z] [LOG] [NestFactory] Starting Nest application...
[2026-08-19T09:13:23.166Z] [LOG] [InstanceLoader] TypeOrmModule dependencies initialized
[2026-08-19T09:13:23.166Z] [LOG] [InstanceLoader] ConfigHostModule dependencies initialized
[2026-08-19T09:13:23.166Z] [LOG] [InstanceLoader] AppModule dependencies initialized
[2026-08-19T09:13:23.167Z] [LOG] [InstanceLoader] ConfigModule dependencies initialized
[2026-08-19T09:13:23.166Z] [LOG] [InstanceLoader] TokenModule dependencies initialized
[2026-08-19T09:13:23.167Z] [LOG] [InstanceLoader] ConfigModule dependencies initialized
[2026-08-19T09:13:23.167Z] [LOG] [InstanceLoader] TypeOrmCoreModule dependencies initialized
[2026-08-19T09:13:23.167Z] [LOG] [InstanceLoader] JwtModule dependencies initialized
[2026-08-19T09:13:23.167Z] [LOG] [InstanceLoader] TypeOrmModule dependencies initialized
[2026-08-19T09:13:23.167Z] [LOG] [InstanceLoader] TypeOrmModule dependencies initialized
[2026-08-19T09:13:23.167Z] [LOG] [InstanceLoader] TypeOrmModule dependencies initialized
[2026-08-19T09:13:23.168Z] [LOG] [InstanceLoader] AuthModule dependencies initialized
[2026-08-19T09:13:23.167Z] [LOG] [InstanceLoader] RedisModule dependencies initialized
[2026-08-19T09:13:23.168Z] [LOG] [InstanceLoader] SupplierModule dependencies initialized
[2026-08-19T09:13:23.168Z] [LOG] [InstanceLoader] SupplierGroupModule dependencies initialized
[2026-08-19T09:13:23.168Z] [LOG] [RoutesResolver] AppController {/}:
[2026-08-19T09:13:23.168Z] [LOG] [RouterExplorer] Mapped {/, GET} route
[2026-08-19T09:13:23.168Z] [LOG] [RouterExplorer] Mapped {/users, POST} route
[2026-08-19T09:13:23.168Z] [LOG] [InstanceLoader] UserModule dependencies initialized
[2026-08-19T09:13:23.168Z] [LOG] [RouterExplorer] Mapped {/users/:id, GET} route
[2026-08-19T09:13:23.168Z] [LOG] [RouterExplorer] Mapped {/users, GET} route
[2026-08-19T09:13:23.168Z] [LOG] [RouterExplorer] Mapped {/users/:id/status, PUT} route
[2026-08-19T09:13:23.169Z] [LOG] [RoutesResolver] AuthController {/auth}:
[2026-08-19T09:13:23.168Z] [LOG] [RoutesResolver] UserController {/users}:
[2026-08-19T09:13:23.169Z] [LOG] [RouterExplorer] Mapped {/auth/refresh, POST} route
[2026-08-19T09:13:23.169Z] [LOG] [RouterExplorer] Mapped {/auth/me, GET} route
[2026-08-19T09:13:23.169Z] [LOG] [RouterExplorer] Mapped {/auth/logout, POST} route
[2026-08-19T09:13:23.169Z] [LOG] [RouterExplorer] Mapped {/auth/login, POST} route
[2026-08-19T09:13:23.169Z] [LOG] [RoutesResolver] SupplierController {/suppliers}:
[2026-08-19T09:13:23.169Z] [LOG] [RouterExplorer] Mapped {/suppliers, POST} route
[2026-08-19T09:13:23.169Z] [LOG] [RouterExplorer] Mapped {/suppliers/:id, GET} route
[2026-08-19T09:13:23.169Z] [LOG] [RoutesResolver] SupplierGroupController {/supplier-groups}:
[2026-08-19T09:13:23.170Z] [LOG] [RouterExplorer] Mapped {/supplier-groups, POST} route
[2026-08-19T09:13:23.170Z] [LOG] [RouterExplorer] Mapped {/supplier-groups, GET} route
[2026-08-19T09:13:23.170Z] [LOG] [RouterExplorer] Mapped {/supplier-groups/:id, GET} route
[2026-08-19T09:13:23.170Z] [LOG] [RouterExplorer] Mapped {/supplier-groups/:id/status, PUT} route
[2026-08-19T09:13:23.170Z] [LOG] [RouterExplorer] Mapped {/supplier-groups/:id, PUT} route
[2026-08-19T09:13:23.170Z] [LOG] [RouterExplorer] Mapped {/supplier-groups/:id/assign-suppliers, POST} route
[2026-08-19T09:13:23.170Z] [LOG] [NestApplication] Nest application successfully started
[2026-08-19T09:13:23.169Z] [LOG] [RouterExplorer] Mapped {/suppliers, GET} route
[2026-08-19T09:17:40.984Z] [LOG] [NestFactory] Starting Nest application...
[2026-08-19T09:17:40.984Z] [LOG] [InstanceLoader] TypeOrmModule dependencies initialized
[2026-08-19T09:17:40.984Z] [LOG] [InstanceLoader] TokenModule dependencies initialized
[2026-08-19T09:17:40.984Z] [LOG] [InstanceLoader] AppModule dependencies initialized
[2026-08-19T09:17:40.984Z] [LOG] [InstanceLoader] ConfigHostModule dependencies initialized
[2026-08-19T09:17:40.985Z] [LOG] [InstanceLoader] RedisModule dependencies initialized
[2026-08-19T09:17:40.985Z] [LOG] [InstanceLoader] ConfigModule dependencies initialized
[2026-08-19T09:17:40.985Z] [LOG] [InstanceLoader] TypeOrmCoreModule dependencies initialized
[2026-08-19T09:17:40.985Z] [LOG] [InstanceLoader] JwtModule dependencies initialized
[2026-08-19T09:17:40.984Z] [LOG] [InstanceLoader] ConfigModule dependencies initialized
[2026-08-19T09:17:40.985Z] [LOG] [InstanceLoader] TypeOrmModule dependencies initialized
[2026-08-19T09:17:40.985Z] [LOG] [InstanceLoader] AuthModule dependencies initialized
[2026-08-19T09:17:40.985Z] [LOG] [InstanceLoader] TypeOrmModule dependencies initialized
[2026-08-19T09:17:40.986Z] [LOG] [InstanceLoader] SupplierModule dependencies initialized
[2026-08-19T09:17:40.986Z] [LOG] [InstanceLoader] SupplierGroupModule dependencies initialized
[2026-08-19T09:17:40.985Z] [LOG] [InstanceLoader] TypeOrmModule dependencies initialized
[2026-08-19T09:17:40.986Z] [LOG] [RoutesResolver] AppController {/}:
[2026-08-19T09:17:40.986Z] [LOG] [InstanceLoader] UserModule dependencies initialized
[2026-08-19T09:17:40.986Z] [LOG] [RouterExplorer] Mapped {/, GET} route
[2026-08-19T09:17:40.986Z] [LOG] [RoutesResolver] UserController {/users}:
[2026-08-19T09:17:40.986Z] [LOG] [RouterExplorer] Mapped {/users, GET} route
[2026-08-19T09:17:40.986Z] [LOG] [RouterExplorer] Mapped {/users, POST} route
[2026-08-19T09:17:40.986Z] [LOG] [RouterExplorer] Mapped {/users/:id/status, PUT} route
[2026-08-19T09:17:40.986Z] [LOG] [RouterExplorer] Mapped {/users/:id, GET} route
[2026-08-19T09:17:40.986Z] [LOG] [RouterExplorer] Mapped {/auth/login, POST} route
[2026-08-19T09:17:40.987Z] [LOG] [RouterExplorer] Mapped {/auth/refresh, POST} route
[2026-08-19T09:17:40.987Z] [LOG] [RouterExplorer] Mapped {/auth/logout, POST} route
[2026-08-19T09:17:40.987Z] [LOG] [RoutesResolver] SupplierController {/suppliers}:
[2026-08-19T09:17:40.986Z] [LOG] [RoutesResolver] AuthController {/auth}:
[2026-08-19T09:17:40.987Z] [LOG] [RouterExplorer] Mapped {/auth/me, GET} route
[2026-08-19T09:17:40.987Z] [LOG] [RouterExplorer] Mapped {/suppliers, POST} route
[2026-08-19T09:17:40.987Z] [LOG] [RoutesResolver] SupplierGroupController {/supplier-groups}:
[2026-08-19T09:17:40.987Z] [LOG] [RouterExplorer] Mapped {/supplier-groups, POST} route
[2026-08-19T09:17:40.987Z] [LOG] [RouterExplorer] Mapped {/suppliers/:id, GET} route
[2026-08-19T09:17:40.987Z] [LOG] [RouterExplorer] Mapped {/supplier-groups, GET} route
[2026-08-19T09:17:40.987Z] [LOG] [RouterExplorer] Mapped {/supplier-groups/:id, GET} route
[2026-08-19T09:17:40.987Z] [LOG] [RouterExplorer] Mapped {/supplier-groups/:id/status, PUT} route
[2026-08-19T09:17:40.988Z] [LOG] [RouterExplorer] Mapped {/supplier-groups/:id/assign-suppliers, POST} route
[2026-08-19T09:17:40.987Z] [LOG] [RouterExplorer] Mapped {/supplier-groups/:id, PUT} route
[2026-08-19T09:17:40.988Z] [LOG] [NestApplication] Nest application successfully started
[2026-08-19T09:17:40.987Z] [LOG] [RouterExplorer] Mapped {/suppliers, GET} route
[2026-08-19T09:24:23.580Z] [LOG] [NestFactory] Starting Nest application...
[2026-08-19T09:24:23.580Z] [LOG] [InstanceLoader] TokenModule dependencies initialized
[2026-08-19T09:24:23.580Z] [LOG] [InstanceLoader] TypeOrmModule dependencies initialized
[2026-08-19T09:24:23.581Z] [LOG] [InstanceLoader] AppModule dependencies initialized
[2026-08-19T09:24:23.580Z] [LOG] [InstanceLoader] ConfigHostModule dependencies initialized
[2026-08-19T09:24:23.581Z] [LOG] [InstanceLoader] ConfigModule dependencies initialized
[2026-08-19T09:24:23.581Z] [LOG] [InstanceLoader] JwtModule dependencies initialized
[2026-08-19T09:24:23.581Z] [LOG] [InstanceLoader] ConfigModule dependencies initialized
[2026-08-19T09:24:23.581Z] [LOG] [InstanceLoader] TypeOrmCoreModule dependencies initialized
[2026-08-19T09:24:23.581Z] [LOG] [InstanceLoader] TypeOrmModule dependencies initialized
[2026-08-19T09:24:23.581Z] [LOG] [InstanceLoader] TypeOrmModule dependencies initialized
[2026-08-19T09:24:23.581Z] [LOG] [InstanceLoader] RedisModule dependencies initialized
[2026-08-19T09:24:23.581Z] [LOG] [InstanceLoader] UserModule dependencies initialized
[2026-08-19T09:24:23.581Z] [LOG] [InstanceLoader] TypeOrmModule dependencies initialized
[2026-08-19T09:24:23.581Z] [LOG] [InstanceLoader] SupplierModule dependencies initialized
[2026-08-19T09:24:23.582Z] [LOG] [RoutesResolver] AppController {/}:
[2026-08-19T09:24:23.582Z] [LOG] [InstanceLoader] SupplierGroupModule dependencies initialized
[2026-08-19T09:24:23.582Z] [LOG] [RouterExplorer] Mapped {/, GET} route
[2026-08-19T09:24:23.582Z] [LOG] [RoutesResolver] UserController {/users}:
[2026-08-19T09:24:23.581Z] [LOG] [InstanceLoader] AuthModule dependencies initialized
[2026-08-19T09:24:23.582Z] [LOG] [RouterExplorer] Mapped {/users/:id, GET} route
[2026-08-19T09:24:23.582Z] [LOG] [RouterExplorer] Mapped {/users, GET} route
[2026-08-19T09:24:23.582Z] [LOG] [RouterExplorer] Mapped {/users, POST} route
[2026-08-19T09:24:23.582Z] [LOG] [RouterExplorer] Mapped {/users/:id/status, PUT} route
[2026-08-19T09:24:23.582Z] [LOG] [RouterExplorer] Mapped {/auth/refresh, POST} route
[2026-08-19T09:24:23.582Z] [LOG] [RoutesResolver] AuthController {/auth}:
[2026-08-19T09:24:23.582Z] [LOG] [RouterExplorer] Mapped {/auth/logout, POST} route
[2026-08-19T09:24:23.582Z] [LOG] [RouterExplorer] Mapped {/auth/login, POST} route
[2026-08-19T09:24:23.583Z] [LOG] [RoutesResolver] SupplierController {/suppliers}:
[2026-08-19T09:24:23.583Z] [LOG] [RouterExplorer] Mapped {/suppliers, GET} route
[2026-08-19T09:24:23.582Z] [LOG] [RouterExplorer] Mapped {/auth/me, GET} route
[2026-08-19T09:24:23.583Z] [LOG] [RouterExplorer] Mapped {/suppliers, POST} route
[2026-08-19T09:24:23.583Z] [LOG] [RouterExplorer] Mapped {/supplier-groups, POST} route
[2026-08-19T09:24:23.583Z] [LOG] [RouterExplorer] Mapped {/supplier-groups, GET} route
[2026-08-19T09:24:23.583Z] [LOG] [RoutesResolver] SupplierGroupController {/supplier-groups}:
[2026-08-19T09:24:23.583Z] [LOG] [RouterExplorer] Mapped {/suppliers/:id, GET} route
[2026-08-19T09:24:23.583Z] [LOG] [RouterExplorer] Mapped {/supplier-groups/:id, PUT} route
[2026-08-19T09:24:23.583Z] [LOG] [RouterExplorer] Mapped {/supplier-groups/:id/status, PUT} route
[2026-08-19T09:24:23.583Z] [LOG] [NestApplication] Nest application successfully started
[2026-08-19T09:24:23.583Z] [LOG] [RouterExplorer] Mapped {/supplier-groups/:id/assign-suppliers, POST} route
[2026-08-19T09:24:23.583Z] [LOG] [RouterExplorer] Mapped {/supplier-groups/:id, GET} route
[2026-08-19T09:31:53.834Z] [ERROR] [ExceptionsHandler] No metadata for "SupplierGroup" was found. — EntityMetadataNotFoundError: No metadata for "SupplierGroup" was found.
    at DataSource.getMetadata (C:\ERP\erp-fcvn\node_modules\typeorm\data-source\src\data-source\DataSource.ts:451:30)
    at Repository.get metadata (C:\ERP\erp-fcvn\node_modules\typeorm\repository\src\repository\Repository.ts:55:40)
    at Repository.findOne (C:\ERP\erp-fcvn\node_modules\typeorm\repository\src\repository\Repository.ts:634:42)
    at SupplierGroupService.findOne (C:\ERP\erp-fcvn\src\common\base\base.service.ts:32:42)
    at SupplierGroupController.findOne (C:\ERP\erp-fcvn\src\modules\supplier-group\supplier-group.controller.ts:35:38)
    at C:\ERP\erp-fcvn\node_modules\@nestjs\core\router\router-execution-context.js:38:29
    at process.processTicksAndRejections (node:internal/process/task_queues:104:5)
    at async C:\ERP\erp-fcvn\node_modules\@nestjs\core\router\router-execution-context.js:46:28
    at async C:\ERP\erp-fcvn\node_modules\@nestjs\core\router\router-proxy.js:9:17
[2026-08-19T09:31:55.134Z] [ERROR] [ExceptionsHandler] No metadata for "SupplierGroup" was found. — EntityMetadataNotFoundError: No metadata for "SupplierGroup" was found.
    at DataSource.getMetadata (C:\ERP\erp-fcvn\node_modules\typeorm\data-source\src\data-source\DataSource.ts:451:30)
    at Repository.get metadata (C:\ERP\erp-fcvn\node_modules\typeorm\repository\src\repository\Repository.ts:55:40)
    at Repository.findOne (C:\ERP\erp-fcvn\node_modules\typeorm\repository\src\repository\Repository.ts:634:42)
    at SupplierGroupService.findOne (C:\ERP\erp-fcvn\src\common\base\base.service.ts:32:42)
    at SupplierGroupController.findOne (C:\ERP\erp-fcvn\src\modules\supplier-group\supplier-group.controller.ts:35:38)
    at C:\ERP\erp-fcvn\node_modules\@nestjs\core\router\router-execution-context.js:38:29
    at process.processTicksAndRejections (node:internal/process/task_queues:104:5)
    at async C:\ERP\erp-fcvn\node_modules\@nestjs\core\router\router-execution-context.js:46:28
    at async C:\ERP\erp-fcvn\node_modules\@nestjs\core\router\router-proxy.js:9:17
[2026-08-19T09:32:07.581Z] [ERROR] [ExceptionsHandler] No metadata for "SupplierGroup" was found. — EntityMetadataNotFoundError: No metadata for "SupplierGroup" was found.
    at DataSource.getMetadata (C:\ERP\erp-fcvn\node_modules\typeorm\data-source\src\data-source\DataSource.ts:451:30)
    at Repository.get metadata (C:\ERP\erp-fcvn\node_modules\typeorm\repository\src\repository\Repository.ts:55:40)
    at Repository.findOne (C:\ERP\erp-fcvn\node_modules\typeorm\repository\src\repository\Repository.ts:634:42)
    at SupplierGroupService.findOne (C:\ERP\erp-fcvn\src\common\base\base.service.ts:32:42)
    at SupplierGroupController.findOne (C:\ERP\erp-fcvn\src\modules\supplier-group\supplier-group.controller.ts:35:38)
    at C:\ERP\erp-fcvn\node_modules\@nestjs\core\router\router-execution-context.js:38:29
    at process.processTicksAndRejections (node:internal/process/task_queues:104:5)
    at async C:\ERP\erp-fcvn\node_modules\@nestjs\core\router\router-execution-context.js:46:28
    at async C:\ERP\erp-fcvn\node_modules\@nestjs\core\router\router-proxy.js:9:17
[2026-08-19T09:32:12.381Z] [ERROR] [ExceptionsHandler] No metadata for "SupplierGroup" was found. — EntityMetadataNotFoundError: No metadata for "SupplierGroup" was found.
    at DataSource.getMetadata (C:\ERP\erp-fcvn\node_modules\typeorm\data-source\src\data-source\DataSource.ts:451:30)
    at Repository.get metadata (C:\ERP\erp-fcvn\node_modules\typeorm\repository\src\repository\Repository.ts:55:40)
    at Repository.findOne (C:\ERP\erp-fcvn\node_modules\typeorm\repository\src\repository\Repository.ts:634:42)
    at SupplierGroupService.findOne (C:\ERP\erp-fcvn\src\common\base\base.service.ts:32:42)
    at SupplierGroupController.findOne (C:\ERP\erp-fcvn\src\modules\supplier-group\supplier-group.controller.ts:35:38)
    at C:\ERP\erp-fcvn\node_modules\@nestjs\core\router\router-execution-context.js:38:29
    at process.processTicksAndRejections (node:internal/process/task_queues:104:5)
    at async C:\ERP\erp-fcvn\node_modules\@nestjs\core\router\router-execution-context.js:46:28
    at async C:\ERP\erp-fcvn\node_modules\@nestjs\core\router\router-proxy.js:9:17
[2026-08-19T09:32:29.350Z] [ERROR] [ExceptionsHandler] No metadata for "SupplierGroup" was found. — EntityMetadataNotFoundError: No metadata for "SupplierGroup" was found.
    at DataSource.getMetadata (C:\ERP\erp-fcvn\node_modules\typeorm\data-source\src\data-source\DataSource.ts:451:30)
    at Repository.get metadata (C:\ERP\erp-fcvn\node_modules\typeorm\repository\src\repository\Repository.ts:55:40)
    at Repository.findOne (C:\ERP\erp-fcvn\node_modules\typeorm\repository\src\repository\Repository.ts:634:42)
    at SupplierGroupService.findOne (C:\ERP\erp-fcvn\src\common\base\base.service.ts:32:42)
    at SupplierGroupController.findOne (C:\ERP\erp-fcvn\src\modules\supplier-group\supplier-group.controller.ts:35:38)
    at C:\ERP\erp-fcvn\node_modules\@nestjs\core\router\router-execution-context.js:38:29
    at process.processTicksAndRejections (node:internal/process/task_queues:104:5)
    at async C:\ERP\erp-fcvn\node_modules\@nestjs\core\router\router-execution-context.js:46:28
    at async C:\ERP\erp-fcvn\node_modules\@nestjs\core\router\router-proxy.js:9:17
[2026-08-19T09:33:15.782Z] [LOG] [NestFactory] Starting Nest application...
[2026-08-19T09:33:15.783Z] [LOG] [InstanceLoader] TypeOrmModule dependencies initialized
[2026-08-19T09:33:15.783Z] [LOG] [InstanceLoader] ConfigHostModule dependencies initialized
[2026-08-19T09:33:15.783Z] [LOG] [InstanceLoader] ConfigModule dependencies initialized
[2026-08-19T09:33:15.783Z] [LOG] [InstanceLoader] TokenModule dependencies initialized
[2026-08-19T09:33:15.783Z] [LOG] [InstanceLoader] ConfigModule dependencies initialized
[2026-08-19T09:33:15.784Z] [LOG] [InstanceLoader] JwtModule dependencies initialized
[2026-08-19T09:33:15.784Z] [LOG] [InstanceLoader] RedisModule dependencies initialized
[2026-08-19T09:33:15.784Z] [LOG] [InstanceLoader] TypeOrmCoreModule dependencies initialized
[2026-08-19T09:33:15.784Z] [LOG] [InstanceLoader] TypeOrmModule dependencies initialized
[2026-08-19T09:33:15.784Z] [LOG] [InstanceLoader] TypeOrmModule dependencies initialized
[2026-08-19T09:33:15.783Z] [LOG] [InstanceLoader] AppModule dependencies initialized
[2026-08-19T09:33:15.784Z] [LOG] [InstanceLoader] AuthModule dependencies initialized
[2026-08-19T09:33:15.784Z] [LOG] [InstanceLoader] TypeOrmModule dependencies initialized
[2026-08-19T09:33:15.784Z] [LOG] [InstanceLoader] SupplierModule dependencies initialized
[2026-08-19T09:33:15.784Z] [LOG] [InstanceLoader] SupplierGroupModule dependencies initialized
[2026-08-19T09:33:15.784Z] [LOG] [RouterExplorer] Mapped {/, GET} route
[2026-08-19T09:33:15.784Z] [LOG] [InstanceLoader] UserModule dependencies initialized
[2026-08-19T09:33:15.784Z] [LOG] [RoutesResolver] UserController {/users}:
[2026-08-19T09:33:15.785Z] [LOG] [RouterExplorer] Mapped {/users, POST} route
[2026-08-19T09:33:15.785Z] [LOG] [RouterExplorer] Mapped {/users/:id, GET} route
[2026-08-19T09:33:15.785Z] [LOG] [RouterExplorer] Mapped {/users/:id/status, PUT} route
[2026-08-19T09:33:15.785Z] [LOG] [RoutesResolver] AuthController {/auth}:
[2026-08-19T09:33:15.785Z] [LOG] [RouterExplorer] Mapped {/users, GET} route
[2026-08-19T09:33:15.785Z] [LOG] [RouterExplorer] Mapped {/auth/refresh, POST} route
[2026-08-19T09:33:15.785Z] [LOG] [RouterExplorer] Mapped {/auth/login, POST} route
[2026-08-19T09:33:15.785Z] [LOG] [RouterExplorer] Mapped {/auth/logout, POST} route
[2026-08-19T09:33:15.785Z] [LOG] [RoutesResolver] SupplierController {/suppliers}:
[2026-08-19T09:33:15.785Z] [LOG] [RouterExplorer] Mapped {/auth/me, GET} route
[2026-08-19T09:33:15.785Z] [LOG] [RouterExplorer] Mapped {/suppliers, POST} route
[2026-08-19T09:33:15.785Z] [LOG] [RouterExplorer] Mapped {/suppliers/:id, GET} route
[2026-08-19T09:33:15.784Z] [LOG] [RoutesResolver] AppController {/}:
[2026-08-19T09:33:15.785Z] [LOG] [RouterExplorer] Mapped {/suppliers, GET} route
[2026-08-19T09:33:15.785Z] [LOG] [RoutesResolver] SupplierGroupController {/supplier-groups}:
[2026-08-19T09:33:15.786Z] [LOG] [RouterExplorer] Mapped {/supplier-groups, POST} route
[2026-08-19T09:33:15.786Z] [LOG] [RouterExplorer] Mapped {/supplier-groups/:id, GET} route
[2026-08-19T09:33:15.786Z] [LOG] [RouterExplorer] Mapped {/supplier-groups/:id, PUT} route
[2026-08-19T09:33:15.786Z] [LOG] [RouterExplorer] Mapped {/supplier-groups, GET} route
[2026-08-19T09:33:15.786Z] [LOG] [RouterExplorer] Mapped {/supplier-groups/:id/assign-suppliers, POST} route
[2026-08-19T09:33:15.786Z] [LOG] [NestApplication] Nest application successfully started
[2026-08-19T09:33:15.786Z] [LOG] [RouterExplorer] Mapped {/supplier-groups/:id/status, PUT} route
[2026-08-19T09:33:19.569Z] [ERROR] [ExceptionsHandler] No metadata for "SupplierGroup" was found. — EntityMetadataNotFoundError: No metadata for "SupplierGroup" was found.
    at DataSource.getMetadata (C:\ERP\erp-fcvn\node_modules\typeorm\data-source\src\data-source\DataSource.ts:451:30)
    at Repository.get metadata (C:\ERP\erp-fcvn\node_modules\typeorm\repository\src\repository\Repository.ts:55:40)
    at Repository.findOne (C:\ERP\erp-fcvn\node_modules\typeorm\repository\src\repository\Repository.ts:634:42)
    at SupplierGroupService.findOne (C:\ERP\erp-fcvn\src\common\base\base.service.ts:32:42)
    at SupplierGroupController.findOne (C:\ERP\erp-fcvn\src\modules\supplier-group\supplier-group.controller.ts:35:38)
    at C:\ERP\erp-fcvn\node_modules\@nestjs\core\router\router-execution-context.js:38:29
    at process.processTicksAndRejections (node:internal/process/task_queues:104:5)
    at async C:\ERP\erp-fcvn\node_modules\@nestjs\core\router\router-execution-context.js:46:28
    at async C:\ERP\erp-fcvn\node_modules\@nestjs\core\router\router-proxy.js:9:17
[2026-08-19T09:33:20.477Z] [ERROR] [ExceptionsHandler] No metadata for "SupplierGroup" was found. — EntityMetadataNotFoundError: No metadata for "SupplierGroup" was found.
    at DataSource.getMetadata (C:\ERP\erp-fcvn\node_modules\typeorm\data-source\src\data-source\DataSource.ts:451:30)
    at Repository.get metadata (C:\ERP\erp-fcvn\node_modules\typeorm\repository\src\repository\Repository.ts:55:40)
    at Repository.findOne (C:\ERP\erp-fcvn\node_modules\typeorm\repository\src\repository\Repository.ts:634:42)
    at SupplierGroupService.findOne (C:\ERP\erp-fcvn\src\common\base\base.service.ts:32:42)
    at SupplierGroupController.findOne (C:\ERP\erp-fcvn\src\modules\supplier-group\supplier-group.controller.ts:35:38)
    at C:\ERP\erp-fcvn\node_modules\@nestjs\core\router\router-execution-context.js:38:29
    at process.processTicksAndRejections (node:internal/process/task_queues:104:5)
    at async C:\ERP\erp-fcvn\node_modules\@nestjs\core\router\router-execution-context.js:46:28
    at async C:\ERP\erp-fcvn\node_modules\@nestjs\core\router\router-proxy.js:9:17
[2026-08-19T09:33:26.326Z] [ERROR] [ExceptionsHandler] No metadata for "SupplierGroup" was found. — EntityMetadataNotFoundError: No metadata for "SupplierGroup" was found.
    at DataSource.getMetadata (C:\ERP\erp-fcvn\node_modules\typeorm\data-source\src\data-source\DataSource.ts:451:30)
    at Repository.get metadata (C:\ERP\erp-fcvn\node_modules\typeorm\repository\src\repository\Repository.ts:55:40)
    at Repository.findOne (C:\ERP\erp-fcvn\node_modules\typeorm\repository\src\repository\Repository.ts:634:42)
    at SupplierGroupService.findOne (C:\ERP\erp-fcvn\src\common\base\base.service.ts:32:42)
    at SupplierGroupController.findOne (C:\ERP\erp-fcvn\src\modules\supplier-group\supplier-group.controller.ts:35:38)
    at C:\ERP\erp-fcvn\node_modules\@nestjs\core\router\router-execution-context.js:38:29
    at process.processTicksAndRejections (node:internal/process/task_queues:104:5)
    at async C:\ERP\erp-fcvn\node_modules\@nestjs\core\router\router-execution-context.js:46:28
    at async C:\ERP\erp-fcvn\node_modules\@nestjs\core\router\router-proxy.js:9:17
[2026-08-19T09:33:30.580Z] [ERROR] [ExceptionsHandler] No metadata for "SupplierGroup" was found. — EntityMetadataNotFoundError: No metadata for "SupplierGroup" was found.
    at DataSource.getMetadata (C:\ERP\erp-fcvn\node_modules\typeorm\data-source\src\data-source\DataSource.ts:451:30)
    at Repository.get metadata (C:\ERP\erp-fcvn\node_modules\typeorm\repository\src\repository\Repository.ts:55:40)
    at Repository.findOne (C:\ERP\erp-fcvn\node_modules\typeorm\repository\src\repository\Repository.ts:634:42)
    at SupplierGroupService.findOne (C:\ERP\erp-fcvn\src\common\base\base.service.ts:32:42)
    at SupplierGroupController.findOne (C:\ERP\erp-fcvn\src\modules\supplier-group\supplier-group.controller.ts:35:38)
    at C:\ERP\erp-fcvn\node_modules\@nestjs\core\router\router-execution-context.js:38:29
    at process.processTicksAndRejections (node:internal/process/task_queues:104:5)
    at async C:\ERP\erp-fcvn\node_modules\@nestjs\core\router\router-execution-context.js:46:28
    at async C:\ERP\erp-fcvn\node_modules\@nestjs\core\router\router-proxy.js:9:17
[2026-08-19T09:35:51.804Z] [ERROR] [ExceptionsHandler] No metadata for "User" was found. — EntityMetadataNotFoundError: No metadata for "User" was found.
    at DataSource.getMetadata (C:\ERP\erp-fcvn\node_modules\typeorm\data-source\src\data-source\DataSource.ts:451:30)
    at Repository.get metadata (C:\ERP\erp-fcvn\node_modules\typeorm\repository\src\repository\Repository.ts:55:40)
    at Repository.findAndCount (C:\ERP\erp-fcvn\node_modules\typeorm\repository\src\repository\Repository.ts:601:47)
    at UserService.findAll (C:\ERP\erp-fcvn\src\common\base\base.service.ts:21:50)
    at UserService.list (C:\ERP\erp-fcvn\src\modules\user\user.service.ts:36:17)
    at UserController.findAll (C:\ERP\erp-fcvn\src\modules\user\user.controller.ts:29:29)
    at C:\ERP\erp-fcvn\node_modules\@nestjs\core\router\router-execution-context.js:38:29
    at process.processTicksAndRejections (node:internal/process/task_queues:104:5)
    at async C:\ERP\erp-fcvn\node_modules\@nestjs\core\router\router-execution-context.js:46:28
    at async C:\ERP\erp-fcvn\node_modules\@nestjs\core\router\router-proxy.js:9:17
[2026-08-19T09:35:52.845Z] [ERROR] [ExceptionsHandler] No metadata for "User" was found. — EntityMetadataNotFoundError: No metadata for "User" was found.
    at DataSource.getMetadata (C:\ERP\erp-fcvn\node_modules\typeorm\data-source\src\data-source\DataSource.ts:451:30)
    at Repository.get metadata (C:\ERP\erp-fcvn\node_modules\typeorm\repository\src\repository\Repository.ts:55:40)
    at Repository.findAndCount (C:\ERP\erp-fcvn\node_modules\typeorm\repository\src\repository\Repository.ts:601:47)
    at UserService.findAll (C:\ERP\erp-fcvn\src\common\base\base.service.ts:21:50)
    at UserService.list (C:\ERP\erp-fcvn\src\modules\user\user.service.ts:36:17)
    at UserController.findAll (C:\ERP\erp-fcvn\src\modules\user\user.controller.ts:29:29)
    at C:\ERP\erp-fcvn\node_modules\@nestjs\core\router\router-execution-context.js:38:29
    at process.processTicksAndRejections (node:internal/process/task_queues:104:5)
    at async C:\ERP\erp-fcvn\node_modules\@nestjs\core\router\router-execution-context.js:46:28
    at async C:\ERP\erp-fcvn\node_modules\@nestjs\core\router\router-proxy.js:9:17
[2026-08-19T09:36:03.879Z] [LOG] [NestFactory] Starting Nest application...
[2026-08-19T09:36:03.879Z] [LOG] [InstanceLoader] TypeOrmModule dependencies initialized
[2026-08-19T09:36:03.880Z] [LOG] [InstanceLoader] TokenModule dependencies initialized
[2026-08-19T09:36:03.880Z] [LOG] [InstanceLoader] AppModule dependencies initialized
[2026-08-19T09:36:03.880Z] [LOG] [InstanceLoader] ConfigHostModule dependencies initialized
[2026-08-19T09:36:03.880Z] [LOG] [InstanceLoader] ConfigModule dependencies initialized
[2026-08-19T09:36:03.880Z] [LOG] [InstanceLoader] ConfigModule dependencies initialized
[2026-08-19T09:36:03.880Z] [LOG] [InstanceLoader] TypeOrmCoreModule dependencies initialized
[2026-08-19T09:36:03.880Z] [LOG] [InstanceLoader] TypeOrmModule dependencies initialized
[2026-08-19T09:36:03.880Z] [LOG] [InstanceLoader] RedisModule dependencies initialized
[2026-08-19T09:36:03.881Z] [LOG] [InstanceLoader] TypeOrmModule dependencies initialized
[2026-08-19T09:36:03.881Z] [LOG] [InstanceLoader] AuthModule dependencies initialized
[2026-08-19T09:36:03.881Z] [LOG] [InstanceLoader] TypeOrmModule dependencies initialized
[2026-08-19T09:36:03.881Z] [LOG] [InstanceLoader] SupplierModule dependencies initialized
[2026-08-19T09:36:03.881Z] [LOG] [InstanceLoader] SupplierGroupModule dependencies initialized
[2026-08-19T09:36:03.881Z] [LOG] [InstanceLoader] UserModule dependencies initialized
[2026-08-19T09:36:03.881Z] [LOG] [RouterExplorer] Mapped {/, GET} route
[2026-08-19T09:36:03.881Z] [LOG] [RoutesResolver] AppController {/}:
[2026-08-19T09:36:03.880Z] [LOG] [InstanceLoader] JwtModule dependencies initialized
[2026-08-19T09:36:03.881Z] [LOG] [RouterExplorer] Mapped {/users, POST} route
[2026-08-19T09:36:03.881Z] [LOG] [RouterExplorer] Mapped {/users/:id, GET} route
[2026-08-19T09:36:03.881Z] [LOG] [RouterExplorer] Mapped {/users, GET} route
[2026-08-19T09:36:03.881Z] [LOG] [RouterExplorer] Mapped {/users/:id/status, PUT} route
[2026-08-19T09:36:03.881Z] [LOG] [RoutesResolver] UserController {/users}:
[2026-08-19T09:36:03.882Z] [LOG] [RouterExplorer] Mapped {/auth/login, POST} route
[2026-08-19T09:36:03.882Z] [LOG] [RouterExplorer] Mapped {/auth/refresh, POST} route
[2026-08-19T09:36:03.882Z] [LOG] [RouterExplorer] Mapped {/auth/me, GET} route
[2026-08-19T09:36:03.882Z] [LOG] [RouterExplorer] Mapped {/auth/logout, POST} route
[2026-08-19T09:36:03.882Z] [LOG] [RouterExplorer] Mapped {/suppliers, POST} route
[2026-08-19T09:36:03.882Z] [LOG] [RoutesResolver] AuthController {/auth}:
[2026-08-19T09:36:03.882Z] [LOG] [RoutesResolver] SupplierController {/suppliers}:
[2026-08-19T09:36:03.882Z] [LOG] [RouterExplorer] Mapped {/suppliers/:id, GET} route
[2026-08-19T09:36:03.882Z] [LOG] [RoutesResolver] SupplierGroupController {/supplier-groups}:
[2026-08-19T09:36:03.882Z] [LOG] [RouterExplorer] Mapped {/supplier-groups, GET} route
[2026-08-19T09:36:03.882Z] [LOG] [RouterExplorer] Mapped {/supplier-groups, POST} route
[2026-08-19T09:36:03.882Z] [LOG] [RouterExplorer] Mapped {/supplier-groups/:id, PUT} route
[2026-08-19T09:36:03.882Z] [LOG] [RouterExplorer] Mapped {/suppliers, GET} route
[2026-08-19T09:36:03.883Z] [LOG] [RouterExplorer] Mapped {/supplier-groups/:id/status, PUT} route
[2026-08-19T09:36:03.883Z] [LOG] [RouterExplorer] Mapped {/supplier-groups/:id/assign-suppliers, POST} route
[2026-08-19T09:36:03.882Z] [LOG] [RouterExplorer] Mapped {/supplier-groups/:id, GET} route
[2026-08-19T09:36:03.883Z] [LOG] [NestApplication] Nest application successfully started
[2026-08-19T09:36:05.351Z] [ERROR] [ExceptionsHandler] No metadata for "User" was found. — EntityMetadataNotFoundError: No metadata for "User" was found.
    at DataSource.getMetadata (C:\ERP\erp-fcvn\node_modules\typeorm\data-source\src\data-source\DataSource.ts:451:30)
    at Repository.get metadata (C:\ERP\erp-fcvn\node_modules\typeorm\repository\src\repository\Repository.ts:55:40)
    at Repository.findAndCount (C:\ERP\erp-fcvn\node_modules\typeorm\repository\src\repository\Repository.ts:601:47)
    at UserService.findAll (C:\ERP\erp-fcvn\src\common\base\base.service.ts:21:50)
    at UserService.list (C:\ERP\erp-fcvn\src\modules\user\user.service.ts:36:17)
    at UserController.findAll (C:\ERP\erp-fcvn\src\modules\user\user.controller.ts:29:29)
    at C:\ERP\erp-fcvn\node_modules\@nestjs\core\router\router-execution-context.js:38:29
    at process.processTicksAndRejections (node:internal/process/task_queues:104:5)
    at async C:\ERP\erp-fcvn\node_modules\@nestjs\core\router\router-execution-context.js:46:28
    at async C:\ERP\erp-fcvn\node_modules\@nestjs\core\router\router-proxy.js:9:17
[2026-08-19T09:37:00.831Z] [LOG] [NestFactory] Starting Nest application...
[2026-08-19T09:37:00.832Z] [LOG] [InstanceLoader] TypeOrmModule dependencies initialized
[2026-08-19T09:37:00.832Z] [LOG] [InstanceLoader] ConfigHostModule dependencies initialized
[2026-08-19T09:37:00.832Z] [LOG] [InstanceLoader] AppModule dependencies initialized
[2026-08-19T09:37:00.832Z] [LOG] [InstanceLoader] TokenModule dependencies initialized
[2026-08-19T09:37:00.832Z] [LOG] [InstanceLoader] ConfigModule dependencies initialized
[2026-08-19T09:37:00.832Z] [LOG] [InstanceLoader] RedisModule dependencies initialized
[2026-08-19T09:37:00.833Z] [LOG] [InstanceLoader] TypeOrmCoreModule dependencies initialized
[2026-08-19T09:37:00.833Z] [LOG] [InstanceLoader] TypeOrmModule dependencies initialized
[2026-08-19T09:37:00.832Z] [LOG] [InstanceLoader] JwtModule dependencies initialized
[2026-08-19T09:37:00.833Z] [LOG] [InstanceLoader] TypeOrmModule dependencies initialized
[2026-08-19T09:37:00.833Z] [LOG] [InstanceLoader] AuthModule dependencies initialized
[2026-08-19T09:37:00.832Z] [LOG] [InstanceLoader] ConfigModule dependencies initialized
[2026-08-19T09:37:00.833Z] [LOG] [InstanceLoader] TypeOrmModule dependencies initialized
[2026-08-19T09:37:00.833Z] [LOG] [InstanceLoader] SupplierModule dependencies initialized
[2026-08-19T09:37:00.833Z] [LOG] [InstanceLoader] SupplierGroupModule dependencies initialized
[2026-08-19T09:37:00.833Z] [LOG] [RoutesResolver] AppController {/}:
[2026-08-19T09:37:00.833Z] [LOG] [InstanceLoader] UserModule dependencies initialized
[2026-08-19T09:37:00.834Z] [LOG] [RouterExplorer] Mapped {/users, POST} route
[2026-08-19T09:37:00.833Z] [LOG] [RoutesResolver] UserController {/users}:
[2026-08-19T09:37:00.834Z] [LOG] [RouterExplorer] Mapped {/users, GET} route
[2026-08-19T09:37:00.834Z] [LOG] [RouterExplorer] Mapped {/users/:id, GET} route
[2026-08-19T09:37:00.834Z] [LOG] [RouterExplorer] Mapped {/users/:id/status, PUT} route
[2026-08-19T09:37:00.834Z] [LOG] [RouterExplorer] Mapped {/auth/login, POST} route
[2026-08-19T09:37:00.834Z] [LOG] [RoutesResolver] AuthController {/auth}:
[2026-08-19T09:37:00.834Z] [LOG] [RouterExplorer] Mapped {/auth/logout, POST} route
[2026-08-19T09:37:00.834Z] [LOG] [RouterExplorer] Mapped {/auth/refresh, POST} route
[2026-08-19T09:37:00.833Z] [LOG] [RouterExplorer] Mapped {/, GET} route
[2026-08-19T09:37:00.834Z] [LOG] [RouterExplorer] Mapped {/auth/me, GET} route
[2026-08-19T09:37:00.834Z] [LOG] [RouterExplorer] Mapped {/suppliers, POST} route
[2026-08-19T09:37:00.834Z] [LOG] [RouterExplorer] Mapped {/suppliers/:id, GET} route
[2026-08-19T09:37:00.834Z] [LOG] [RoutesResolver] SupplierController {/suppliers}:
[2026-08-19T09:37:00.834Z] [LOG] [RouterExplorer] Mapped {/supplier-groups, POST} route
[2026-08-19T09:37:00.834Z] [LOG] [RoutesResolver] SupplierGroupController {/supplier-groups}:
[2026-08-19T09:37:00.834Z] [LOG] [RouterExplorer] Mapped {/suppliers, GET} route
[2026-08-19T09:37:00.835Z] [LOG] [RouterExplorer] Mapped {/supplier-groups/:id, GET} route
[2026-08-19T09:37:00.835Z] [LOG] [RouterExplorer] Mapped {/supplier-groups/:id, PUT} route
[2026-08-19T09:37:00.835Z] [LOG] [RouterExplorer] Mapped {/supplier-groups/:id/status, PUT} route
[2026-08-19T09:37:00.835Z] [LOG] [RouterExplorer] Mapped {/supplier-groups/:id/assign-suppliers, POST} route
[2026-08-19T09:37:00.835Z] [LOG] [RouterExplorer] Mapped {/supplier-groups, GET} route
[2026-08-19T09:37:00.835Z] [LOG] [NestApplication] Nest application successfully started
[2026-08-19T09:37:32.595Z] [ERROR] [ExceptionsHandler] No metadata for "User" was found. — EntityMetadataNotFoundError: No metadata for "User" was found.
    at DataSource.getMetadata (C:\ERP\erp-fcvn\node_modules\typeorm\data-source\src\data-source\DataSource.ts:451:30)
    at Repository.get metadata (C:\ERP\erp-fcvn\node_modules\typeorm\repository\src\repository\Repository.ts:55:40)
    at Repository.findAndCount (C:\ERP\erp-fcvn\node_modules\typeorm\repository\src\repository\Repository.ts:601:47)
    at UserService.findAll (C:\ERP\erp-fcvn\src\common\base\base.service.ts:21:50)
    at UserService.list (C:\ERP\erp-fcvn\src\modules\user\user.service.ts:36:17)
    at UserController.findAll (C:\ERP\erp-fcvn\src\modules\user\user.controller.ts:29:29)
    at C:\ERP\erp-fcvn\node_modules\@nestjs\core\router\router-execution-context.js:38:29
    at process.processTicksAndRejections (node:internal/process/task_queues:104:5)
    at async C:\ERP\erp-fcvn\node_modules\@nestjs\core\router\router-execution-context.js:46:28
    at async C:\ERP\erp-fcvn\node_modules\@nestjs\core\router\router-proxy.js:9:17
[2026-08-19T09:38:38.044Z] [LOG] [NestFactory] Starting Nest application...
[2026-08-19T09:38:38.044Z] [LOG] [InstanceLoader] TypeOrmModule dependencies initialized
[2026-08-19T09:38:38.044Z] [LOG] [InstanceLoader] ConfigHostModule dependencies initialized
[2026-08-19T09:38:38.044Z] [LOG] [InstanceLoader] TokenModule dependencies initialized
[2026-08-19T09:38:38.045Z] [LOG] [InstanceLoader] ConfigModule dependencies initialized
[2026-08-19T09:38:38.045Z] [LOG] [InstanceLoader] RedisModule dependencies initialized
[2026-08-19T09:38:38.045Z] [LOG] [InstanceLoader] ConfigModule dependencies initialized
[2026-08-19T09:38:38.045Z] [LOG] [InstanceLoader] TypeOrmCoreModule dependencies initialized
[2026-08-19T09:38:38.045Z] [LOG] [InstanceLoader] AppModule dependencies initialized
[2026-08-19T09:38:38.046Z] [LOG] [InstanceLoader] TypeOrmModule dependencies initialized
[2026-08-19T09:38:38.046Z] [LOG] [InstanceLoader] TypeOrmModule dependencies initialized
[2026-08-19T09:38:38.046Z] [LOG] [InstanceLoader] TypeOrmModule dependencies initialized
[2026-08-19T09:38:38.046Z] [LOG] [InstanceLoader] UserModule dependencies initialized
[2026-08-19T09:38:38.046Z] [LOG] [InstanceLoader] AuthModule dependencies initialized
[2026-08-19T09:38:38.046Z] [LOG] [InstanceLoader] SupplierGroupModule dependencies initialized
[2026-08-19T09:38:38.046Z] [LOG] [InstanceLoader] SupplierModule dependencies initialized
[2026-08-19T09:38:38.046Z] [LOG] [RoutesResolver] AppController {/}:
[2026-08-19T09:38:38.045Z] [LOG] [InstanceLoader] JwtModule dependencies initialized
[2026-08-19T09:38:38.046Z] [LOG] [RoutesResolver] UserController {/users}:
[2026-08-19T09:38:38.046Z] [LOG] [RouterExplorer] Mapped {/users, POST} route
[2026-08-19T09:38:38.047Z] [LOG] [RouterExplorer] Mapped {/users/:id, GET} route
[2026-08-19T09:38:38.047Z] [LOG] [RouterExplorer] Mapped {/users/:id/status, PUT} route
[2026-08-19T09:38:38.046Z] [LOG] [RouterExplorer] Mapped {/users, GET} route
[2026-08-19T09:38:38.047Z] [LOG] [RoutesResolver] AuthController {/auth}:
[2026-08-19T09:38:38.047Z] [LOG] [RouterExplorer] Mapped {/auth/login, POST} route
[2026-08-19T09:38:38.047Z] [LOG] [RouterExplorer] Mapped {/auth/refresh, POST} route
[2026-08-19T09:38:38.047Z] [LOG] [RouterExplorer] Mapped {/auth/me, GET} route
[2026-08-19T09:38:38.047Z] [LOG] [RouterExplorer] Mapped {/auth/logout, POST} route
[2026-08-19T09:38:38.047Z] [LOG] [RoutesResolver] SupplierController {/suppliers}:
[2026-08-19T09:38:38.047Z] [LOG] [RouterExplorer] Mapped {/suppliers, POST} route
[2026-08-19T09:38:38.047Z] [LOG] [RouterExplorer] Mapped {/suppliers/:id, GET} route
[2026-08-19T09:38:38.046Z] [LOG] [RouterExplorer] Mapped {/, GET} route
[2026-08-19T09:38:38.047Z] [LOG] [RouterExplorer] Mapped {/suppliers, GET} route
[2026-08-19T09:38:38.047Z] [LOG] [RoutesResolver] SupplierGroupController {/supplier-groups}:
[2026-08-19T09:38:38.048Z] [LOG] [RouterExplorer] Mapped {/supplier-groups/:id, GET} route
[2026-08-19T09:38:38.047Z] [LOG] [RouterExplorer] Mapped {/supplier-groups, GET} route
[2026-08-19T09:38:38.048Z] [LOG] [RouterExplorer] Mapped {/supplier-groups/:id, PUT} route
[2026-08-19T09:38:38.048Z] [LOG] [RouterExplorer] Mapped {/supplier-groups/:id/status, PUT} route
[2026-08-19T09:38:38.048Z] [LOG] [RouterExplorer] Mapped {/supplier-groups/:id/assign-suppliers, POST} route
[2026-08-19T09:38:38.048Z] [LOG] [NestApplication] Nest application successfully started
[2026-08-19T09:38:38.047Z] [LOG] [RouterExplorer] Mapped {/supplier-groups, POST} route
[2026-08-19T09:38:42.765Z] [ERROR] [ExceptionsHandler] No metadata for "User" was found. — EntityMetadataNotFoundError: No metadata for "User" was found.
    at DataSource.getMetadata (C:\ERP\erp-fcvn\node_modules\typeorm\data-source\src\data-source\DataSource.ts:451:30)
    at Repository.get metadata (C:\ERP\erp-fcvn\node_modules\typeorm\repository\src\repository\Repository.ts:55:40)
    at Repository.findAndCount (C:\ERP\erp-fcvn\node_modules\typeorm\repository\src\repository\Repository.ts:601:47)
    at UserService.findAll (C:\ERP\erp-fcvn\src\common\base\base.service.ts:21:50)
    at UserService.list (C:\ERP\erp-fcvn\src\modules\user\user.service.ts:36:17)
    at UserController.findAll (C:\ERP\erp-fcvn\src\modules\user\user.controller.ts:29:29)
    at C:\ERP\erp-fcvn\node_modules\@nestjs\core\router\router-execution-context.js:38:29
    at process.processTicksAndRejections (node:internal/process/task_queues:104:5)
    at async C:\ERP\erp-fcvn\node_modules\@nestjs\core\router\router-execution-context.js:46:28
    at async C:\ERP\erp-fcvn\node_modules\@nestjs\core\router\router-proxy.js:9:17
[2026-08-19T09:38:55.784Z] [LOG] [NestFactory] Starting Nest application...
[2026-08-19T09:38:55.784Z] [LOG] [InstanceLoader] TypeOrmModule dependencies initialized
[2026-08-19T09:38:55.784Z] [LOG] [InstanceLoader] ConfigHostModule dependencies initialized
[2026-08-19T09:38:55.785Z] [LOG] [InstanceLoader] ConfigModule dependencies initialized
[2026-08-19T09:38:55.785Z] [LOG] [InstanceLoader] ConfigModule dependencies initialized
[2026-08-19T09:38:55.784Z] [LOG] [InstanceLoader] TokenModule dependencies initialized
[2026-08-19T09:38:55.785Z] [LOG] [InstanceLoader] JwtModule dependencies initialized
[2026-08-19T09:38:55.785Z] [LOG] [InstanceLoader] RedisModule dependencies initialized
[2026-08-19T09:38:55.785Z] [LOG] [InstanceLoader] TypeOrmCoreModule dependencies initialized
[2026-08-19T09:38:55.786Z] [LOG] [InstanceLoader] TypeOrmModule dependencies initialized
[2026-08-19T09:38:55.785Z] [LOG] [InstanceLoader] AppModule dependencies initialized
[2026-08-19T09:38:55.786Z] [LOG] [InstanceLoader] TypeOrmModule dependencies initialized
[2026-08-19T09:38:55.786Z] [LOG] [InstanceLoader] UserModule dependencies initialized
[2026-08-19T09:38:55.786Z] [LOG] [InstanceLoader] TypeOrmModule dependencies initialized
[2026-08-19T09:38:55.786Z] [LOG] [InstanceLoader] SupplierGroupModule dependencies initialized
[2026-08-19T09:38:55.786Z] [LOG] [RoutesResolver] AppController {/}:
[2026-08-19T09:38:55.786Z] [LOG] [InstanceLoader] SupplierModule dependencies initialized
[2026-08-19T09:38:55.786Z] [LOG] [InstanceLoader] AuthModule dependencies initialized
[2026-08-19T09:38:55.786Z] [LOG] [RouterExplorer] Mapped {/users, POST} route
[2026-08-19T09:38:55.786Z] [LOG] [RouterExplorer] Mapped {/, GET} route
[2026-08-19T09:38:55.786Z] [LOG] [RoutesResolver] UserController {/users}:
[2026-08-19T09:38:55.787Z] [LOG] [RouterExplorer] Mapped {/users, GET} route
[2026-08-19T09:38:55.787Z] [LOG] [RouterExplorer] Mapped {/users/:id/status, PUT} route
[2026-08-19T09:38:55.787Z] [LOG] [RouterExplorer] Mapped {/users/:id, GET} route
[2026-08-19T09:38:55.787Z] [LOG] [RouterExplorer] Mapped {/auth/login, POST} route
[2026-08-19T09:38:55.787Z] [LOG] [RouterExplorer] Mapped {/auth/refresh, POST} route
[2026-08-19T09:38:55.787Z] [LOG] [RouterExplorer] Mapped {/auth/me, GET} route
[2026-08-19T09:38:55.787Z] [LOG] [RouterExplorer] Mapped {/auth/logout, POST} route
[2026-08-19T09:38:55.787Z] [LOG] [RouterExplorer] Mapped {/suppliers, POST} route
[2026-08-19T09:38:55.787Z] [LOG] [RoutesResolver] AuthController {/auth}:
[2026-08-19T09:38:55.787Z] [LOG] [RouterExplorer] Mapped {/suppliers, GET} route
[2026-08-19T09:38:55.787Z] [LOG] [RouterExplorer] Mapped {/suppliers/:id, GET} route
[2026-08-19T09:38:55.787Z] [LOG] [RoutesResolver] SupplierGroupController {/supplier-groups}:
[2026-08-19T09:38:55.787Z] [LOG] [RoutesResolver] SupplierController {/suppliers}:
[2026-08-19T09:38:55.787Z] [LOG] [RouterExplorer] Mapped {/supplier-groups, POST} route
[2026-08-19T09:38:55.788Z] [LOG] [RouterExplorer] Mapped {/supplier-groups/:id, GET} route
[2026-08-19T09:38:55.788Z] [LOG] [RouterExplorer] Mapped {/supplier-groups/:id/status, PUT} route
[2026-08-19T09:38:55.788Z] [LOG] [RouterExplorer] Mapped {/supplier-groups/:id/assign-suppliers, POST} route
[2026-08-19T09:38:55.788Z] [LOG] [NestApplication] Nest application successfully started
[2026-08-19T09:38:55.788Z] [LOG] [RouterExplorer] Mapped {/supplier-groups, GET} route
[2026-08-19T09:38:55.788Z] [LOG] [RouterExplorer] Mapped {/supplier-groups/:id, PUT} route
[2026-08-19T09:39:02.761Z] [ERROR] [ExceptionsHandler] No metadata for "User" was found. — EntityMetadataNotFoundError: No metadata for "User" was found.
    at DataSource.getMetadata (C:\ERP\erp-fcvn\node_modules\typeorm\data-source\src\data-source\DataSource.ts:451:30)
    at Repository.get metadata (C:\ERP\erp-fcvn\node_modules\typeorm\repository\src\repository\Repository.ts:55:40)
    at Repository.findAndCount (C:\ERP\erp-fcvn\node_modules\typeorm\repository\src\repository\Repository.ts:601:47)
    at UserService.findAll (C:\ERP\erp-fcvn\src\common\base\base.service.ts:21:50)
    at UserService.list (C:\ERP\erp-fcvn\src\modules\user\user.service.ts:36:17)
    at UserController.findAll (C:\ERP\erp-fcvn\src\modules\user\user.controller.ts:29:29)
    at C:\ERP\erp-fcvn\node_modules\@nestjs\core\router\router-execution-context.js:38:29
    at process.processTicksAndRejections (node:internal/process/task_queues:104:5)
    at async C:\ERP\erp-fcvn\node_modules\@nestjs\core\router\router-execution-context.js:46:28
    at async C:\ERP\erp-fcvn\node_modules\@nestjs\core\router\router-proxy.js:9:17
[2026-08-19T09:39:24.974Z] [LOG] [NestFactory] Starting Nest application...
[2026-08-19T09:39:24.974Z] [LOG] [InstanceLoader] TypeOrmModule dependencies initialized
[2026-08-19T09:39:24.975Z] [LOG] [InstanceLoader] TokenModule dependencies initialized
[2026-08-19T09:39:24.975Z] [LOG] [InstanceLoader] AppModule dependencies initialized
[2026-08-19T09:39:24.975Z] [LOG] [InstanceLoader] ConfigHostModule dependencies initialized
[2026-08-19T09:39:24.975Z] [LOG] [InstanceLoader] RedisModule dependencies initialized
[2026-08-19T09:39:24.975Z] [LOG] [InstanceLoader] ConfigModule dependencies initialized
[2026-08-19T09:39:24.975Z] [LOG] [InstanceLoader] TypeOrmCoreModule dependencies initialized
[2026-08-19T09:39:24.975Z] [LOG] [InstanceLoader] ConfigModule dependencies initialized
[2026-08-19T09:39:24.975Z] [LOG] [InstanceLoader] JwtModule dependencies initialized
[2026-08-19T09:39:24.975Z] [LOG] [InstanceLoader] TypeOrmModule dependencies initialized
[2026-08-19T09:39:24.975Z] [LOG] [InstanceLoader] TypeOrmModule dependencies initialized
[2026-08-19T09:39:24.975Z] [LOG] [InstanceLoader] TypeOrmModule dependencies initialized
[2026-08-19T09:39:24.976Z] [LOG] [InstanceLoader] SupplierModule dependencies initialized
[2026-08-19T09:39:24.976Z] [LOG] [InstanceLoader] SupplierGroupModule dependencies initialized
[2026-08-19T09:39:24.976Z] [LOG] [RoutesResolver] AppController {/}:
[2026-08-19T09:39:24.976Z] [LOG] [InstanceLoader] AuthModule dependencies initialized
[2026-08-19T09:39:24.976Z] [LOG] [RouterExplorer] Mapped {/, GET} route
[2026-08-19T09:39:24.976Z] [LOG] [RoutesResolver] UserController {/users}:
[2026-08-19T09:39:24.976Z] [LOG] [RouterExplorer] Mapped {/users, POST} route
[2026-08-19T09:39:24.976Z] [LOG] [InstanceLoader] UserModule dependencies initialized
[2026-08-19T09:39:24.976Z] [LOG] [RouterExplorer] Mapped {/users/:id/status, PUT} route
[2026-08-19T09:39:24.976Z] [LOG] [RouterExplorer] Mapped {/users/:id, GET} route
[2026-08-19T09:39:24.976Z] [LOG] [RoutesResolver] AuthController {/auth}:
[2026-08-19T09:39:24.977Z] [LOG] [RouterExplorer] Mapped {/auth/login, POST} route
[2026-08-19T09:39:24.977Z] [LOG] [RouterExplorer] Mapped {/auth/refresh, POST} route
[2026-08-19T09:39:24.977Z] [LOG] [RouterExplorer] Mapped {/auth/me, GET} route
[2026-08-19T09:39:24.977Z] [LOG] [RouterExplorer] Mapped {/auth/logout, POST} route
[2026-08-19T09:39:24.976Z] [LOG] [RouterExplorer] Mapped {/users, GET} route
[2026-08-19T09:39:24.977Z] [LOG] [RouterExplorer] Mapped {/suppliers, POST} route
[2026-08-19T09:39:24.977Z] [LOG] [RouterExplorer] Mapped {/suppliers/:id, GET} route
[2026-08-19T09:39:24.977Z] [LOG] [RoutesResolver] SupplierGroupController {/supplier-groups}:
[2026-08-19T09:39:24.977Z] [LOG] [RouterExplorer] Mapped {/supplier-groups, POST} route
[2026-08-19T09:39:24.977Z] [LOG] [RouterExplorer] Mapped {/suppliers, GET} route
[2026-08-19T09:39:24.977Z] [LOG] [RoutesResolver] SupplierController {/suppliers}:
[2026-08-19T09:39:24.977Z] [LOG] [RouterExplorer] Mapped {/supplier-groups, GET} route
[2026-08-19T09:39:24.977Z] [LOG] [RouterExplorer] Mapped {/supplier-groups/:id, PUT} route
[2026-08-19T09:39:24.977Z] [LOG] [RouterExplorer] Mapped {/supplier-groups/:id/status, PUT} route
[2026-08-19T09:39:24.977Z] [LOG] [RouterExplorer] Mapped {/supplier-groups/:id/assign-suppliers, POST} route
[2026-08-19T09:39:24.977Z] [LOG] [NestApplication] Nest application successfully started
[2026-08-19T09:39:24.977Z] [LOG] [RouterExplorer] Mapped {/supplier-groups/:id, GET} route
[2026-08-19T09:39:28.197Z] [ERROR] [ExceptionsHandler] No metadata for "User" was found. — EntityMetadataNotFoundError: No metadata for "User" was found.
    at DataSource.getMetadata (C:\ERP\erp-fcvn\node_modules\typeorm\data-source\src\data-source\DataSource.ts:451:30)
    at Repository.get metadata (C:\ERP\erp-fcvn\node_modules\typeorm\repository\src\repository\Repository.ts:55:40)
    at Repository.findAndCount (C:\ERP\erp-fcvn\node_modules\typeorm\repository\src\repository\Repository.ts:601:47)
    at UserService.findAll (C:\ERP\erp-fcvn\src\common\base\base.service.ts:21:50)
    at UserService.list (C:\ERP\erp-fcvn\src\modules\user\user.service.ts:36:17)
    at UserController.findAll (C:\ERP\erp-fcvn\src\modules\user\user.controller.ts:29:29)
    at C:\ERP\erp-fcvn\node_modules\@nestjs\core\router\router-execution-context.js:38:29
    at process.processTicksAndRejections (node:internal/process/task_queues:104:5)
    at async C:\ERP\erp-fcvn\node_modules\@nestjs\core\router\router-execution-context.js:46:28
    at async C:\ERP\erp-fcvn\node_modules\@nestjs\core\router\router-proxy.js:9:17
[2026-08-19T09:41:01.452Z] [LOG] [NestFactory] Starting Nest application...
[2026-08-19T09:41:01.452Z] [LOG] [InstanceLoader] TypeOrmModule dependencies initialized
[2026-08-19T09:41:01.452Z] [LOG] [InstanceLoader] TokenModule dependencies initialized
[2026-08-19T09:41:01.453Z] [LOG] [InstanceLoader] AppModule dependencies initialized
[2026-08-19T09:41:01.453Z] [LOG] [InstanceLoader] RedisModule dependencies initialized
[2026-08-19T09:41:01.453Z] [LOG] [InstanceLoader] ConfigHostModule dependencies initialized
[2026-08-19T09:41:01.453Z] [LOG] [InstanceLoader] JwtModule dependencies initialized
[2026-08-19T09:41:01.453Z] [LOG] [InstanceLoader] ConfigModule dependencies initialized
[2026-08-19T09:41:01.453Z] [LOG] [InstanceLoader] TypeOrmCoreModule dependencies initialized
[2026-08-19T09:41:01.453Z] [LOG] [InstanceLoader] TypeOrmModule dependencies initialized
[2026-08-19T09:41:01.453Z] [LOG] [InstanceLoader] TypeOrmModule dependencies initialized
[2026-08-19T09:41:01.454Z] [LOG] [InstanceLoader] AuthModule dependencies initialized
[2026-08-19T09:41:01.453Z] [LOG] [InstanceLoader] ConfigModule dependencies initialized
[2026-08-19T09:41:01.454Z] [LOG] [InstanceLoader] TypeOrmModule dependencies initialized
[2026-08-19T09:41:01.454Z] [LOG] [InstanceLoader] SupplierModule dependencies initialized
[2026-08-19T09:41:01.454Z] [LOG] [InstanceLoader] SupplierGroupModule dependencies initialized
[2026-08-19T09:41:01.454Z] [LOG] [RouterExplorer] Mapped {/, GET} route
[2026-08-19T09:41:01.454Z] [LOG] [RoutesResolver] AppController {/}:
[2026-08-19T09:41:01.454Z] [LOG] [InstanceLoader] UserModule dependencies initialized
[2026-08-19T09:41:01.454Z] [LOG] [RouterExplorer] Mapped {/users, GET} route
[2026-08-19T09:41:01.454Z] [LOG] [RouterExplorer] Mapped {/users, POST} route
[2026-08-19T09:41:01.454Z] [LOG] [RouterExplorer] Mapped {/users/:id, GET} route
[2026-08-19T09:41:01.454Z] [LOG] [RouterExplorer] Mapped {/users/:id/status, PUT} route
[2026-08-19T09:41:01.454Z] [LOG] [RoutesResolver] AuthController {/auth}:
[2026-08-19T09:41:01.454Z] [LOG] [RoutesResolver] UserController {/users}:
[2026-08-19T09:41:01.455Z] [LOG] [RouterExplorer] Mapped {/auth/refresh, POST} route
[2026-08-19T09:41:01.455Z] [LOG] [RouterExplorer] Mapped {/auth/me, GET} route
[2026-08-19T09:41:01.455Z] [LOG] [RouterExplorer] Mapped {/auth/logout, POST} route
[2026-08-19T09:41:01.454Z] [LOG] [RouterExplorer] Mapped {/auth/login, POST} route
[2026-08-19T09:41:01.455Z] [LOG] [RouterExplorer] Mapped {/suppliers, GET} route
[2026-08-19T09:41:01.455Z] [LOG] [RouterExplorer] Mapped {/suppliers, POST} route
[2026-08-19T09:41:01.455Z] [LOG] [RoutesResolver] SupplierController {/suppliers}:
[2026-08-19T09:41:01.455Z] [LOG] [RoutesResolver] SupplierGroupController {/supplier-groups}:
[2026-08-19T09:41:01.455Z] [LOG] [RouterExplorer] Mapped {/suppliers/:id, GET} route
[2026-08-19T09:41:01.455Z] [LOG] [RouterExplorer] Mapped {/supplier-groups, GET} route
[2026-08-19T09:41:01.455Z] [LOG] [RouterExplorer] Mapped {/supplier-groups/:id, GET} route
[2026-08-19T09:41:01.455Z] [LOG] [RouterExplorer] Mapped {/supplier-groups/:id/status, PUT} route
[2026-08-19T09:41:01.455Z] [LOG] [RouterExplorer] Mapped {/supplier-groups/:id, PUT} route
[2026-08-19T09:41:01.456Z] [LOG] [NestApplication] Nest application successfully started
[2026-08-19T09:41:01.455Z] [LOG] [RouterExplorer] Mapped {/supplier-groups/:id/assign-suppliers, POST} route
[2026-08-19T09:41:01.455Z] [LOG] [RouterExplorer] Mapped {/supplier-groups, POST} route
[2026-08-19T09:41:03.410Z] [LOG] [NestFactory] Starting Nest application...
[2026-08-19T09:41:03.411Z] [LOG] [InstanceLoader] TypeOrmModule dependencies initialized
[2026-08-19T09:41:03.411Z] [LOG] [InstanceLoader] ConfigHostModule dependencies initialized
[2026-08-19T09:41:03.411Z] [LOG] [InstanceLoader] AppModule dependencies initialized
[2026-08-19T09:41:03.411Z] [LOG] [InstanceLoader] TokenModule dependencies initialized
[2026-08-19T09:41:03.411Z] [LOG] [InstanceLoader] ConfigModule dependencies initialized
[2026-08-19T09:41:03.412Z] [LOG] [InstanceLoader] JwtModule dependencies initialized
[2026-08-19T09:41:03.411Z] [LOG] [InstanceLoader] ConfigModule dependencies initialized
[2026-08-19T09:41:03.412Z] [LOG] [InstanceLoader] TypeOrmCoreModule dependencies initialized
[2026-08-19T09:41:03.411Z] [LOG] [InstanceLoader] RedisModule dependencies initialized
[2026-08-19T09:41:03.412Z] [LOG] [InstanceLoader] TypeOrmModule dependencies initialized
[2026-08-19T09:41:03.412Z] [LOG] [InstanceLoader] TypeOrmModule dependencies initialized
[2026-08-19T09:41:03.412Z] [LOG] [InstanceLoader] AuthModule dependencies initialized
[2026-08-19T09:41:03.412Z] [LOG] [InstanceLoader] UserModule dependencies initialized
[2026-08-19T09:41:03.412Z] [LOG] [InstanceLoader] TypeOrmModule dependencies initialized
[2026-08-19T09:41:03.412Z] [LOG] [InstanceLoader] SupplierModule dependencies initialized
[2026-08-19T09:41:03.413Z] [LOG] [RouterExplorer] Mapped {/, GET} route
[2026-08-19T09:41:03.412Z] [LOG] [RoutesResolver] AppController {/}:
[2026-08-19T09:41:03.412Z] [LOG] [InstanceLoader] SupplierGroupModule dependencies initialized
[2026-08-19T09:41:03.413Z] [LOG] [RouterExplorer] Mapped {/users, POST} route
[2026-08-19T09:41:03.413Z] [LOG] [RouterExplorer] Mapped {/users, GET} route
[2026-08-19T09:41:03.413Z] [LOG] [RouterExplorer] Mapped {/users/:id, GET} route
[2026-08-19T09:41:03.413Z] [LOG] [RoutesResolver] AuthController {/auth}:
[2026-08-19T09:41:03.413Z] [LOG] [RouterExplorer] Mapped {/users/:id/status, PUT} route
[2026-08-19T09:41:03.413Z] [LOG] [RouterExplorer] Mapped {/auth/refresh, POST} route
[2026-08-19T09:41:03.413Z] [LOG] [RouterExplorer] Mapped {/auth/logout, POST} route
[2026-08-19T09:41:03.413Z] [LOG] [RoutesResolver] UserController {/users}:
[2026-08-19T09:41:03.413Z] [LOG] [RouterExplorer] Mapped {/auth/login, POST} route
[2026-08-19T09:41:03.413Z] [LOG] [RouterExplorer] Mapped {/suppliers, POST} route
[2026-08-19T09:41:03.413Z] [LOG] [RoutesResolver] SupplierController {/suppliers}:
[2026-08-19T09:41:03.414Z] [LOG] [RouterExplorer] Mapped {/suppliers/:id, GET} route
[2026-08-19T09:41:03.414Z] [LOG] [RoutesResolver] SupplierGroupController {/supplier-groups}:
[2026-08-19T09:41:03.414Z] [LOG] [RouterExplorer] Mapped {/suppliers, GET} route
[2026-08-19T09:41:03.414Z] [LOG] [RouterExplorer] Mapped {/supplier-groups, POST} route
[2026-08-19T09:41:03.414Z] [LOG] [RouterExplorer] Mapped {/supplier-groups, GET} route
[2026-08-19T09:41:03.414Z] [LOG] [RouterExplorer] Mapped {/supplier-groups/:id, GET} route
[2026-08-19T09:41:03.414Z] [LOG] [RouterExplorer] Mapped {/supplier-groups/:id/status, PUT} route
[2026-08-19T09:41:03.414Z] [LOG] [RouterExplorer] Mapped {/supplier-groups/:id, PUT} route
[2026-08-19T09:41:03.414Z] [LOG] [RouterExplorer] Mapped {/supplier-groups/:id/assign-suppliers, POST} route
[2026-08-19T09:41:03.413Z] [LOG] [RouterExplorer] Mapped {/auth/me, GET} route
[2026-08-19T09:41:03.414Z] [LOG] [NestApplication] Nest application successfully started
[2026-08-19T09:41:12.700Z] [ERROR] [ExceptionsHandler] No metadata for "User" was found. — EntityMetadataNotFoundError: No metadata for "User" was found.
    at DataSource.getMetadata (C:\ERP\erp-fcvn\node_modules\typeorm\data-source\src\data-source\DataSource.ts:451:30)
    at Repository.get metadata (C:\ERP\erp-fcvn\node_modules\typeorm\repository\src\repository\Repository.ts:55:40)
    at Repository.findAndCount (C:\ERP\erp-fcvn\node_modules\typeorm\repository\src\repository\Repository.ts:601:47)
    at UserService.findAll (C:\ERP\erp-fcvn\src\common\base\base.service.ts:21:50)
    at UserService.list (C:\ERP\erp-fcvn\src\modules\user\user.service.ts:36:17)
    at UserController.findAll (C:\ERP\erp-fcvn\src\modules\user\user.controller.ts:29:29)
    at C:\ERP\erp-fcvn\node_modules\@nestjs\core\router\router-execution-context.js:38:29
    at process.processTicksAndRejections (node:internal/process/task_queues:104:5)
    at async C:\ERP\erp-fcvn\node_modules\@nestjs\core\router\router-execution-context.js:46:28
    at async C:\ERP\erp-fcvn\node_modules\@nestjs\core\router\router-proxy.js:9:17
[2026-08-19T09:42:31.547Z] [ERROR] [ExceptionsHandler] No metadata for "User" was found. — EntityMetadataNotFoundError: No metadata for "User" was found.
    at DataSource.getMetadata (C:\ERP\erp-fcvn\node_modules\typeorm\data-source\src\data-source\DataSource.ts:451:30)
    at Repository.get metadata (C:\ERP\erp-fcvn\node_modules\typeorm\repository\src\repository\Repository.ts:55:40)
    at Repository.findAndCount (C:\ERP\erp-fcvn\node_modules\typeorm\repository\src\repository\Repository.ts:601:47)
    at UserService.findAll (C:\ERP\erp-fcvn\src\common\base\base.service.ts:21:50)
    at UserService.list (C:\ERP\erp-fcvn\src\modules\user\user.service.ts:36:17)
    at UserController.findAll (C:\ERP\erp-fcvn\src\modules\user\user.controller.ts:29:29)
    at C:\ERP\erp-fcvn\node_modules\@nestjs\core\router\router-execution-context.js:38:29
    at process.processTicksAndRejections (node:internal/process/task_queues:104:5)
    at async C:\ERP\erp-fcvn\node_modules\@nestjs\core\router\router-execution-context.js:46:28
    at async C:\ERP\erp-fcvn\node_modules\@nestjs\core\router\router-proxy.js:9:17
[2026-08-19T09:42:44.450Z] [LOG] [NestFactory] Starting Nest application...
[2026-08-19T09:42:44.451Z] [LOG] [InstanceLoader] TypeOrmModule dependencies initialized
[2026-08-19T09:42:44.451Z] [LOG] [InstanceLoader] ConfigHostModule dependencies initialized
[2026-08-19T09:42:44.451Z] [LOG] [InstanceLoader] AppModule dependencies initialized
[2026-08-19T09:42:44.451Z] [LOG] [InstanceLoader] TokenModule dependencies initialized
[2026-08-19T09:42:44.451Z] [LOG] [InstanceLoader] ConfigModule dependencies initialized
[2026-08-19T09:42:44.451Z] [LOG] [InstanceLoader] ConfigModule dependencies initialized
[2026-08-19T09:42:44.452Z] [LOG] [InstanceLoader] TypeOrmCoreModule dependencies initialized
[2026-08-19T09:42:44.451Z] [LOG] [InstanceLoader] JwtModule dependencies initialized
[2026-08-19T09:42:44.451Z] [LOG] [InstanceLoader] RedisModule dependencies initialized
[2026-08-19T09:42:44.452Z] [LOG] [InstanceLoader] TypeOrmModule dependencies initialized
[2026-08-19T09:42:44.452Z] [LOG] [InstanceLoader] AuthModule dependencies initialized
[2026-08-19T09:42:44.452Z] [LOG] [InstanceLoader] TypeOrmModule dependencies initialized
[2026-08-19T09:42:44.452Z] [LOG] [InstanceLoader] UserModule dependencies initialized
[2026-08-19T09:42:44.452Z] [LOG] [InstanceLoader] TypeOrmModule dependencies initialized
[2026-08-19T09:42:44.452Z] [LOG] [InstanceLoader] SupplierGroupModule dependencies initialized
[2026-08-19T09:42:44.452Z] [LOG] [RouterExplorer] Mapped {/, GET} route
[2026-08-19T09:42:44.452Z] [LOG] [InstanceLoader] SupplierModule dependencies initialized
[2026-08-19T09:42:44.452Z] [LOG] [RoutesResolver] AppController {/}:
[2026-08-19T09:42:44.452Z] [LOG] [RoutesResolver] UserController {/users}:
[2026-08-19T09:42:44.452Z] [LOG] [RouterExplorer] Mapped {/users, GET} route
[2026-08-19T09:42:44.453Z] [LOG] [RouterExplorer] Mapped {/users/:id, GET} route
[2026-08-19T09:42:44.453Z] [LOG] [RouterExplorer] Mapped {/users/:id/status, PUT} route
[2026-08-19T09:42:44.453Z] [LOG] [RoutesResolver] AuthController {/auth}:
[2026-08-19T09:42:44.452Z] [LOG] [RouterExplorer] Mapped {/users, POST} route
[2026-08-19T09:42:44.453Z] [LOG] [RouterExplorer] Mapped {/auth/login, POST} route
[2026-08-19T09:42:44.453Z] [LOG] [RouterExplorer] Mapped {/auth/me, GET} route
[2026-08-19T09:42:44.453Z] [LOG] [RouterExplorer] Mapped {/auth/refresh, POST} route
[2026-08-19T09:42:44.453Z] [LOG] [RoutesResolver] SupplierController {/suppliers}:
[2026-08-19T09:42:44.453Z] [LOG] [RouterExplorer] Mapped {/auth/logout, POST} route
[2026-08-19T09:42:44.453Z] [LOG] [RouterExplorer] Mapped {/suppliers/:id, GET} route
[2026-08-19T09:42:44.453Z] [LOG] [RoutesResolver] SupplierGroupController {/supplier-groups}:
[2026-08-19T09:42:44.453Z] [LOG] [RouterExplorer] Mapped {/supplier-groups, POST} route
[2026-08-19T09:42:44.453Z] [LOG] [RouterExplorer] Mapped {/suppliers, GET} route
[2026-08-19T09:42:44.453Z] [LOG] [RouterExplorer] Mapped {/supplier-groups, GET} route
[2026-08-19T09:42:44.454Z] [LOG] [RouterExplorer] Mapped {/supplier-groups/:id, PUT} route
[2026-08-19T09:42:44.453Z] [LOG] [RouterExplorer] Mapped {/suppliers, POST} route
[2026-08-19T09:42:44.454Z] [LOG] [RouterExplorer] Mapped {/supplier-groups/:id/status, PUT} route
[2026-08-19T09:42:44.454Z] [LOG] [RouterExplorer] Mapped {/supplier-groups/:id/assign-suppliers, POST} route
[2026-08-19T09:42:44.454Z] [LOG] [RouterExplorer] Mapped {/supplier-groups/:id, GET} route
[2026-08-19T09:42:44.454Z] [LOG] [NestApplication] Nest application successfully started
[2026-08-19T09:42:45.636Z] [ERROR] [ExceptionsHandler] No metadata for "User" was found. — EntityMetadataNotFoundError: No metadata for "User" was found.
    at DataSource.getMetadata (C:\ERP\erp-fcvn\node_modules\typeorm\data-source\src\data-source\DataSource.ts:451:30)
    at Repository.get metadata (C:\ERP\erp-fcvn\node_modules\typeorm\repository\src\repository\Repository.ts:55:40)
    at Repository.findAndCount (C:\ERP\erp-fcvn\node_modules\typeorm\repository\src\repository\Repository.ts:601:47)
    at UserService.findAll (C:\ERP\erp-fcvn\src\common\base\base.service.ts:21:50)
    at UserService.list (C:\ERP\erp-fcvn\src\modules\user\user.service.ts:36:17)
    at UserController.findAll (C:\ERP\erp-fcvn\src\modules\user\user.controller.ts:29:29)
    at C:\ERP\erp-fcvn\node_modules\@nestjs\core\router\router-execution-context.js:38:29
    at process.processTicksAndRejections (node:internal/process/task_queues:104:5)
    at async C:\ERP\erp-fcvn\node_modules\@nestjs\core\router\router-execution-context.js:46:28
    at async C:\ERP\erp-fcvn\node_modules\@nestjs\core\router\router-proxy.js:9:17
[2026-08-19T09:44:15.338Z] [LOG] [NestFactory] Starting Nest application...
[2026-08-19T09:44:15.338Z] [LOG] [InstanceLoader] TypeOrmModule dependencies initialized
[2026-08-19T09:44:15.338Z] [LOG] [InstanceLoader] TokenModule dependencies initialized
[2026-08-19T09:44:15.338Z] [LOG] [InstanceLoader] ConfigHostModule dependencies initialized
[2026-08-19T09:44:15.338Z] [LOG] [InstanceLoader] AppModule dependencies initialized
[2026-08-19T09:44:15.339Z] [LOG] [InstanceLoader] ConfigModule dependencies initialized
[2026-08-19T09:44:15.339Z] [LOG] [InstanceLoader] RedisModule dependencies initialized
[2026-08-19T09:44:15.339Z] [LOG] [InstanceLoader] ConfigModule dependencies initialized
[2026-08-19T09:44:15.339Z] [LOG] [InstanceLoader] TypeOrmCoreModule dependencies initialized
[2026-08-19T09:44:15.339Z] [LOG] [InstanceLoader] JwtModule dependencies initialized
[2026-08-19T09:44:15.339Z] [LOG] [InstanceLoader] TypeOrmModule dependencies initialized
[2026-08-19T09:44:15.339Z] [LOG] [InstanceLoader] TypeOrmModule dependencies initialized
[2026-08-19T09:44:15.339Z] [LOG] [InstanceLoader] TypeOrmModule dependencies initialized
[2026-08-19T09:44:15.339Z] [LOG] [InstanceLoader] AuthModule dependencies initialized
[2026-08-19T09:44:15.340Z] [LOG] [InstanceLoader] SupplierGroupModule dependencies initialized
[2026-08-19T09:44:15.340Z] [LOG] [RoutesResolver] AppController {/}:
[2026-08-19T09:44:15.339Z] [LOG] [InstanceLoader] SupplierModule dependencies initialized
[2026-08-19T09:44:15.339Z] [LOG] [InstanceLoader] UserModule dependencies initialized
[2026-08-19T09:44:15.340Z] [LOG] [RoutesResolver] UserController {/users}:
[2026-08-19T09:44:15.340Z] [LOG] [RouterExplorer] Mapped {/users, POST} route
[2026-08-19T09:44:15.340Z] [LOG] [RouterExplorer] Mapped {/users/:id, GET} route
[2026-08-19T09:44:15.340Z] [LOG] [RouterExplorer] Mapped {/users, GET} route
[2026-08-19T09:44:15.340Z] [LOG] [RouterExplorer] Mapped {/users/:id/status, PUT} route
[2026-08-19T09:44:15.340Z] [LOG] [RouterExplorer] Mapped {/, GET} route
[2026-08-19T09:44:15.340Z] [LOG] [RouterExplorer] Mapped {/auth/login, POST} route
[2026-08-19T09:44:15.340Z] [LOG] [RouterExplorer] Mapped {/auth/refresh, POST} route
[2026-08-19T09:44:15.340Z] [LOG] [RouterExplorer] Mapped {/auth/me, GET} route
[2026-08-19T09:44:15.340Z] [LOG] [RouterExplorer] Mapped {/auth/logout, POST} route
[2026-08-19T09:44:15.340Z] [LOG] [RoutesResolver] AuthController {/auth}:
[2026-08-19T09:44:15.341Z] [LOG] [RoutesResolver] SupplierController {/suppliers}:
[2026-08-19T09:44:15.341Z] [LOG] [RouterExplorer] Mapped {/suppliers/:id, GET} route
[2026-08-19T09:44:15.341Z] [LOG] [RoutesResolver] SupplierGroupController {/supplier-groups}:
[2026-08-19T09:44:15.341Z] [LOG] [RouterExplorer] Mapped {/suppliers, POST} route
[2026-08-19T09:44:15.341Z] [LOG] [RouterExplorer] Mapped {/supplier-groups, POST} route
[2026-08-19T09:44:15.341Z] [LOG] [RouterExplorer] Mapped {/supplier-groups/:id, GET} route
[2026-08-19T09:44:15.341Z] [LOG] [RouterExplorer] Mapped {/suppliers, GET} route
[2026-08-19T09:44:15.341Z] [LOG] [RouterExplorer] Mapped {/supplier-groups/:id, PUT} route
[2026-08-19T09:44:15.341Z] [LOG] [RouterExplorer] Mapped {/supplier-groups/:id/status, PUT} route
[2026-08-19T09:44:15.342Z] [LOG] [NestApplication] Nest application successfully started
[2026-08-19T09:44:15.342Z] [LOG] [RouterExplorer] Mapped {/supplier-groups/:id/assign-suppliers, POST} route
[2026-08-19T09:44:15.341Z] [LOG] [RouterExplorer] Mapped {/supplier-groups, GET} route
[2026-08-19T09:44:16.797Z] [ERROR] [ExceptionsHandler] No metadata for "User" was found. — EntityMetadataNotFoundError: No metadata for "User" was found.
    at DataSource.getMetadata (C:\ERP\erp-fcvn\node_modules\typeorm\data-source\src\data-source\DataSource.ts:451:30)
    at Repository.get metadata (C:\ERP\erp-fcvn\node_modules\typeorm\repository\src\repository\Repository.ts:55:40)
    at Repository.createQueryBuilder (C:\ERP\erp-fcvn\node_modules\typeorm\repository\src\repository\Repository.ts:84:18)
    at AuthService.login (C:\ERP\erp-fcvn\src\modules\auth\auth.service.ts:46:8)
    at AuthController.login (C:\ERP\erp-fcvn\src\modules\auth\auth.controller.ts:20:29)
    at C:\ERP\erp-fcvn\node_modules\@nestjs\core\router\router-execution-context.js:38:29
    at process.processTicksAndRejections (node:internal/process/task_queues:104:5)
    at async C:\ERP\erp-fcvn\node_modules\@nestjs\core\router\router-execution-context.js:46:28
    at async C:\ERP\erp-fcvn\node_modules\@nestjs\core\router\router-proxy.js:9:17
[2026-08-19T09:52:07.977Z] [LOG] [NestFactory] Starting Nest application...
[2026-08-19T09:52:07.977Z] [LOG] [InstanceLoader] TypeOrmModule dependencies initialized
[2026-08-19T09:52:07.978Z] [LOG] [InstanceLoader] TokenModule dependencies initialized
[2026-08-19T09:52:07.978Z] [LOG] [InstanceLoader] AppModule dependencies initialized
[2026-08-19T09:52:07.978Z] [LOG] [InstanceLoader] RedisModule dependencies initialized
[2026-08-19T09:52:07.978Z] [LOG] [InstanceLoader] ConfigHostModule dependencies initialized
[2026-08-19T09:52:07.978Z] [LOG] [InstanceLoader] JwtModule dependencies initialized
[2026-08-19T09:52:07.978Z] [LOG] [InstanceLoader] ConfigModule dependencies initialized
[2026-08-19T09:52:07.978Z] [LOG] [InstanceLoader] TypeOrmCoreModule dependencies initialized
[2026-08-19T09:52:07.978Z] [LOG] [InstanceLoader] TypeOrmModule dependencies initialized
[2026-08-19T09:52:07.978Z] [LOG] [InstanceLoader] TypeOrmModule dependencies initialized
[2026-08-19T09:52:07.979Z] [LOG] [InstanceLoader] TypeOrmModule dependencies initialized
[2026-08-19T09:52:07.978Z] [LOG] [InstanceLoader] ConfigModule dependencies initialized
[2026-08-19T09:52:07.979Z] [LOG] [InstanceLoader] SupplierModule dependencies initialized
[2026-08-19T09:52:07.979Z] [LOG] [InstanceLoader] UserModule dependencies initialized
[2026-08-19T09:52:07.979Z] [LOG] [RoutesResolver] AppController {/}:
[2026-08-19T09:52:07.979Z] [LOG] [InstanceLoader] SupplierGroupModule dependencies initialized
[2026-08-19T09:52:07.979Z] [LOG] [InstanceLoader] AuthModule dependencies initialized
[2026-08-19T09:52:07.979Z] [LOG] [RouterExplorer] Mapped {/users, POST} route
[2026-08-19T09:52:07.979Z] [LOG] [RouterExplorer] Mapped {/, GET} route
[2026-08-19T09:52:07.979Z] [LOG] [RoutesResolver] UserController {/users}:
[2026-08-19T09:52:07.979Z] [LOG] [RouterExplorer] Mapped {/users, GET} route
[2026-08-19T09:52:07.979Z] [LOG] [RouterExplorer] Mapped {/users/:id/status, PUT} route
[2026-08-19T09:52:07.979Z] [LOG] [RouterExplorer] Mapped {/users/:id, GET} route
[2026-08-19T09:52:07.980Z] [LOG] [RouterExplorer] Mapped {/auth/login, POST} route
[2026-08-19T09:52:07.980Z] [LOG] [RouterExplorer] Mapped {/auth/refresh, POST} route
[2026-08-19T09:52:07.980Z] [LOG] [RouterExplorer] Mapped {/auth/me, GET} route
[2026-08-19T09:52:07.980Z] [LOG] [RouterExplorer] Mapped {/auth/logout, POST} route
[2026-08-19T09:52:07.980Z] [LOG] [RoutesResolver] SupplierController {/suppliers}:
[2026-08-19T09:52:07.979Z] [LOG] [RoutesResolver] AuthController {/auth}:
[2026-08-19T09:52:07.980Z] [LOG] [RouterExplorer] Mapped {/suppliers, GET} route
[2026-08-19T09:52:07.980Z] [LOG] [RouterExplorer] Mapped {/suppliers/:id, GET} route
[2026-08-19T09:52:07.980Z] [LOG] [RoutesResolver] SupplierGroupController {/supplier-groups}:
[2026-08-19T09:52:07.980Z] [LOG] [RouterExplorer] Mapped {/supplier-groups, GET} route
[2026-08-19T09:52:07.980Z] [LOG] [RouterExplorer] Mapped {/supplier-groups, POST} route
[2026-08-19T09:52:07.980Z] [LOG] [RouterExplorer] Mapped {/supplier-groups/:id, GET} route
[2026-08-19T09:52:07.980Z] [LOG] [RouterExplorer] Mapped {/supplier-groups/:id/status, PUT} route
[2026-08-19T09:52:07.980Z] [LOG] [RouterExplorer] Mapped {/supplier-groups/:id/assign-suppliers, POST} route
[2026-08-19T09:52:07.981Z] [LOG] [NestApplication] Nest application successfully started
[2026-08-19T09:52:07.980Z] [LOG] [RouterExplorer] Mapped {/supplier-groups/:id, PUT} route
[2026-08-19T09:52:07.980Z] [LOG] [RouterExplorer] Mapped {/suppliers, POST} route
[2026-08-19T09:52:18.289Z] [ERROR] [ExceptionsHandler] No metadata for "User" was found. — EntityMetadataNotFoundError: No metadata for "User" was found.
    at DataSource.getMetadata (C:\ERP\erp-fcvn\node_modules\typeorm\data-source\src\data-source\DataSource.ts:451:30)
    at Repository.get metadata (C:\ERP\erp-fcvn\node_modules\typeorm\repository\src\repository\Repository.ts:55:40)
    at Repository.createQueryBuilder (C:\ERP\erp-fcvn\node_modules\typeorm\repository\src\repository\Repository.ts:84:18)
    at AuthService.login (C:\ERP\erp-fcvn\src\modules\auth\auth.service.ts:46:8)
    at AuthController.login (C:\ERP\erp-fcvn\src\modules\auth\auth.controller.ts:20:29)
    at C:\ERP\erp-fcvn\node_modules\@nestjs\core\router\router-execution-context.js:38:29
    at process.processTicksAndRejections (node:internal/process/task_queues:104:5)
    at async C:\ERP\erp-fcvn\node_modules\@nestjs\core\router\router-execution-context.js:46:28
    at async C:\ERP\erp-fcvn\node_modules\@nestjs\core\router\router-proxy.js:9:17
[2026-08-19T09:55:50.909Z] [LOG] [NestFactory] Starting Nest application...
[2026-08-19T09:55:50.909Z] [LOG] [InstanceLoader] TypeOrmModule dependencies initialized
[2026-08-19T09:55:50.909Z] [LOG] [InstanceLoader] ConfigHostModule dependencies initialized
[2026-08-19T09:55:50.910Z] [LOG] [InstanceLoader] ConfigModule dependencies initialized
[2026-08-19T09:55:50.910Z] [LOG] [InstanceLoader] AppModule dependencies initialized
[2026-08-19T09:55:50.910Z] [LOG] [InstanceLoader] ConfigModule dependencies initialized
[2026-08-19T09:55:50.910Z] [LOG] [InstanceLoader] JwtModule dependencies initialized
[2026-08-19T09:55:50.909Z] [LOG] [InstanceLoader] TokenModule dependencies initialized
[2026-08-19T09:55:50.910Z] [LOG] [InstanceLoader] TypeOrmCoreModule dependencies initialized
[2026-08-19T09:55:50.910Z] [LOG] [InstanceLoader] TypeOrmModule dependencies initialized
[2026-08-19T09:55:50.910Z] [LOG] [InstanceLoader] TypeOrmModule dependencies initialized
[2026-08-19T09:55:50.911Z] [LOG] [InstanceLoader] AuthModule dependencies initialized
[2026-08-19T09:55:50.910Z] [LOG] [InstanceLoader] RedisModule dependencies initialized
[2026-08-19T09:55:50.911Z] [LOG] [InstanceLoader] SupplierModule dependencies initialized
[2026-08-19T09:55:50.911Z] [LOG] [InstanceLoader] SupplierGroupModule dependencies initialized
[2026-08-19T09:55:50.911Z] [LOG] [InstanceLoader] UserModule dependencies initialized
[2026-08-19T09:55:50.910Z] [LOG] [InstanceLoader] TypeOrmModule dependencies initialized
[2026-08-19T09:55:50.911Z] [LOG] [RouterExplorer] Mapped {/, GET} route
[2026-08-19T09:55:50.911Z] [LOG] [RoutesResolver] UserController {/users}:
[2026-08-19T09:55:50.911Z] [LOG] [RouterExplorer] Mapped {/users, POST} route
[2026-08-19T09:55:50.911Z] [LOG] [RouterExplorer] Mapped {/users/:id, GET} route
[2026-08-19T09:55:50.911Z] [LOG] [RoutesResolver] AppController {/}:
[2026-08-19T09:55:50.911Z] [LOG] [RouterExplorer] Mapped {/users/:id/status, PUT} route
[2026-08-19T09:55:50.912Z] [LOG] [RouterExplorer] Mapped {/auth/login, POST} route
[2026-08-19T09:55:50.911Z] [LOG] [RoutesResolver] AuthController {/auth}:
[2026-08-19T09:55:50.912Z] [LOG] [RouterExplorer] Mapped {/auth/logout, POST} route
[2026-08-19T09:55:50.912Z] [LOG] [RouterExplorer] Mapped {/auth/me, GET} route
[2026-08-19T09:55:50.912Z] [LOG] [RouterExplorer] Mapped {/auth/refresh, POST} route
[2026-08-19T09:55:50.911Z] [LOG] [RouterExplorer] Mapped {/users, GET} route
[2026-08-19T09:55:50.912Z] [LOG] [RoutesResolver] SupplierController {/suppliers}:
[2026-08-19T09:55:50.912Z] [LOG] [RouterExplorer] Mapped {/suppliers, GET} route
[2026-08-19T09:55:50.912Z] [LOG] [RouterExplorer] Mapped {/suppliers/:id, GET} route
[2026-08-19T09:55:50.912Z] [LOG] [RoutesResolver] SupplierGroupController {/supplier-groups}:
[2026-08-19T09:55:50.912Z] [LOG] [RouterExplorer] Mapped {/supplier-groups, GET} route
[2026-08-19T09:55:50.912Z] [LOG] [RouterExplorer] Mapped {/supplier-groups, POST} route
[2026-08-19T09:55:50.912Z] [LOG] [RouterExplorer] Mapped {/supplier-groups/:id, GET} route
[2026-08-19T09:55:50.913Z] [LOG] [RouterExplorer] Mapped {/supplier-groups/:id/status, PUT} route
[2026-08-19T09:55:50.912Z] [LOG] [RouterExplorer] Mapped {/supplier-groups/:id, PUT} route
[2026-08-19T09:55:50.913Z] [LOG] [RouterExplorer] Mapped {/supplier-groups/:id/assign-suppliers, POST} route
[2026-08-19T09:55:50.912Z] [LOG] [RouterExplorer] Mapped {/suppliers, POST} route
[2026-08-19T09:55:50.913Z] [LOG] [NestApplication] Nest application successfully started
[2026-08-19T10:04:30.607Z] [LOG] [NestFactory] Starting Nest application...
[2026-08-19T10:04:30.607Z] [LOG] [InstanceLoader] TypeOrmModule dependencies initialized
[2026-08-19T10:04:30.607Z] [LOG] [InstanceLoader] TokenModule dependencies initialized
[2026-08-19T10:04:30.608Z] [LOG] [InstanceLoader] AppModule dependencies initialized
[2026-08-19T10:04:30.608Z] [LOG] [InstanceLoader] RedisModule dependencies initialized
[2026-08-19T10:04:30.607Z] [LOG] [InstanceLoader] ConfigHostModule dependencies initialized
[2026-08-19T10:04:30.608Z] [LOG] [InstanceLoader] ConfigModule dependencies initialized
[2026-08-19T10:04:30.608Z] [LOG] [InstanceLoader] JwtModule dependencies initialized
[2026-08-19T10:04:30.608Z] [LOG] [InstanceLoader] TypeOrmCoreModule dependencies initialized
[2026-08-19T10:04:30.609Z] [LOG] [InstanceLoader] TypeOrmModule dependencies initialized
[2026-08-19T10:04:30.608Z] [LOG] [InstanceLoader] TypeOrmModule dependencies initialized
[2026-08-19T10:04:30.609Z] [LOG] [InstanceLoader] TypeOrmModule dependencies initialized
[2026-08-19T10:04:30.609Z] [LOG] [InstanceLoader] AuthModule dependencies initialized
[2026-08-19T10:04:30.608Z] [LOG] [InstanceLoader] ConfigModule dependencies initialized
[2026-08-19T10:04:30.609Z] [LOG] [InstanceLoader] SupplierModule dependencies initialized
[2026-08-19T10:04:30.609Z] [LOG] [InstanceLoader] SupplierGroupModule dependencies initialized
[2026-08-19T10:04:30.609Z] [LOG] [RouterExplorer] Mapped {/, GET} route
[2026-08-19T10:04:30.609Z] [LOG] [InstanceLoader] UserModule dependencies initialized
[2026-08-19T10:04:30.609Z] [LOG] [RouterExplorer] Mapped {/users, POST} route
[2026-08-19T10:04:30.609Z] [LOG] [RoutesResolver] AppController {/}:
[2026-08-19T10:04:30.609Z] [LOG] [RouterExplorer] Mapped {/users, GET} route
[2026-08-19T10:04:30.609Z] [LOG] [RouterExplorer] Mapped {/users/:id, GET} route
[2026-08-19T10:04:30.610Z] [LOG] [RouterExplorer] Mapped {/users/:id/status, PUT} route
[2026-08-19T10:04:30.610Z] [LOG] [RouterExplorer] Mapped {/auth/login, POST} route
[2026-08-19T10:04:30.609Z] [LOG] [RoutesResolver] UserController {/users}:
[2026-08-19T10:04:30.610Z] [LOG] [RouterExplorer] Mapped {/auth/refresh, POST} route
[2026-08-19T10:04:30.610Z] [LOG] [RouterExplorer] Mapped {/auth/logout, POST} route
[2026-08-19T10:04:30.610Z] [LOG] [RoutesResolver] AuthController {/auth}:
[2026-08-19T10:04:30.610Z] [LOG] [RoutesResolver] SupplierController {/suppliers}:
[2026-08-19T10:04:30.610Z] [LOG] [RouterExplorer] Mapped {/suppliers, GET} route
[2026-08-19T10:04:30.610Z] [LOG] [RouterExplorer] Mapped {/auth/me, GET} route
[2026-08-19T10:04:30.610Z] [LOG] [RouterExplorer] Mapped {/suppliers, POST} route
[2026-08-19T10:04:30.610Z] [LOG] [RoutesResolver] SupplierGroupController {/supplier-groups}:
[2026-08-19T10:04:30.610Z] [LOG] [RouterExplorer] Mapped {/supplier-groups, GET} route
[2026-08-19T10:04:30.610Z] [LOG] [RouterExplorer] Mapped {/supplier-groups, POST} route
[2026-08-19T10:04:30.611Z] [LOG] [RouterExplorer] Mapped {/supplier-groups/:id, PUT} route
[2026-08-19T10:04:30.610Z] [LOG] [RouterExplorer] Mapped {/supplier-groups/:id, GET} route
[2026-08-19T10:04:30.610Z] [LOG] [RouterExplorer] Mapped {/suppliers/:id, GET} route
[2026-08-19T10:04:30.611Z] [LOG] [RouterExplorer] Mapped {/supplier-groups/:id/assign-suppliers, POST} route
[2026-08-19T10:04:30.611Z] [LOG] [NestApplication] Nest application successfully started
[2026-08-19T10:04:30.611Z] [LOG] [RouterExplorer] Mapped {/supplier-groups/:id/status, PUT} route
[2026-08-19T10:07:43.028Z] [LOG] [NestFactory] Starting Nest application...
[2026-08-19T10:07:43.028Z] [LOG] [InstanceLoader] TypeOrmModule dependencies initialized
[2026-08-19T10:07:43.029Z] [LOG] [InstanceLoader] ConfigHostModule dependencies initialized
[2026-08-19T10:07:43.028Z] [LOG] [InstanceLoader] TokenModule dependencies initialized
[2026-08-19T10:07:43.029Z] [LOG] [InstanceLoader] ConfigModule dependencies initialized
[2026-08-19T10:07:43.029Z] [LOG] [InstanceLoader] ConfigModule dependencies initialized
[2026-08-19T10:07:43.029Z] [LOG] [InstanceLoader] AppModule dependencies initialized
[2026-08-19T10:07:43.029Z] [LOG] [InstanceLoader] RedisModule dependencies initialized
[2026-08-19T10:07:43.029Z] [LOG] [InstanceLoader] TypeOrmModule dependencies initialized
[2026-08-19T10:07:43.029Z] [LOG] [InstanceLoader] TypeOrmCoreModule dependencies initialized
[2026-08-19T10:07:43.029Z] [LOG] [InstanceLoader] TypeOrmModule dependencies initialized
[2026-08-19T10:07:43.030Z] [LOG] [InstanceLoader] AuthModule dependencies initialized
[2026-08-19T10:07:43.030Z] [LOG] [InstanceLoader] TypeOrmModule dependencies initialized
[2026-08-19T10:07:43.030Z] [LOG] [InstanceLoader] SupplierModule dependencies initialized
[2026-08-19T10:07:43.029Z] [LOG] [InstanceLoader] JwtModule dependencies initialized
[2026-08-19T10:07:43.030Z] [LOG] [RoutesResolver] AppController {/}:
[2026-08-19T10:07:43.030Z] [LOG] [InstanceLoader] UserModule dependencies initialized
[2026-08-19T10:07:43.030Z] [LOG] [InstanceLoader] SupplierGroupModule dependencies initialized
[2026-08-19T10:07:43.030Z] [LOG] [RouterExplorer] Mapped {/users, POST} route
[2026-08-19T10:07:43.030Z] [LOG] [RouterExplorer] Mapped {/, GET} route
[2026-08-19T10:07:43.030Z] [LOG] [RoutesResolver] UserController {/users}:
[2026-08-19T10:07:43.030Z] [LOG] [RouterExplorer] Mapped {/users/:id, GET} route
[2026-08-19T10:07:43.030Z] [LOG] [RouterExplorer] Mapped {/users/:id/status, PUT} route
[2026-08-19T10:07:43.031Z] [LOG] [RouterExplorer] Mapped {/auth/login, POST} route
[2026-08-19T10:07:43.030Z] [LOG] [RoutesResolver] AuthController {/auth}:
[2026-08-19T10:07:43.030Z] [LOG] [RouterExplorer] Mapped {/users, GET} route
[2026-08-19T10:07:43.031Z] [LOG] [RouterExplorer] Mapped {/auth/logout, POST} route
[2026-08-19T10:07:43.031Z] [LOG] [RouterExplorer] Mapped {/auth/refresh, POST} route
[2026-08-19T10:07:43.031Z] [LOG] [RouterExplorer] Mapped {/suppliers, POST} route
[2026-08-19T10:07:43.031Z] [LOG] [RoutesResolver] SupplierController {/suppliers}:
[2026-08-19T10:07:43.031Z] [LOG] [RouterExplorer] Mapped {/suppliers/:id, GET} route
[2026-08-19T10:07:43.031Z] [LOG] [RouterExplorer] Mapped {/auth/me, GET} route
[2026-08-19T10:07:43.031Z] [LOG] [RoutesResolver] SupplierGroupController {/supplier-groups}:
[2026-08-19T10:07:43.031Z] [LOG] [RouterExplorer] Mapped {/suppliers, GET} route
[2026-08-19T10:07:43.031Z] [LOG] [RouterExplorer] Mapped {/supplier-groups, POST} route
[2026-08-19T10:07:43.031Z] [LOG] [RouterExplorer] Mapped {/supplier-groups/:id, GET} route
[2026-08-19T10:07:43.031Z] [LOG] [RouterExplorer] Mapped {/supplier-groups/:id, PUT} route
[2026-08-19T10:07:43.032Z] [LOG] [RouterExplorer] Mapped {/supplier-groups/:id/status, PUT} route
[2026-08-19T10:07:43.032Z] [LOG] [RouterExplorer] Mapped {/supplier-groups/:id/assign-suppliers, POST} route
[2026-08-19T10:07:43.031Z] [LOG] [RouterExplorer] Mapped {/supplier-groups, GET} route
[2026-08-19T10:07:43.032Z] [LOG] [NestApplication] Nest application successfully started
[2026-08-19T10:08:25.531Z] [LOG] [NestFactory] Starting Nest application...
[2026-08-19T10:08:25.531Z] [LOG] [InstanceLoader] TypeOrmModule dependencies initialized
[2026-08-19T10:08:25.532Z] [LOG] [InstanceLoader] ConfigHostModule dependencies initialized
[2026-08-19T10:08:25.532Z] [LOG] [InstanceLoader] AppModule dependencies initialized
[2026-08-19T10:08:25.531Z] [LOG] [InstanceLoader] TokenModule dependencies initialized
[2026-08-19T10:08:25.532Z] [LOG] [InstanceLoader] ConfigModule dependencies initialized
[2026-08-19T10:08:25.532Z] [LOG] [InstanceLoader] JwtModule dependencies initialized
[2026-08-19T10:08:25.532Z] [LOG] [InstanceLoader] ConfigModule dependencies initialized
[2026-08-19T10:08:25.532Z] [LOG] [InstanceLoader] TypeOrmCoreModule dependencies initialized
[2026-08-19T10:08:25.532Z] [LOG] [InstanceLoader] TypeOrmModule dependencies initialized
[2026-08-19T10:08:25.532Z] [LOG] [InstanceLoader] TypeOrmModule dependencies initialized
[2026-08-19T10:08:25.532Z] [LOG] [InstanceLoader] RedisModule dependencies initialized
[2026-08-19T10:08:25.532Z] [LOG] [InstanceLoader] TypeOrmModule dependencies initialized
[2026-08-19T10:08:25.533Z] [LOG] [InstanceLoader] SupplierModule dependencies initialized
[2026-08-19T10:08:25.533Z] [LOG] [InstanceLoader] SupplierGroupModule dependencies initialized
[2026-08-19T10:08:25.533Z] [LOG] [InstanceLoader] UserModule dependencies initialized
[2026-08-19T10:08:25.533Z] [LOG] [RouterExplorer] Mapped {/, GET} route
[2026-08-19T10:08:25.533Z] [LOG] [InstanceLoader] AuthModule dependencies initialized
[2026-08-19T10:08:25.533Z] [LOG] [RoutesResolver] AppController {/}:
[2026-08-19T10:08:25.533Z] [LOG] [RoutesResolver] UserController {/users}:
[2026-08-19T10:08:25.533Z] [LOG] [RouterExplorer] Mapped {/users, GET} route
[2026-08-19T10:08:25.533Z] [LOG] [RouterExplorer] Mapped {/users/:id, GET} route
[2026-08-19T10:08:25.533Z] [LOG] [RouterExplorer] Mapped {/users, POST} route
[2026-08-19T10:08:25.533Z] [LOG] [RouterExplorer] Mapped {/users/:id/status, PUT} route
[2026-08-19T10:08:25.533Z] [LOG] [RouterExplorer] Mapped {/auth/refresh, POST} route
[2026-08-19T10:08:25.533Z] [LOG] [RoutesResolver] AuthController {/auth}:
[2026-08-19T10:08:25.533Z] [LOG] [RouterExplorer] Mapped {/auth/login, POST} route
[2026-08-19T10:08:25.534Z] [LOG] [RouterExplorer] Mapped {/auth/logout, POST} route
[2026-08-19T10:08:25.534Z] [LOG] [RouterExplorer] Mapped {/suppliers, POST} route
[2026-08-19T10:08:25.534Z] [LOG] [RoutesResolver] SupplierController {/suppliers}:
[2026-08-19T10:08:25.534Z] [LOG] [RouterExplorer] Mapped {/suppliers/:id, GET} route
[2026-08-19T10:08:25.534Z] [LOG] [RouterExplorer] Mapped {/suppliers, GET} route
[2026-08-19T10:08:25.534Z] [LOG] [RoutesResolver] SupplierGroupController {/supplier-groups}:
[2026-08-19T10:08:25.534Z] [LOG] [RouterExplorer] Mapped {/supplier-groups, GET} route
[2026-08-19T10:08:25.534Z] [LOG] [RouterExplorer] Mapped {/auth/me, GET} route
[2026-08-19T10:08:25.534Z] [LOG] [RouterExplorer] Mapped {/supplier-groups, POST} route
[2026-08-19T10:08:25.534Z] [LOG] [RouterExplorer] Mapped {/supplier-groups/:id, GET} route
[2026-08-19T10:08:25.534Z] [LOG] [RouterExplorer] Mapped {/supplier-groups/:id/status, PUT} route
[2026-08-19T10:08:25.534Z] [LOG] [NestApplication] Nest application successfully started
[2026-08-19T10:08:25.534Z] [LOG] [RouterExplorer] Mapped {/supplier-groups/:id/assign-suppliers, POST} route
[2026-08-19T10:08:25.534Z] [LOG] [RouterExplorer] Mapped {/supplier-groups/:id, PUT} route
[2026-08-19T10:08:35.742Z] [LOG] [NestFactory] Starting Nest application...
[2026-08-19T10:08:35.743Z] [LOG] [InstanceLoader] AppModule dependencies initialized
[2026-08-19T10:08:35.743Z] [LOG] [InstanceLoader] TypeOrmModule dependencies initialized
[2026-08-19T10:08:35.743Z] [LOG] [InstanceLoader] ConfigHostModule dependencies initialized
[2026-08-19T10:08:35.744Z] [LOG] [InstanceLoader] ConfigModule dependencies initialized
[2026-08-19T10:08:35.743Z] [LOG] [InstanceLoader] TokenModule dependencies initialized
[2026-08-19T10:08:35.744Z] [LOG] [InstanceLoader] RedisModule dependencies initialized
[2026-08-19T10:08:35.744Z] [LOG] [InstanceLoader] ConfigModule dependencies initialized
[2026-08-19T10:08:35.744Z] [LOG] [InstanceLoader] TypeOrmModule dependencies initialized
[2026-08-19T10:08:35.744Z] [LOG] [InstanceLoader] TypeOrmCoreModule dependencies initialized
[2026-08-19T10:08:35.744Z] [LOG] [InstanceLoader] TypeOrmModule dependencies initialized
[2026-08-19T10:08:35.744Z] [LOG] [InstanceLoader] TypeOrmModule dependencies initialized
[2026-08-19T10:08:35.744Z] [LOG] [InstanceLoader] AuthModule dependencies initialized
[2026-08-19T10:08:35.744Z] [LOG] [InstanceLoader] UserModule dependencies initialized
[2026-08-19T10:08:35.744Z] [LOG] [InstanceLoader] SupplierModule dependencies initialized
[2026-08-19T10:08:35.745Z] [LOG] [InstanceLoader] SupplierGroupModule dependencies initialized
[2026-08-19T10:08:35.745Z] [LOG] [RouterExplorer] Mapped {/, GET} route
[2026-08-19T10:08:35.744Z] [LOG] [InstanceLoader] JwtModule dependencies initialized
[2026-08-19T10:08:35.745Z] [LOG] [RouterExplorer] Mapped {/users, POST} route
[2026-08-19T10:08:35.745Z] [LOG] [RoutesResolver] UserController {/users}:
[2026-08-19T10:08:35.745Z] [LOG] [RouterExplorer] Mapped {/users, GET} route
[2026-08-19T10:08:35.745Z] [LOG] [RouterExplorer] Mapped {/users/:id/status, PUT} route
[2026-08-19T10:08:35.745Z] [LOG] [RouterExplorer] Mapped {/users/:id, GET} route
[2026-08-19T10:08:35.745Z] [LOG] [RoutesResolver] AuthController {/auth}:
[2026-08-19T10:08:35.745Z] [LOG] [RouterExplorer] Mapped {/auth/login, POST} route
[2026-08-19T10:08:35.745Z] [LOG] [RouterExplorer] Mapped {/auth/refresh, POST} route
[2026-08-19T10:08:35.745Z] [LOG] [RoutesResolver] AppController {/}:
[2026-08-19T10:08:35.745Z] [LOG] [RouterExplorer] Mapped {/auth/logout, POST} route
[2026-08-19T10:08:35.746Z] [LOG] [RouterExplorer] Mapped {/suppliers, POST} route
[2026-08-19T10:08:35.746Z] [LOG] [RoutesResolver] SupplierController {/suppliers}:
[2026-08-19T10:08:35.746Z] [LOG] [RouterExplorer] Mapped {/suppliers/:id, GET} route
[2026-08-19T10:08:35.746Z] [LOG] [RoutesResolver] SupplierGroupController {/supplier-groups}:
[2026-08-19T10:08:35.746Z] [LOG] [RouterExplorer] Mapped {/suppliers, GET} route
[2026-08-19T10:08:35.746Z] [LOG] [RouterExplorer] Mapped {/supplier-groups, POST} route
[2026-08-19T10:08:35.746Z] [LOG] [RouterExplorer] Mapped {/supplier-groups/:id, GET} route
[2026-08-19T10:08:35.746Z] [LOG] [RouterExplorer] Mapped {/supplier-groups/:id, PUT} route
[2026-08-19T10:08:35.746Z] [LOG] [RouterExplorer] Mapped {/supplier-groups, GET} route
[2026-08-19T10:08:35.746Z] [LOG] [RouterExplorer] Mapped {/supplier-groups/:id/status, PUT} route
[2026-08-19T10:08:35.746Z] [LOG] [RouterExplorer] Mapped {/supplier-groups/:id/assign-suppliers, POST} route
[2026-08-19T10:08:35.745Z] [LOG] [RouterExplorer] Mapped {/auth/me, GET} route
[2026-08-19T10:08:35.746Z] [LOG] [NestApplication] Nest application successfully started
[2026-08-19T10:12:46.752Z] [LOG] [NestFactory] Starting Nest application...
[2026-08-19T10:12:46.752Z] [LOG] [InstanceLoader] TypeOrmModule dependencies initialized
[2026-08-19T10:12:46.753Z] [LOG] [InstanceLoader] TokenModule dependencies initialized
[2026-08-19T10:12:46.753Z] [LOG] [InstanceLoader] AppModule dependencies initialized
[2026-08-19T10:12:46.753Z] [LOG] [InstanceLoader] RedisModule dependencies initialized
[2026-08-19T10:12:46.753Z] [LOG] [InstanceLoader] ConfigHostModule dependencies initialized
[2026-08-19T10:12:46.753Z] [LOG] [InstanceLoader] ConfigModule dependencies initialized
[2026-08-19T10:12:46.753Z] [LOG] [InstanceLoader] JwtModule dependencies initialized
[2026-08-19T10:12:46.753Z] [LOG] [InstanceLoader] TypeOrmCoreModule dependencies initialized
[2026-08-19T10:12:46.753Z] [LOG] [InstanceLoader] ConfigModule dependencies initialized
[2026-08-19T10:12:46.753Z] [LOG] [InstanceLoader] TypeOrmModule dependencies initialized
[2026-08-19T10:12:46.754Z] [LOG] [InstanceLoader] AuthModule dependencies initialized
[2026-08-19T10:12:46.754Z] [LOG] [InstanceLoader] TypeOrmModule dependencies initialized
[2026-08-19T10:12:46.754Z] [LOG] [InstanceLoader] SupplierModule dependencies initialized
[2026-08-19T10:12:46.754Z] [LOG] [InstanceLoader] SupplierGroupModule dependencies initialized
[2026-08-19T10:12:46.754Z] [LOG] [InstanceLoader] TypeOrmModule dependencies initialized
[2026-08-19T10:12:46.754Z] [LOG] [RouterExplorer] Mapped {/, GET} route
[2026-08-19T10:12:46.754Z] [LOG] [InstanceLoader] UserModule dependencies initialized
[2026-08-19T10:12:46.754Z] [LOG] [RoutesResolver] UserController {/users}:
[2026-08-19T10:12:46.754Z] [LOG] [RouterExplorer] Mapped {/users, POST} route
[2026-08-19T10:12:46.754Z] [LOG] [RouterExplorer] Mapped {/users/:id, GET} route
[2026-08-19T10:12:46.754Z] [LOG] [RouterExplorer] Mapped {/users/:id/status, PUT} route
[2026-08-19T10:12:46.754Z] [LOG] [RoutesResolver] AppController {/}:
[2026-08-19T10:12:46.754Z] [LOG] [RouterExplorer] Mapped {/users, GET} route
[2026-08-19T10:12:46.755Z] [LOG] [RouterExplorer] Mapped {/auth/login, POST} route
[2026-08-19T10:12:46.755Z] [LOG] [RouterExplorer] Mapped {/auth/logout, POST} route
[2026-08-19T10:12:46.755Z] [LOG] [RouterExplorer] Mapped {/auth/refresh, POST} route
[2026-08-19T10:12:46.754Z] [LOG] [RoutesResolver] AuthController {/auth}:
[2026-08-19T10:12:46.755Z] [LOG] [RouterExplorer] Mapped {/auth/me, GET} route
[2026-08-19T10:12:46.755Z] [LOG] [RouterExplorer] Mapped {/suppliers, POST} route
[2026-08-19T10:12:46.755Z] [LOG] [RoutesResolver] SupplierController {/suppliers}:
[2026-08-19T10:12:46.755Z] [LOG] [RouterExplorer] Mapped {/suppliers/:id, GET} route
[2026-08-19T10:12:46.755Z] [LOG] [RoutesResolver] SupplierGroupController {/supplier-groups}:
[2026-08-19T10:12:46.755Z] [LOG] [RouterExplorer] Mapped {/supplier-groups, GET} route
[2026-08-19T10:12:46.755Z] [LOG] [RouterExplorer] Mapped {/supplier-groups, POST} route
[2026-08-19T10:12:46.755Z] [LOG] [RouterExplorer] Mapped {/supplier-groups/:id, GET} route
[2026-08-19T10:12:46.755Z] [LOG] [RouterExplorer] Mapped {/supplier-groups/:id/status, PUT} route
[2026-08-19T10:12:46.756Z] [LOG] [RouterExplorer] Mapped {/supplier-groups/:id/assign-suppliers, POST} route
[2026-08-19T10:12:46.755Z] [LOG] [RouterExplorer] Mapped {/suppliers, GET} route
[2026-08-19T10:12:46.756Z] [LOG] [NestApplication] Nest application successfully started
[2026-08-19T10:12:46.755Z] [LOG] [RouterExplorer] Mapped {/supplier-groups/:id, PUT} route
[2026-08-19T10:13:19.826Z] [LOG] [NestFactory] Starting Nest application...
[2026-08-19T10:13:19.827Z] [LOG] [InstanceLoader] TypeOrmModule dependencies initialized
[2026-08-19T10:13:19.827Z] [LOG] [InstanceLoader] TokenModule dependencies initialized
[2026-08-19T10:13:19.827Z] [LOG] [InstanceLoader] AppModule dependencies initialized
[2026-08-19T10:13:19.828Z] [LOG] [InstanceLoader] RedisModule dependencies initialized
[2026-08-19T10:13:19.827Z] [LOG] [InstanceLoader] ConfigHostModule dependencies initialized
[2026-08-19T10:13:19.827Z] [LOG] [InstanceLoader] ConfigModule dependencies initialized
[2026-08-19T10:13:19.828Z] [LOG] [InstanceLoader] JwtModule dependencies initialized
[2026-08-19T10:13:19.828Z] [LOG] [InstanceLoader] TypeOrmCoreModule dependencies initialized
[2026-08-19T10:13:19.828Z] [LOG] [InstanceLoader] TypeOrmModule dependencies initialized
[2026-08-19T10:13:19.828Z] [LOG] [InstanceLoader] TypeOrmModule dependencies initialized
[2026-08-19T10:13:19.828Z] [LOG] [InstanceLoader] ConfigModule dependencies initialized
[2026-08-19T10:13:19.828Z] [LOG] [InstanceLoader] TypeOrmModule dependencies initialized
[2026-08-19T10:13:19.828Z] [LOG] [InstanceLoader] SupplierModule dependencies initialized
[2026-08-19T10:13:19.828Z] [LOG] [InstanceLoader] SupplierGroupModule dependencies initialized
[2026-08-19T10:13:19.828Z] [LOG] [InstanceLoader] AuthModule dependencies initialized
[2026-08-19T10:13:19.829Z] [LOG] [RouterExplorer] Mapped {/, GET} route
[2026-08-19T10:13:19.828Z] [LOG] [RoutesResolver] AppController {/}:
[2026-08-19T10:13:19.828Z] [LOG] [InstanceLoader] UserModule dependencies initialized
[2026-08-19T10:13:19.829Z] [LOG] [RoutesResolver] UserController {/users}:
[2026-08-19T10:13:19.829Z] [LOG] [RouterExplorer] Mapped {/users, POST} route
[2026-08-19T10:13:19.829Z] [LOG] [RouterExplorer] Mapped {/users/:id, GET} route
[2026-08-19T10:13:19.829Z] [LOG] [RouterExplorer] Mapped {/users/:id/status, PUT} route
[2026-08-19T10:13:19.829Z] [LOG] [RouterExplorer] Mapped {/auth/login, POST} route
[2026-08-19T10:13:19.829Z] [LOG] [RouterExplorer] Mapped {/users, GET} route
[2026-08-19T10:13:19.829Z] [LOG] [RouterExplorer] Mapped {/auth/refresh, POST} route
[2026-08-19T10:13:19.829Z] [LOG] [RoutesResolver] AuthController {/auth}:
[2026-08-19T10:13:19.829Z] [LOG] [RouterExplorer] Mapped {/auth/logout, POST} route
[2026-08-19T10:13:19.830Z] [LOG] [RouterExplorer] Mapped {/suppliers, POST} route
[2026-08-19T10:13:19.830Z] [LOG] [RoutesResolver] SupplierController {/suppliers}:
[2026-08-19T10:13:19.830Z] [LOG] [RouterExplorer] Mapped {/suppliers/:id, GET} route
[2026-08-19T10:13:19.830Z] [LOG] [RouterExplorer] Mapped {/auth/me, GET} route
[2026-08-19T10:13:19.830Z] [LOG] [RoutesResolver] SupplierGroupController {/supplier-groups}:
[2026-08-19T10:13:19.830Z] [LOG] [RouterExplorer] Mapped {/supplier-groups, GET} route
[2026-08-19T10:13:19.830Z] [LOG] [RouterExplorer] Mapped {/supplier-groups, POST} route
[2026-08-19T10:13:19.830Z] [LOG] [RouterExplorer] Mapped {/supplier-groups/:id, PUT} route
[2026-08-19T10:13:19.830Z] [LOG] [RouterExplorer] Mapped {/supplier-groups/:id, GET} route
[2026-08-19T10:13:19.830Z] [LOG] [RouterExplorer] Mapped {/supplier-groups/:id/status, PUT} route
[2026-08-19T10:13:19.831Z] [LOG] [RouterExplorer] Mapped {/supplier-groups/:id/assign-suppliers, POST} route
[2026-08-19T10:13:19.831Z] [LOG] [NestApplication] Nest application successfully started
[2026-08-19T10:13:19.830Z] [LOG] [RouterExplorer] Mapped {/suppliers, GET} route
[2026-08-19T10:13:39.895Z] [LOG] [NestFactory] Starting Nest application...
[2026-08-19T10:13:39.895Z] [LOG] [InstanceLoader] TypeOrmModule dependencies initialized
[2026-08-19T10:13:39.895Z] [LOG] [InstanceLoader] TokenModule dependencies initialized
[2026-08-19T10:13:39.896Z] [LOG] [InstanceLoader] AppModule dependencies initialized
[2026-08-19T10:13:39.896Z] [LOG] [InstanceLoader] ConfigHostModule dependencies initialized
[2026-08-19T10:13:39.896Z] [LOG] [InstanceLoader] RedisModule dependencies initialized
[2026-08-19T10:13:39.896Z] [LOG] [InstanceLoader] ConfigModule dependencies initialized
[2026-08-19T10:13:39.897Z] [LOG] [InstanceLoader] TypeOrmCoreModule dependencies initialized
[2026-08-19T10:13:39.896Z] [LOG] [InstanceLoader] JwtModule dependencies initialized
[2026-08-19T10:13:39.896Z] [LOG] [InstanceLoader] ConfigModule dependencies initialized
[2026-08-19T10:13:39.897Z] [LOG] [InstanceLoader] TypeOrmModule dependencies initialized
[2026-08-19T10:13:39.897Z] [LOG] [InstanceLoader] TypeOrmModule dependencies initialized
[2026-08-19T10:13:39.897Z] [LOG] [InstanceLoader] AuthModule dependencies initialized
[2026-08-19T10:13:39.897Z] [LOG] [InstanceLoader] TypeOrmModule dependencies initialized
[2026-08-19T10:13:39.897Z] [LOG] [InstanceLoader] SupplierModule dependencies initialized
[2026-08-19T10:13:39.897Z] [LOG] [InstanceLoader] SupplierGroupModule dependencies initialized
[2026-08-19T10:13:39.897Z] [LOG] [RoutesResolver] AppController {/}:
[2026-08-19T10:13:39.897Z] [LOG] [RouterExplorer] Mapped {/, GET} route
[2026-08-19T10:13:39.897Z] [LOG] [InstanceLoader] UserModule dependencies initialized
[2026-08-19T10:13:39.897Z] [LOG] [RoutesResolver] UserController {/users}:
[2026-08-19T10:13:39.898Z] [LOG] [RouterExplorer] Mapped {/users, POST} route
[2026-08-19T10:13:39.898Z] [LOG] [RouterExplorer] Mapped {/users/:id, GET} route
[2026-08-19T10:13:39.898Z] [LOG] [RouterExplorer] Mapped {/users/:id/status, PUT} route
[2026-08-19T10:13:39.898Z] [LOG] [RouterExplorer] Mapped {/auth/login, POST} route
[2026-08-19T10:13:39.898Z] [LOG] [RouterExplorer] Mapped {/auth/refresh, POST} route
[2026-08-19T10:13:39.898Z] [LOG] [RouterExplorer] Mapped {/users, GET} route
[2026-08-19T10:13:39.898Z] [LOG] [RouterExplorer] Mapped {/auth/logout, POST} route
[2026-08-19T10:13:39.898Z] [LOG] [RoutesResolver] SupplierController {/suppliers}:
[2026-08-19T10:13:39.898Z] [LOG] [RouterExplorer] Mapped {/auth/me, GET} route
[2026-08-19T10:13:39.898Z] [LOG] [RouterExplorer] Mapped {/suppliers, POST} route
[2026-08-19T10:13:39.898Z] [LOG] [RoutesResolver] AuthController {/auth}:
[2026-08-19T10:13:39.898Z] [LOG] [RouterExplorer] Mapped {/suppliers, GET} route
[2026-08-19T10:13:39.899Z] [LOG] [RouterExplorer] Mapped {/suppliers/:id, GET} route
[2026-08-19T10:13:39.899Z] [LOG] [RouterExplorer] Mapped {/supplier-groups, POST} route
[2026-08-19T10:13:39.899Z] [LOG] [RouterExplorer] Mapped {/supplier-groups/:id, GET} route
[2026-08-19T10:13:39.899Z] [LOG] [RoutesResolver] SupplierGroupController {/supplier-groups}:
[2026-08-19T10:13:39.899Z] [LOG] [RouterExplorer] Mapped {/supplier-groups/:id/status, PUT} route
[2026-08-19T10:13:39.899Z] [LOG] [RouterExplorer] Mapped {/supplier-groups, GET} route
[2026-08-19T10:13:39.899Z] [LOG] [RouterExplorer] Mapped {/supplier-groups/:id, PUT} route
[2026-08-19T10:13:39.899Z] [LOG] [RouterExplorer] Mapped {/supplier-groups/:id/assign-suppliers, POST} route
[2026-08-19T10:13:39.899Z] [LOG] [NestApplication] Nest application successfully started
[2026-08-19T10:13:53.155Z] [LOG] [NestFactory] Starting Nest application...
[2026-08-19T10:13:53.156Z] [LOG] [InstanceLoader] TypeOrmModule dependencies initialized
[2026-08-19T10:13:53.156Z] [LOG] [InstanceLoader] TokenModule dependencies initialized
[2026-08-19T10:13:53.156Z] [LOG] [InstanceLoader] AppModule dependencies initialized
[2026-08-19T10:13:53.157Z] [LOG] [InstanceLoader] RedisModule dependencies initialized
[2026-08-19T10:13:53.156Z] [LOG] [InstanceLoader] ConfigHostModule dependencies initialized
[2026-08-19T10:13:53.156Z] [LOG] [InstanceLoader] ConfigModule dependencies initialized
[2026-08-19T10:13:53.157Z] [LOG] [InstanceLoader] TypeOrmCoreModule dependencies initialized
[2026-08-19T10:13:53.157Z] [LOG] [InstanceLoader] TypeOrmModule dependencies initialized
[2026-08-19T10:13:53.157Z] [LOG] [InstanceLoader] JwtModule dependencies initialized
[2026-08-19T10:13:53.156Z] [LOG] [InstanceLoader] ConfigModule dependencies initialized
[2026-08-19T10:13:53.157Z] [LOG] [InstanceLoader] TypeOrmModule dependencies initialized
[2026-08-19T10:13:53.157Z] [LOG] [InstanceLoader] TypeOrmModule dependencies initialized
[2026-08-19T10:13:53.157Z] [LOG] [InstanceLoader] SupplierModule dependencies initialized
[2026-08-19T10:13:53.157Z] [LOG] [InstanceLoader] AuthModule dependencies initialized
[2026-08-19T10:13:53.157Z] [LOG] [InstanceLoader] SupplierGroupModule dependencies initialized
[2026-08-19T10:13:53.158Z] [LOG] [RouterExplorer] Mapped {/, GET} route
[2026-08-19T10:13:53.158Z] [LOG] [RoutesResolver] AppController {/}:
[2026-08-19T10:13:53.157Z] [LOG] [InstanceLoader] UserModule dependencies initialized
[2026-08-19T10:13:53.158Z] [LOG] [RoutesResolver] UserController {/users}:
[2026-08-19T10:13:53.158Z] [LOG] [RouterExplorer] Mapped {/users, POST} route
[2026-08-19T10:13:53.158Z] [LOG] [RouterExplorer] Mapped {/users/:id, GET} route
[2026-08-19T10:13:53.158Z] [LOG] [RouterExplorer] Mapped {/users/:id/status, PUT} route
[2026-08-19T10:13:53.158Z] [LOG] [RouterExplorer] Mapped {/auth/login, POST} route
[2026-08-19T10:13:53.158Z] [LOG] [RouterExplorer] Mapped {/users, GET} route
[2026-08-19T10:13:53.158Z] [LOG] [RouterExplorer] Mapped {/auth/refresh, POST} route
[2026-08-19T10:13:53.158Z] [LOG] [RoutesResolver] AuthController {/auth}:
[2026-08-19T10:13:53.158Z] [LOG] [RouterExplorer] Mapped {/auth/me, GET} route
[2026-08-19T10:13:53.158Z] [LOG] [RouterExplorer] Mapped {/auth/logout, POST} route
[2026-08-19T10:13:53.159Z] [LOG] [RouterExplorer] Mapped {/suppliers, GET} route
[2026-08-19T10:13:53.158Z] [LOG] [RoutesResolver] SupplierController {/suppliers}:
[2026-08-19T10:13:53.159Z] [LOG] [RouterExplorer] Mapped {/suppliers/:id, GET} route
[2026-08-19T10:13:53.159Z] [LOG] [RoutesResolver] SupplierGroupController {/supplier-groups}:
[2026-08-19T10:13:53.159Z] [LOG] [RouterExplorer] Mapped {/supplier-groups, GET} route
[2026-08-19T10:13:53.159Z] [LOG] [RouterExplorer] Mapped {/supplier-groups, POST} route
[2026-08-19T10:13:53.159Z] [LOG] [RouterExplorer] Mapped {/supplier-groups/:id, GET} route
[2026-08-19T10:13:53.159Z] [LOG] [RouterExplorer] Mapped {/supplier-groups/:id/status, PUT} route
[2026-08-19T10:13:53.159Z] [LOG] [RouterExplorer] Mapped {/supplier-groups/:id, PUT} route
[2026-08-19T10:13:53.159Z] [LOG] [NestApplication] Nest application successfully started
[2026-08-19T10:13:53.159Z] [LOG] [RouterExplorer] Mapped {/supplier-groups/:id/assign-suppliers, POST} route
[2026-08-19T10:13:53.158Z] [LOG] [RouterExplorer] Mapped {/suppliers, POST} route
[2026-08-19T10:14:10.692Z] [LOG] [NestFactory] Starting Nest application...
[2026-08-19T10:14:10.692Z] [LOG] [InstanceLoader] TypeOrmModule dependencies initialized
[2026-08-19T10:14:10.692Z] [LOG] [InstanceLoader] ConfigHostModule dependencies initialized
[2026-08-19T10:14:10.692Z] [LOG] [InstanceLoader] TokenModule dependencies initialized
[2026-08-19T10:14:10.693Z] [LOG] [InstanceLoader] ConfigModule dependencies initialized
[2026-08-19T10:14:10.693Z] [LOG] [InstanceLoader] RedisModule dependencies initialized
[2026-08-19T10:14:10.693Z] [LOG] [InstanceLoader] ConfigModule dependencies initialized
[2026-08-19T10:14:10.693Z] [LOG] [InstanceLoader] TypeOrmCoreModule dependencies initialized
[2026-08-19T10:14:10.692Z] [LOG] [InstanceLoader] AppModule dependencies initialized
[2026-08-19T10:14:10.693Z] [LOG] [InstanceLoader] TypeOrmModule dependencies initialized
[2026-08-19T10:14:10.693Z] [LOG] [InstanceLoader] TypeOrmModule dependencies initialized
[2026-08-19T10:14:10.693Z] [LOG] [InstanceLoader] JwtModule dependencies initialized
[2026-08-19T10:14:10.693Z] [LOG] [InstanceLoader] TypeOrmModule dependencies initialized
[2026-08-19T10:14:10.694Z] [LOG] [InstanceLoader] SupplierModule dependencies initialized
[2026-08-19T10:14:10.694Z] [LOG] [InstanceLoader] SupplierGroupModule dependencies initialized
[2026-08-19T10:14:10.694Z] [LOG] [InstanceLoader] AuthModule dependencies initialized
[2026-08-19T10:14:10.694Z] [LOG] [RoutesResolver] AppController {/}:
[2026-08-19T10:14:10.694Z] [LOG] [RouterExplorer] Mapped {/, GET} route
[2026-08-19T10:14:10.694Z] [LOG] [InstanceLoader] UserModule dependencies initialized
[2026-08-19T10:14:10.694Z] [LOG] [RouterExplorer] Mapped {/users, POST} route
[2026-08-19T10:14:10.694Z] [LOG] [RouterExplorer] Mapped {/users/:id, GET} route
[2026-08-19T10:14:10.694Z] [LOG] [RouterExplorer] Mapped {/users/:id/status, PUT} route
[2026-08-19T10:14:10.694Z] [LOG] [RoutesResolver] UserController {/users}:
[2026-08-19T10:14:10.694Z] [LOG] [RouterExplorer] Mapped {/users, GET} route
[2026-08-19T10:14:10.694Z] [LOG] [RouterExplorer] Mapped {/auth/login, POST} route
[2026-08-19T10:14:10.694Z] [LOG] [RouterExplorer] Mapped {/auth/refresh, POST} route
[2026-08-19T10:14:10.695Z] [LOG] [RouterExplorer] Mapped {/auth/me, GET} route
[2026-08-19T10:14:10.695Z] [LOG] [RouterExplorer] Mapped {/auth/logout, POST} route
[2026-08-19T10:14:10.695Z] [LOG] [RouterExplorer] Mapped {/suppliers, POST} route
[2026-08-19T10:14:10.694Z] [LOG] [RoutesResolver] AuthController {/auth}:
[2026-08-19T10:14:10.695Z] [LOG] [RouterExplorer] Mapped {/suppliers/:id, GET} route
[2026-08-19T10:14:10.695Z] [LOG] [RoutesResolver] SupplierGroupController {/supplier-groups}:
[2026-08-19T10:14:10.695Z] [LOG] [RouterExplorer] Mapped {/suppliers, GET} route
[2026-08-19T10:14:10.695Z] [LOG] [RoutesResolver] SupplierController {/suppliers}:
[2026-08-19T10:14:10.695Z] [LOG] [RouterExplorer] Mapped {/supplier-groups, POST} route
[2026-08-19T10:14:10.695Z] [LOG] [RouterExplorer] Mapped {/supplier-groups, GET} route
[2026-08-19T10:14:10.695Z] [LOG] [RouterExplorer] Mapped {/supplier-groups/:id, GET} route
[2026-08-19T10:14:10.695Z] [LOG] [RouterExplorer] Mapped {/supplier-groups/:id/status, PUT} route
[2026-08-19T10:14:10.695Z] [LOG] [RouterExplorer] Mapped {/supplier-groups/:id/assign-suppliers, POST} route
[2026-08-19T10:14:10.695Z] [LOG] [NestApplication] Nest application successfully started
[2026-08-19T10:14:10.695Z] [LOG] [RouterExplorer] Mapped {/supplier-groups/:id, PUT} route
[2026-08-19T10:23:04.957Z] [LOG] [NestFactory] Starting Nest application...
[2026-08-19T10:23:04.957Z] [LOG] [InstanceLoader] TypeOrmModule dependencies initialized
[2026-08-19T10:23:04.957Z] [LOG] [InstanceLoader] TokenModule dependencies initialized
[2026-08-19T10:23:04.957Z] [LOG] [InstanceLoader] AppModule dependencies initialized
[2026-08-19T10:23:04.957Z] [LOG] [InstanceLoader] ConfigHostModule dependencies initialized
[2026-08-19T10:23:04.958Z] [LOG] [InstanceLoader] ConfigModule dependencies initialized
[2026-08-19T10:23:04.958Z] [LOG] [InstanceLoader] JwtModule dependencies initialized
[2026-08-19T10:23:04.958Z] [LOG] [InstanceLoader] RedisModule dependencies initialized
[2026-08-19T10:23:04.957Z] [LOG] [InstanceLoader] ConfigModule dependencies initialized
[2026-08-19T10:23:04.958Z] [LOG] [InstanceLoader] TypeOrmModule dependencies initialized
[2026-08-19T10:23:04.958Z] [LOG] [InstanceLoader] TypeOrmCoreModule dependencies initialized
[2026-08-19T10:23:04.958Z] [LOG] [InstanceLoader] TypeOrmModule dependencies initialized
[2026-08-19T10:23:04.958Z] [LOG] [InstanceLoader] AuthModule dependencies initialized
[2026-08-19T10:23:04.958Z] [LOG] [InstanceLoader] TypeOrmModule dependencies initialized
[2026-08-19T10:23:04.959Z] [LOG] [InstanceLoader] SupplierGroupModule dependencies initialized
[2026-08-19T10:23:04.958Z] [LOG] [InstanceLoader] SupplierModule dependencies initialized
[2026-08-19T10:23:04.958Z] [LOG] [InstanceLoader] UserModule dependencies initialized
[2026-08-19T10:23:04.959Z] [LOG] [RoutesResolver] UserController {/users}:
[2026-08-19T10:23:04.959Z] [LOG] [RoutesResolver] AppController {/}:
[2026-08-19T10:23:04.959Z] [LOG] [RouterExplorer] Mapped {/users, POST} route
[2026-08-19T10:23:04.959Z] [LOG] [RouterExplorer] Mapped {/users/:id, GET} route
[2026-08-19T10:23:04.959Z] [LOG] [RouterExplorer] Mapped {/, GET} route
[2026-08-19T10:23:04.959Z] [LOG] [RouterExplorer] Mapped {/users, GET} route
[2026-08-19T10:23:04.959Z] [LOG] [RouterExplorer] Mapped {/users/:id/status, PUT} route
[2026-08-19T10:23:04.959Z] [LOG] [RouterExplorer] Mapped {/auth/login, POST} route
[2026-08-19T10:23:04.959Z] [LOG] [RouterExplorer] Mapped {/auth/refresh, POST} route
[2026-08-19T10:23:04.959Z] [LOG] [RouterExplorer] Mapped {/auth/logout, POST} route
[2026-08-19T10:23:04.959Z] [LOG] [RoutesResolver] AuthController {/auth}:
[2026-08-19T10:23:04.959Z] [LOG] [RoutesResolver] SupplierController {/suppliers}:
[2026-08-19T10:23:04.960Z] [LOG] [RouterExplorer] Mapped {/suppliers, GET} route
[2026-08-19T10:23:04.959Z] [LOG] [RouterExplorer] Mapped {/auth/me, GET} route
[2026-08-19T10:23:04.960Z] [LOG] [RouterExplorer] Mapped {/suppliers, POST} route
[2026-08-19T10:23:04.960Z] [LOG] [RoutesResolver] SupplierGroupController {/supplier-groups}:
[2026-08-19T10:23:04.960Z] [LOG] [RouterExplorer] Mapped {/supplier-groups, GET} route
[2026-08-19T10:23:04.960Z] [LOG] [RouterExplorer] Mapped {/supplier-groups, POST} route
[2026-08-19T10:23:04.960Z] [LOG] [RouterExplorer] Mapped {/supplier-groups/:id, GET} route
[2026-08-19T10:23:04.960Z] [LOG] [RouterExplorer] Mapped {/supplier-groups/:id/status, PUT} route
[2026-08-19T10:23:04.960Z] [LOG] [RouterExplorer] Mapped {/suppliers/:id, GET} route
[2026-08-19T10:23:04.960Z] [LOG] [RouterExplorer] Mapped {/supplier-groups/:id, PUT} route
[2026-08-19T10:23:04.960Z] [LOG] [RouterExplorer] Mapped {/supplier-groups/:id/assign-suppliers, POST} route
[2026-08-19T10:23:04.960Z] [LOG] [NestApplication] Nest application successfully started
[2026-08-19T10:23:41.611Z] [LOG] [NestFactory] Starting Nest application...
[2026-08-19T10:23:41.612Z] [LOG] [InstanceLoader] TypeOrmModule dependencies initialized
[2026-08-19T10:23:41.612Z] [LOG] [InstanceLoader] TokenModule dependencies initialized
[2026-08-19T10:23:41.612Z] [LOG] [InstanceLoader] AppModule dependencies initialized
[2026-08-19T10:23:41.613Z] [LOG] [InstanceLoader] RedisModule dependencies initialized
[2026-08-19T10:23:41.612Z] [LOG] [InstanceLoader] ConfigHostModule dependencies initialized
[2026-08-19T10:23:41.612Z] [LOG] [InstanceLoader] ConfigModule dependencies initialized
[2026-08-19T10:23:41.613Z] [LOG] [InstanceLoader] TypeOrmCoreModule dependencies initialized
[2026-08-19T10:23:41.613Z] [LOG] [InstanceLoader] TypeOrmModule dependencies initialized
[2026-08-19T10:23:41.613Z] [LOG] [InstanceLoader] JwtModule dependencies initialized
[2026-08-19T10:23:41.612Z] [LOG] [InstanceLoader] ConfigModule dependencies initialized
[2026-08-19T10:23:41.613Z] [LOG] [InstanceLoader] TypeOrmModule dependencies initialized
[2026-08-19T10:23:41.613Z] [LOG] [InstanceLoader] UserModule dependencies initialized
[2026-08-19T10:23:41.613Z] [LOG] [InstanceLoader] TypeOrmModule dependencies initialized
[2026-08-19T10:23:41.614Z] [LOG] [InstanceLoader] SupplierGroupModule dependencies initialized
[2026-08-19T10:23:41.614Z] [LOG] [InstanceLoader] SupplierModule dependencies initialized
[2026-08-19T10:23:41.613Z] [LOG] [InstanceLoader] AuthModule dependencies initialized
[2026-08-19T10:23:41.614Z] [LOG] [RouterExplorer] Mapped {/, GET} route
[2026-08-19T10:23:41.614Z] [LOG] [RoutesResolver] UserController {/users}:
[2026-08-19T10:23:41.614Z] [LOG] [RouterExplorer] Mapped {/users, POST} route
[2026-08-19T10:23:41.614Z] [LOG] [RouterExplorer] Mapped {/users/:id, GET} route
[2026-08-19T10:23:41.614Z] [LOG] [RouterExplorer] Mapped {/users/:id/status, PUT} route
[2026-08-19T10:23:41.614Z] [LOG] [RouterExplorer] Mapped {/users, GET} route
[2026-08-19T10:23:41.614Z] [LOG] [RoutesResolver] AppController {/}:
[2026-08-19T10:23:41.614Z] [LOG] [RouterExplorer] Mapped {/auth/login, POST} route
[2026-08-19T10:23:41.614Z] [LOG] [RouterExplorer] Mapped {/auth/refresh, POST} route
[2026-08-19T10:23:41.615Z] [LOG] [RouterExplorer] Mapped {/auth/me, GET} route
[2026-08-19T10:23:41.615Z] [LOG] [RouterExplorer] Mapped {/auth/logout, POST} route
[2026-08-19T10:23:41.615Z] [LOG] [RoutesResolver] SupplierController {/suppliers}:
[2026-08-19T10:23:41.615Z] [LOG] [RouterExplorer] Mapped {/suppliers, POST} route
[2026-08-19T10:23:41.614Z] [LOG] [RoutesResolver] AuthController {/auth}:
[2026-08-19T10:23:41.615Z] [LOG] [RouterExplorer] Mapped {/suppliers, GET} route
[2026-08-19T10:23:41.615Z] [LOG] [RoutesResolver] SupplierGroupController {/supplier-groups}:
[2026-08-19T10:23:41.615Z] [LOG] [RouterExplorer] Mapped {/supplier-groups, GET} route
[2026-08-19T10:23:41.615Z] [LOG] [RouterExplorer] Mapped {/supplier-groups, POST} route
[2026-08-19T10:23:41.615Z] [LOG] [RouterExplorer] Mapped {/supplier-groups/:id, GET} route
[2026-08-19T10:23:41.615Z] [LOG] [RouterExplorer] Mapped {/supplier-groups/:id/status, PUT} route
[2026-08-19T10:23:41.615Z] [LOG] [RouterExplorer] Mapped {/supplier-groups/:id, PUT} route
[2026-08-19T10:23:41.616Z] [LOG] [RouterExplorer] Mapped {/supplier-groups/:id/assign-suppliers, POST} route
[2026-08-19T10:23:41.616Z] [LOG] [NestApplication] Nest application successfully started
[2026-08-19T10:23:41.615Z] [LOG] [RouterExplorer] Mapped {/suppliers/:id, GET} route
[2026-08-19T10:24:03.039Z] [LOG] [NestFactory] Starting Nest application...
[2026-08-19T10:24:03.040Z] [LOG] [InstanceLoader] TypeOrmModule dependencies initialized
[2026-08-19T10:24:03.040Z] [LOG] [InstanceLoader] TokenModule dependencies initialized
[2026-08-19T10:24:03.040Z] [LOG] [InstanceLoader] AppModule dependencies initialized
[2026-08-19T10:24:03.040Z] [LOG] [InstanceLoader] RedisModule dependencies initialized
[2026-08-19T10:24:03.040Z] [LOG] [InstanceLoader] ConfigModule dependencies initialized
[2026-08-19T10:24:03.040Z] [LOG] [InstanceLoader] ConfigHostModule dependencies initialized
[2026-08-19T10:24:03.041Z] [LOG] [InstanceLoader] TypeOrmCoreModule dependencies initialized
[2026-08-19T10:24:03.040Z] [LOG] [InstanceLoader] ConfigModule dependencies initialized
[2026-08-19T10:24:03.041Z] [LOG] [InstanceLoader] TypeOrmModule dependencies initialized
[2026-08-19T10:24:03.041Z] [LOG] [InstanceLoader] TypeOrmModule dependencies initialized
[2026-08-19T10:24:03.041Z] [LOG] [InstanceLoader] AuthModule dependencies initialized
[2026-08-19T10:24:03.041Z] [LOG] [InstanceLoader] TypeOrmModule dependencies initialized
[2026-08-19T10:24:03.041Z] [LOG] [InstanceLoader] SupplierModule dependencies initialized
[2026-08-19T10:24:03.040Z] [LOG] [InstanceLoader] JwtModule dependencies initialized
[2026-08-19T10:24:03.041Z] [LOG] [InstanceLoader] UserModule dependencies initialized
[2026-08-19T10:24:03.041Z] [LOG] [InstanceLoader] SupplierGroupModule dependencies initialized
[2026-08-19T10:24:03.041Z] [LOG] [RoutesResolver] UserController {/users}:
[2026-08-19T10:24:03.041Z] [LOG] [RoutesResolver] AppController {/}:
[2026-08-19T10:24:03.041Z] [LOG] [RouterExplorer] Mapped {/, GET} route
[2026-08-19T10:24:03.041Z] [LOG] [RouterExplorer] Mapped {/users, GET} route
[2026-08-19T10:24:03.042Z] [LOG] [RouterExplorer] Mapped {/users/:id, GET} route
[2026-08-19T10:24:03.042Z] [LOG] [RouterExplorer] Mapped {/users/:id/status, PUT} route
[2026-08-19T10:24:03.042Z] [LOG] [RoutesResolver] AuthController {/auth}:
[2026-08-19T10:24:03.041Z] [LOG] [RouterExplorer] Mapped {/users, POST} route
[2026-08-19T10:24:03.042Z] [LOG] [RouterExplorer] Mapped {/auth/login, POST} route
[2026-08-19T10:24:03.042Z] [LOG] [RouterExplorer] Mapped {/auth/logout, POST} route
[2026-08-19T10:24:03.042Z] [LOG] [RouterExplorer] Mapped {/auth/refresh, POST} route
[2026-08-19T10:24:03.042Z] [LOG] [RouterExplorer] Mapped {/auth/me, GET} route
[2026-08-19T10:24:03.042Z] [LOG] [RouterExplorer] Mapped {/suppliers, POST} route
[2026-08-19T10:24:03.042Z] [LOG] [RouterExplorer] Mapped {/suppliers/:id, GET} route
[2026-08-19T10:24:03.042Z] [LOG] [RouterExplorer] Mapped {/suppliers, GET} route
[2026-08-19T10:24:03.042Z] [LOG] [RoutesResolver] SupplierController {/suppliers}:
[2026-08-19T10:24:03.042Z] [LOG] [RouterExplorer] Mapped {/supplier-groups, POST} route
[2026-08-19T10:24:03.043Z] [LOG] [RouterExplorer] Mapped {/supplier-groups/:id, GET} route
[2026-08-19T10:24:03.042Z] [LOG] [RoutesResolver] SupplierGroupController {/supplier-groups}:
[2026-08-19T10:24:03.043Z] [LOG] [RouterExplorer] Mapped {/supplier-groups/:id, PUT} route
[2026-08-19T10:24:03.043Z] [LOG] [RouterExplorer] Mapped {/supplier-groups/:id/status, PUT} route
[2026-08-19T10:24:03.043Z] [LOG] [RouterExplorer] Mapped {/supplier-groups/:id/assign-suppliers, POST} route
[2026-08-19T10:24:03.042Z] [LOG] [RouterExplorer] Mapped {/supplier-groups, GET} route
[2026-08-19T10:24:03.043Z] [LOG] [NestApplication] Nest application successfully started
[2026-08-19T10:24:15.520Z] [LOG] [NestFactory] Starting Nest application...
[2026-08-19T10:24:15.520Z] [LOG] [InstanceLoader] TypeOrmModule dependencies initialized
[2026-08-19T10:24:15.520Z] [LOG] [InstanceLoader] TokenModule dependencies initialized
[2026-08-19T10:24:15.521Z] [LOG] [InstanceLoader] AppModule dependencies initialized
[2026-08-19T10:24:15.521Z] [LOG] [InstanceLoader] RedisModule dependencies initialized
[2026-08-19T10:24:15.521Z] [LOG] [InstanceLoader] ConfigHostModule dependencies initialized
[2026-08-19T10:24:15.521Z] [LOG] [InstanceLoader] JwtModule dependencies initialized
[2026-08-19T10:24:15.521Z] [LOG] [InstanceLoader] ConfigModule dependencies initialized
[2026-08-19T10:24:15.521Z] [LOG] [InstanceLoader] TypeOrmModule dependencies initialized
[2026-08-19T10:24:15.521Z] [LOG] [InstanceLoader] TypeOrmCoreModule dependencies initialized
[2026-08-19T10:24:15.522Z] [LOG] [InstanceLoader] TypeOrmModule dependencies initialized
[2026-08-19T10:24:15.521Z] [LOG] [InstanceLoader] ConfigModule dependencies initialized
[2026-08-19T10:24:15.522Z] [LOG] [InstanceLoader] TypeOrmModule dependencies initialized
[2026-08-19T10:24:15.522Z] [LOG] [InstanceLoader] AuthModule dependencies initialized
[2026-08-19T10:24:15.522Z] [LOG] [InstanceLoader] SupplierModule dependencies initialized
[2026-08-19T10:24:15.522Z] [LOG] [InstanceLoader] SupplierGroupModule dependencies initialized
[2026-08-19T10:24:15.522Z] [LOG] [RouterExplorer] Mapped {/, GET} route
[2026-08-19T10:24:15.522Z] [LOG] [InstanceLoader] UserModule dependencies initialized
[2026-08-19T10:24:15.522Z] [LOG] [RouterExplorer] Mapped {/users, POST} route
[2026-08-19T10:24:15.522Z] [LOG] [RoutesResolver] AppController {/}:
[2026-08-19T10:24:15.522Z] [LOG] [RoutesResolver] UserController {/users}:
[2026-08-19T10:24:15.522Z] [LOG] [RouterExplorer] Mapped {/users/:id, GET} route
[2026-08-19T10:24:15.522Z] [LOG] [RoutesResolver] AuthController {/auth}:
[2026-08-19T10:24:15.522Z] [LOG] [RouterExplorer] Mapped {/users/:id/status, PUT} route
[2026-08-19T10:24:15.522Z] [LOG] [RouterExplorer] Mapped {/auth/login, POST} route
[2026-08-19T10:24:15.523Z] [LOG] [RouterExplorer] Mapped {/auth/refresh, POST} route
[2026-08-19T10:24:15.522Z] [LOG] [RouterExplorer] Mapped {/users, GET} route
[2026-08-19T10:24:15.523Z] [LOG] [RouterExplorer] Mapped {/auth/logout, POST} route
[2026-08-19T10:24:15.523Z] [LOG] [RouterExplorer] Mapped {/suppliers, POST} route
[2026-08-19T10:24:15.523Z] [LOG] [RoutesResolver] SupplierController {/suppliers}:
[2026-08-19T10:24:15.523Z] [LOG] [RouterExplorer] Mapped {/suppliers/:id, GET} route
[2026-08-19T10:24:15.523Z] [LOG] [RouterExplorer] Mapped {/suppliers, GET} route
[2026-08-19T10:24:15.523Z] [LOG] [RoutesResolver] SupplierGroupController {/supplier-groups}:
[2026-08-19T10:24:15.523Z] [LOG] [RouterExplorer] Mapped {/supplier-groups, POST} route
[2026-08-19T10:24:15.523Z] [LOG] [RouterExplorer] Mapped {/supplier-groups/:id, GET} route
[2026-08-19T10:24:15.523Z] [LOG] [RouterExplorer] Mapped {/auth/me, GET} route
[2026-08-19T10:24:15.523Z] [LOG] [RouterExplorer] Mapped {/supplier-groups/:id, PUT} route
[2026-08-19T10:24:15.523Z] [LOG] [RouterExplorer] Mapped {/supplier-groups/:id/status, PUT} route
[2026-08-19T10:24:15.523Z] [LOG] [NestApplication] Nest application successfully started
[2026-08-19T10:24:15.523Z] [LOG] [RouterExplorer] Mapped {/supplier-groups/:id/assign-suppliers, POST} route
[2026-08-19T10:24:15.523Z] [LOG] [RouterExplorer] Mapped {/supplier-groups, GET} route
[2026-08-19T10:24:44.366Z] [LOG] [NestFactory] Starting Nest application...
[2026-08-19T10:24:44.367Z] [LOG] [InstanceLoader] TypeOrmModule dependencies initialized
[2026-08-19T10:24:44.367Z] [LOG] [InstanceLoader] TokenModule dependencies initialized
[2026-08-19T10:24:44.367Z] [LOG] [InstanceLoader] AppModule dependencies initialized
[2026-08-19T10:24:44.367Z] [LOG] [InstanceLoader] ConfigHostModule dependencies initialized
[2026-08-19T10:24:44.367Z] [LOG] [InstanceLoader] RedisModule dependencies initialized
[2026-08-19T10:24:44.367Z] [LOG] [InstanceLoader] ConfigModule dependencies initialized
[2026-08-19T10:24:44.368Z] [LOG] [InstanceLoader] TypeOrmCoreModule dependencies initialized
[2026-08-19T10:24:44.368Z] [LOG] [InstanceLoader] JwtModule dependencies initialized
[2026-08-19T10:24:44.368Z] [LOG] [InstanceLoader] TypeOrmModule dependencies initialized
[2026-08-19T10:24:44.368Z] [LOG] [InstanceLoader] TypeOrmModule dependencies initialized
[2026-08-19T10:24:44.367Z] [LOG] [InstanceLoader] ConfigModule dependencies initialized
[2026-08-19T10:24:44.368Z] [LOG] [InstanceLoader] TypeOrmModule dependencies initialized
[2026-08-19T10:24:44.368Z] [LOG] [InstanceLoader] SupplierModule dependencies initialized
[2026-08-19T10:24:44.368Z] [LOG] [InstanceLoader] UserModule dependencies initialized
[2026-08-19T10:24:44.368Z] [LOG] [InstanceLoader] SupplierGroupModule dependencies initialized
[2026-08-19T10:24:44.368Z] [LOG] [InstanceLoader] AuthModule dependencies initialized
[2026-08-19T10:24:44.368Z] [LOG] [RouterExplorer] Mapped {/, GET} route
[2026-08-19T10:24:44.368Z] [LOG] [RoutesResolver] UserController {/users}:
[2026-08-19T10:24:44.369Z] [LOG] [RouterExplorer] Mapped {/users, POST} route
[2026-08-19T10:24:44.369Z] [LOG] [RouterExplorer] Mapped {/users/:id, GET} route
[2026-08-19T10:24:44.369Z] [LOG] [RouterExplorer] Mapped {/users/:id/status, PUT} route
[2026-08-19T10:24:44.369Z] [LOG] [RouterExplorer] Mapped {/users, GET} route
[2026-08-19T10:24:44.369Z] [LOG] [RoutesResolver] AuthController {/auth}:
[2026-08-19T10:24:44.369Z] [LOG] [RouterExplorer] Mapped {/auth/login, POST} route
[2026-08-19T10:24:44.369Z] [LOG] [RouterExplorer] Mapped {/auth/refresh, POST} route
[2026-08-19T10:24:44.369Z] [LOG] [RouterExplorer] Mapped {/auth/logout, POST} route
[2026-08-19T10:24:44.369Z] [LOG] [RoutesResolver] SupplierController {/suppliers}:
[2026-08-19T10:24:44.368Z] [LOG] [RoutesResolver] AppController {/}:
[2026-08-19T10:24:44.369Z] [LOG] [RouterExplorer] Mapped {/auth/me, GET} route
[2026-08-19T10:24:44.369Z] [LOG] [RouterExplorer] Mapped {/suppliers, POST} route
[2026-08-19T10:24:44.369Z] [LOG] [RouterExplorer] Mapped {/suppliers/:id, GET} route
[2026-08-19T10:24:44.370Z] [LOG] [RoutesResolver] SupplierGroupController {/supplier-groups}:
[2026-08-19T10:24:44.369Z] [LOG] [RouterExplorer] Mapped {/suppliers, GET} route
[2026-08-19T10:24:44.370Z] [LOG] [RouterExplorer] Mapped {/supplier-groups, POST} route
[2026-08-19T10:24:44.370Z] [LOG] [RouterExplorer] Mapped {/supplier-groups/:id, GET} route
[2026-08-19T10:24:44.370Z] [LOG] [RouterExplorer] Mapped {/supplier-groups/:id/status, PUT} route
[2026-08-19T10:24:44.370Z] [LOG] [RouterExplorer] Mapped {/supplier-groups, GET} route
[2026-08-19T10:24:44.370Z] [LOG] [RouterExplorer] Mapped {/supplier-groups/:id, PUT} route
[2026-08-19T10:24:44.370Z] [LOG] [RouterExplorer] Mapped {/supplier-groups/:id/assign-suppliers, POST} route
[2026-08-19T10:24:44.370Z] [LOG] [NestApplication] Nest application successfully started
[2026-08-19T10:25:15.281Z] [LOG] [NestFactory] Starting Nest application...
[2026-08-19T10:25:15.282Z] [LOG] [InstanceLoader] TypeOrmModule dependencies initialized
[2026-08-19T10:25:15.282Z] [LOG] [InstanceLoader] TokenModule dependencies initialized
[2026-08-19T10:25:15.282Z] [LOG] [InstanceLoader] AppModule dependencies initialized
[2026-08-19T10:25:15.282Z] [LOG] [InstanceLoader] ConfigHostModule dependencies initialized
[2026-08-19T10:25:15.282Z] [LOG] [InstanceLoader] ConfigModule dependencies initialized
[2026-08-19T10:25:15.283Z] [LOG] [InstanceLoader] RedisModule dependencies initialized
[2026-08-19T10:25:15.282Z] [LOG] [InstanceLoader] ConfigModule dependencies initialized
[2026-08-19T10:25:15.283Z] [LOG] [InstanceLoader] TypeOrmCoreModule dependencies initialized
[2026-08-19T10:25:15.283Z] [LOG] [InstanceLoader] JwtModule dependencies initialized
[2026-08-19T10:25:15.283Z] [LOG] [InstanceLoader] TypeOrmModule dependencies initialized
[2026-08-19T10:25:15.283Z] [LOG] [InstanceLoader] TypeOrmModule dependencies initialized
[2026-08-19T10:25:15.283Z] [LOG] [InstanceLoader] UserModule dependencies initialized
[2026-08-19T10:25:15.283Z] [LOG] [InstanceLoader] TypeOrmModule dependencies initialized
[2026-08-19T10:25:15.284Z] [LOG] [InstanceLoader] SupplierModule dependencies initialized
[2026-08-19T10:25:15.284Z] [LOG] [InstanceLoader] SupplierGroupModule dependencies initialized
[2026-08-19T10:25:15.284Z] [LOG] [RoutesResolver] AppController {/}:
[2026-08-19T10:25:15.283Z] [LOG] [InstanceLoader] AuthModule dependencies initialized
[2026-08-19T10:25:15.284Z] [LOG] [RouterExplorer] Mapped {/, GET} route
[2026-08-19T10:25:15.284Z] [LOG] [RoutesResolver] UserController {/users}:
[2026-08-19T10:25:15.284Z] [LOG] [RouterExplorer] Mapped {/users, GET} route
[2026-08-19T10:25:15.284Z] [LOG] [RouterExplorer] Mapped {/users, POST} route
[2026-08-19T10:25:15.284Z] [LOG] [RouterExplorer] Mapped {/users/:id/status, PUT} route
[2026-08-19T10:25:15.284Z] [LOG] [RouterExplorer] Mapped {/users/:id, GET} route
[2026-08-19T10:25:15.284Z] [LOG] [RouterExplorer] Mapped {/auth/login, POST} route
[2026-08-19T10:25:15.284Z] [LOG] [RouterExplorer] Mapped {/auth/refresh, POST} route
[2026-08-19T10:25:15.285Z] [LOG] [RouterExplorer] Mapped {/auth/me, GET} route
[2026-08-19T10:25:15.285Z] [LOG] [RouterExplorer] Mapped {/auth/logout, POST} route
[2026-08-19T10:25:15.285Z] [LOG] [RoutesResolver] SupplierController {/suppliers}:
[2026-08-19T10:25:15.284Z] [LOG] [RoutesResolver] AuthController {/auth}:
[2026-08-19T10:25:15.285Z] [LOG] [RouterExplorer] Mapped {/suppliers, POST} route
[2026-08-19T10:25:15.285Z] [LOG] [RoutesResolver] SupplierGroupController {/supplier-groups}:
[2026-08-19T10:25:15.285Z] [LOG] [RouterExplorer] Mapped {/supplier-groups, POST} route
[2026-08-19T10:25:15.285Z] [LOG] [RouterExplorer] Mapped {/suppliers/:id, GET} route
[2026-08-19T10:25:15.285Z] [LOG] [RouterExplorer] Mapped {/supplier-groups, GET} route
[2026-08-19T10:25:15.285Z] [LOG] [RouterExplorer] Mapped {/supplier-groups/:id, GET} route
[2026-08-19T10:25:15.285Z] [LOG] [RouterExplorer] Mapped {/supplier-groups/:id/status, PUT} route
[2026-08-19T10:25:15.285Z] [LOG] [RouterExplorer] Mapped {/supplier-groups/:id, PUT} route
[2026-08-19T10:25:15.285Z] [LOG] [RouterExplorer] Mapped {/supplier-groups/:id/assign-suppliers, POST} route
[2026-08-19T10:25:15.285Z] [LOG] [NestApplication] Nest application successfully started
[2026-08-19T10:25:15.285Z] [LOG] [RouterExplorer] Mapped {/suppliers, GET} route
[2026-08-20T01:42:44.533Z] [LOG] [NestFactory] Starting Nest application...
[2026-08-20T01:42:44.534Z] [LOG] [InstanceLoader] TypeOrmModule dependencies initialized
[2026-08-20T01:42:44.534Z] [LOG] [InstanceLoader] ConfigHostModule dependencies initialized
[2026-08-20T01:42:44.534Z] [LOG] [InstanceLoader] TokenModule dependencies initialized
[2026-08-20T01:42:44.534Z] [LOG] [InstanceLoader] ConfigModule dependencies initialized
[2026-08-20T01:42:44.534Z] [LOG] [InstanceLoader] AppModule dependencies initialized
[2026-08-20T01:42:44.534Z] [LOG] [InstanceLoader] RedisModule dependencies initialized
[2026-08-20T01:42:44.534Z] [LOG] [InstanceLoader] ConfigModule dependencies initialized
[2026-08-20T01:42:44.535Z] [LOG] [InstanceLoader] TypeOrmCoreModule dependencies initialized
[2026-08-20T01:42:44.535Z] [LOG] [InstanceLoader] TypeOrmModule dependencies initialized
[2026-08-20T01:42:44.535Z] [LOG] [InstanceLoader] TypeOrmModule dependencies initialized
[2026-08-20T01:42:44.535Z] [LOG] [InstanceLoader] AuthModule dependencies initialized
[2026-08-20T01:42:44.535Z] [LOG] [InstanceLoader] UserModule dependencies initialized
[2026-08-20T01:42:44.534Z] [LOG] [InstanceLoader] JwtModule dependencies initialized
[2026-08-20T01:42:44.535Z] [LOG] [InstanceLoader] SupplierModule dependencies initialized
[2026-08-20T01:42:44.535Z] [LOG] [InstanceLoader] SupplierGroupModule dependencies initialized
[2026-08-20T01:42:44.535Z] [LOG] [RoutesResolver] AppController {/}:
[2026-08-20T01:42:44.535Z] [LOG] [InstanceLoader] TypeOrmModule dependencies initialized
[2026-08-20T01:42:44.535Z] [LOG] [RoutesResolver] UserController {/users}:
[2026-08-20T01:42:44.535Z] [LOG] [RouterExplorer] Mapped {/users, POST} route
[2026-08-20T01:42:44.536Z] [LOG] [RouterExplorer] Mapped {/users/:id, GET} route
[2026-08-20T01:42:44.535Z] [LOG] [RouterExplorer] Mapped {/users, GET} route
[2026-08-20T01:42:44.535Z] [LOG] [RouterExplorer] Mapped {/, GET} route
[2026-08-20T01:42:44.536Z] [LOG] [RouterExplorer] Mapped {/users/:id/status, PUT} route
[2026-08-20T01:42:44.536Z] [LOG] [RouterExplorer] Mapped {/auth/refresh, POST} route
[2026-08-20T01:42:44.536Z] [LOG] [RoutesResolver] AuthController {/auth}:
[2026-08-20T01:42:44.536Z] [LOG] [RouterExplorer] Mapped {/auth/login, POST} route
[2026-08-20T01:42:44.536Z] [LOG] [RouterExplorer] Mapped {/auth/logout, POST} route
[2026-08-20T01:42:44.536Z] [LOG] [RoutesResolver] SupplierController {/suppliers}:
[2026-08-20T01:42:44.536Z] [LOG] [RouterExplorer] Mapped {/auth/me, GET} route
[2026-08-20T01:42:44.536Z] [LOG] [RouterExplorer] Mapped {/suppliers, POST} route
[2026-08-20T01:42:44.536Z] [LOG] [RouterExplorer] Mapped {/suppliers/:id, GET} route
[2026-08-20T01:42:44.536Z] [LOG] [RoutesResolver] SupplierGroupController {/supplier-groups}:
[2026-08-20T01:42:44.536Z] [LOG] [RouterExplorer] Mapped {/supplier-groups, GET} route
[2026-08-20T01:42:44.536Z] [LOG] [RouterExplorer] Mapped {/supplier-groups, POST} route
[2026-08-20T01:42:44.537Z] [LOG] [RouterExplorer] Mapped {/supplier-groups/:id, GET} route
[2026-08-20T01:42:44.537Z] [LOG] [RouterExplorer] Mapped {/supplier-groups/:id/status, PUT} route
[2026-08-20T01:42:44.536Z] [LOG] [RouterExplorer] Mapped {/suppliers, GET} route
[2026-08-20T01:42:44.537Z] [LOG] [NestApplication] Nest application successfully started
[2026-08-20T01:42:44.537Z] [LOG] [RouterExplorer] Mapped {/supplier-groups/:id, PUT} route
[2026-08-20T01:42:44.537Z] [LOG] [RouterExplorer] Mapped {/supplier-groups/:id/assign-suppliers, POST} route
[2026-08-20T01:44:51.321Z] [LOG] [NestFactory] Starting Nest application...
[2026-08-20T01:44:51.321Z] [LOG] [InstanceLoader] TypeOrmModule dependencies initialized
[2026-08-20T01:44:51.321Z] [LOG] [InstanceLoader] TokenModule dependencies initialized
[2026-08-20T01:44:51.322Z] [LOG] [InstanceLoader] AppModule dependencies initialized
[2026-08-20T01:44:51.322Z] [LOG] [InstanceLoader] RedisModule dependencies initialized
[2026-08-20T01:44:51.322Z] [LOG] [InstanceLoader] ConfigHostModule dependencies initialized
[2026-08-20T01:44:51.322Z] [LOG] [InstanceLoader] JwtModule dependencies initialized
[2026-08-20T01:44:51.322Z] [LOG] [InstanceLoader] ConfigModule dependencies initialized
[2026-08-20T01:44:51.322Z] [LOG] [InstanceLoader] TypeOrmCoreModule dependencies initialized
[2026-08-20T01:44:51.322Z] [LOG] [InstanceLoader] TypeOrmModule dependencies initialized
[2026-08-20T01:44:51.323Z] [LOG] [InstanceLoader] TypeOrmModule dependencies initialized
[2026-08-20T01:44:51.323Z] [LOG] [InstanceLoader] TypeOrmModule dependencies initialized
[2026-08-20T01:44:51.322Z] [LOG] [InstanceLoader] ConfigModule dependencies initialized
[2026-08-20T01:44:51.323Z] [LOG] [InstanceLoader] SupplierModule dependencies initialized
[2026-08-20T01:44:51.323Z] [LOG] [InstanceLoader] SupplierGroupModule dependencies initialized
[2026-08-20T01:44:51.323Z] [LOG] [InstanceLoader] UserModule dependencies initialized
[2026-08-20T01:44:51.323Z] [LOG] [RoutesResolver] AppController {/}:
[2026-08-20T01:44:51.323Z] [LOG] [RouterExplorer] Mapped {/, GET} route
[2026-08-20T01:44:51.323Z] [LOG] [InstanceLoader] AuthModule dependencies initialized
[2026-08-20T01:44:51.323Z] [LOG] [RoutesResolver] UserController {/users}:
[2026-08-20T01:44:51.323Z] [LOG] [RouterExplorer] Mapped {/users, POST} route
[2026-08-20T01:44:51.323Z] [LOG] [RouterExplorer] Mapped {/users/:id, GET} route
[2026-08-20T01:44:51.323Z] [LOG] [RoutesResolver] AuthController {/auth}:
[2026-08-20T01:44:51.323Z] [LOG] [RouterExplorer] Mapped {/users/:id/status, PUT} route
[2026-08-20T01:44:51.324Z] [LOG] [RouterExplorer] Mapped {/auth/refresh, POST} route
[2026-08-20T01:44:51.323Z] [LOG] [RouterExplorer] Mapped {/users, GET} route
[2026-08-20T01:44:51.324Z] [LOG] [RouterExplorer] Mapped {/auth/login, POST} route
[2026-08-20T01:44:51.324Z] [LOG] [RouterExplorer] Mapped {/auth/logout, POST} route
[2026-08-20T01:44:51.324Z] [LOG] [RouterExplorer] Mapped {/suppliers, POST} route
[2026-08-20T01:44:51.324Z] [LOG] [RoutesResolver] SupplierController {/suppliers}:
[2026-08-20T01:44:51.324Z] [LOG] [RouterExplorer] Mapped {/suppliers/:id, GET} route
[2026-08-20T01:44:51.324Z] [LOG] [RouterExplorer] Mapped {/auth/me, GET} route
[2026-08-20T01:44:51.324Z] [LOG] [RouterExplorer] Mapped {/suppliers, GET} route
[2026-08-20T01:44:51.324Z] [LOG] [RoutesResolver] SupplierGroupController {/supplier-groups}:
[2026-08-20T01:44:51.324Z] [LOG] [RouterExplorer] Mapped {/supplier-groups, POST} route
[2026-08-20T01:44:51.324Z] [LOG] [RouterExplorer] Mapped {/supplier-groups/:id, GET} route
[2026-08-20T01:44:51.324Z] [LOG] [RouterExplorer] Mapped {/supplier-groups/:id/status, PUT} route
[2026-08-20T01:44:51.324Z] [LOG] [RouterExplorer] Mapped {/supplier-groups/:id/assign-suppliers, POST} route
[2026-08-20T01:44:51.324Z] [LOG] [RouterExplorer] Mapped {/supplier-groups, GET} route
[2026-08-20T01:44:51.324Z] [LOG] [NestApplication] Nest application successfully started
[2026-08-20T01:44:51.324Z] [LOG] [RouterExplorer] Mapped {/supplier-groups/:id, PUT} route
[2026-08-20T02:18:31.060Z] [LOG] [NestFactory] Starting Nest application...
[2026-08-20T02:18:31.060Z] [LOG] [InstanceLoader] TypeOrmModule dependencies initialized
[2026-08-20T02:18:31.060Z] [LOG] [InstanceLoader] ConfigHostModule dependencies initialized
[2026-08-20T02:18:31.060Z] [LOG] [InstanceLoader] TokenModule dependencies initialized
[2026-08-20T02:18:31.061Z] [LOG] [InstanceLoader] ConfigModule dependencies initialized
[2026-08-20T02:18:31.061Z] [LOG] [InstanceLoader] RedisModule dependencies initialized
[2026-08-20T02:18:31.061Z] [LOG] [InstanceLoader] ConfigModule dependencies initialized
[2026-08-20T02:18:31.061Z] [LOG] [InstanceLoader] JwtModule dependencies initialized
[2026-08-20T02:18:31.061Z] [LOG] [InstanceLoader] TypeOrmCoreModule dependencies initialized
[2026-08-20T02:18:31.061Z] [LOG] [InstanceLoader] TypeOrmModule dependencies initialized
[2026-08-20T02:18:31.061Z] [LOG] [InstanceLoader] AppModule dependencies initialized
[2026-08-20T02:18:31.061Z] [LOG] [InstanceLoader] TypeOrmModule dependencies initialized
[2026-08-20T02:18:31.061Z] [LOG] [InstanceLoader] TypeOrmModule dependencies initialized
[2026-08-20T02:18:31.061Z] [LOG] [InstanceLoader] SupplierModule dependencies initialized
[2026-08-20T02:18:31.061Z] [LOG] [InstanceLoader] AuthModule dependencies initialized
[2026-08-20T02:18:31.061Z] [LOG] [InstanceLoader] SupplierGroupModule dependencies initialized
[2026-08-20T02:18:31.062Z] [LOG] [RoutesResolver] AppController {/}:
[2026-08-20T02:18:31.061Z] [LOG] [InstanceLoader] UserModule dependencies initialized
[2026-08-20T02:18:31.062Z] [LOG] [RoutesResolver] UserController {/users}:
[2026-08-20T02:18:31.062Z] [LOG] [RouterExplorer] Mapped {/users, POST} route
[2026-08-20T02:18:31.062Z] [LOG] [RouterExplorer] Mapped {/users/:id, GET} route
[2026-08-20T02:18:31.062Z] [LOG] [RouterExplorer] Mapped {/users, GET} route
[2026-08-20T02:18:31.062Z] [LOG] [RouterExplorer] Mapped {/users/:id/status, PUT} route
[2026-08-20T02:18:31.062Z] [LOG] [RoutesResolver] AuthController {/auth}:
[2026-08-20T02:18:31.062Z] [LOG] [RouterExplorer] Mapped {/auth/login, POST} route
[2026-08-20T02:18:31.062Z] [LOG] [RouterExplorer] Mapped {/auth/logout, POST} route
[2026-08-20T02:18:31.062Z] [LOG] [RouterExplorer] Mapped {/auth/refresh, POST} route
[2026-08-20T02:18:31.062Z] [LOG] [RoutesResolver] SupplierController {/suppliers}:
[2026-08-20T02:18:31.062Z] [LOG] [RouterExplorer] Mapped {/, GET} route
[2026-08-20T02:18:31.062Z] [LOG] [RouterExplorer] Mapped {/auth/me, GET} route
[2026-08-20T02:18:31.062Z] [LOG] [RouterExplorer] Mapped {/suppliers, POST} route
[2026-08-20T02:18:31.062Z] [LOG] [RouterExplorer] Mapped {/suppliers/:id, GET} route
[2026-08-20T02:18:31.063Z] [LOG] [RoutesResolver] SupplierGroupController {/supplier-groups}:
[2026-08-20T02:18:31.063Z] [LOG] [RouterExplorer] Mapped {/supplier-groups, GET} route
[2026-08-20T02:18:31.063Z] [LOG] [RouterExplorer] Mapped {/supplier-groups, POST} route
[2026-08-20T02:18:31.063Z] [LOG] [RouterExplorer] Mapped {/supplier-groups/:id, GET} route
[2026-08-20T02:18:31.062Z] [LOG] [RouterExplorer] Mapped {/suppliers, GET} route
[2026-08-20T02:18:31.063Z] [LOG] [RouterExplorer] Mapped {/supplier-groups/:id/status, PUT} route
[2026-08-20T02:18:31.063Z] [LOG] [RouterExplorer] Mapped {/supplier-groups/:id/assign-suppliers, POST} route
[2026-08-20T02:18:31.063Z] [LOG] [NestApplication] Nest application successfully started
[2026-08-20T02:18:31.063Z] [LOG] [RouterExplorer] Mapped {/supplier-groups/:id, PUT} route
[2026-08-20T02:43:20.222Z] [LOG] [NestFactory] Starting Nest application...
[2026-08-20T02:43:20.223Z] [LOG] [InstanceLoader] TypeOrmModule dependencies initialized
[2026-08-20T02:43:20.223Z] [LOG] [InstanceLoader] ConfigHostModule dependencies initialized
[2026-08-20T02:43:20.223Z] [LOG] [InstanceLoader] ConfigModule dependencies initialized
[2026-08-20T02:43:20.223Z] [LOG] [InstanceLoader] ConfigModule dependencies initialized
[2026-08-20T02:43:20.223Z] [LOG] [InstanceLoader] TokenModule dependencies initialized
[2026-08-20T02:43:20.223Z] [LOG] [InstanceLoader] RedisModule dependencies initialized
[2026-08-20T02:43:20.224Z] [LOG] [InstanceLoader] JwtModule dependencies initialized
[2026-08-20T02:43:20.224Z] [LOG] [InstanceLoader] TypeOrmCoreModule dependencies initialized
[2026-08-20T02:43:20.224Z] [LOG] [InstanceLoader] TypeOrmModule dependencies initialized
[2026-08-20T02:43:20.223Z] [LOG] [InstanceLoader] AppModule dependencies initialized
[2026-08-20T02:43:20.224Z] [LOG] [InstanceLoader] TypeOrmModule dependencies initialized
[2026-08-20T02:43:20.224Z] [LOG] [InstanceLoader] AuthModule dependencies initialized
[2026-08-20T02:43:20.224Z] [LOG] [InstanceLoader] TypeOrmModule dependencies initialized
[2026-08-20T02:43:20.224Z] [LOG] [InstanceLoader] SupplierModule dependencies initialized
[2026-08-20T02:43:20.224Z] [LOG] [InstanceLoader] SupplierGroupModule dependencies initialized
[2026-08-20T02:43:20.224Z] [LOG] [InstanceLoader] UserModule dependencies initialized
[2026-08-20T02:43:20.225Z] [LOG] [RouterExplorer] Mapped {/, GET} route
[2026-08-20T02:43:20.225Z] [LOG] [RoutesResolver] UserController {/users}:
[2026-08-20T02:43:20.225Z] [LOG] [RouterExplorer] Mapped {/users, POST} route
[2026-08-20T02:43:20.225Z] [LOG] [RouterExplorer] Mapped {/users, GET} route
[2026-08-20T02:43:20.225Z] [LOG] [RouterExplorer] Mapped {/users/:id, GET} route
[2026-08-20T02:43:20.225Z] [LOG] [RouterExplorer] Mapped {/users/:id/status, PUT} route
[2026-08-20T02:43:20.225Z] [LOG] [RouterExplorer] Mapped {/auth/login, POST} route
[2026-08-20T02:43:20.225Z] [LOG] [RoutesResolver] AppController {/}:
[2026-08-20T02:43:20.225Z] [LOG] [RoutesResolver] AuthController {/auth}:
[2026-08-20T02:43:20.226Z] [LOG] [RouterExplorer] Mapped {/auth/logout, POST} route
[2026-08-20T02:43:20.225Z] [LOG] [RouterExplorer] Mapped {/auth/refresh, POST} route
[2026-08-20T02:43:20.226Z] [LOG] [RouterExplorer] Mapped {/auth/me, GET} route
[2026-08-20T02:43:20.226Z] [LOG] [RoutesResolver] SupplierController {/suppliers}:
[2026-08-20T02:43:20.226Z] [LOG] [RouterExplorer] Mapped {/suppliers, POST} route
[2026-08-20T02:43:20.226Z] [LOG] [RouterExplorer] Mapped {/suppliers/:id, GET} route
[2026-08-20T02:43:20.226Z] [LOG] [RoutesResolver] SupplierGroupController {/supplier-groups}:
[2026-08-20T02:43:20.227Z] [LOG] [RouterExplorer] Mapped {/supplier-groups, GET} route
[2026-08-20T02:43:20.226Z] [LOG] [RouterExplorer] Mapped {/supplier-groups, POST} route
[2026-08-20T02:43:20.227Z] [LOG] [RouterExplorer] Mapped {/supplier-groups/:id, GET} route
[2026-08-20T02:43:20.227Z] [LOG] [RouterExplorer] Mapped {/supplier-groups/:id, PUT} route
[2026-08-20T02:43:20.226Z] [LOG] [RouterExplorer] Mapped {/suppliers, GET} route
[2026-08-20T02:43:20.227Z] [LOG] [RouterExplorer] Mapped {/supplier-groups/:id/assign-suppliers, POST} route
[2026-08-20T02:43:20.227Z] [LOG] [NestApplication] Nest application successfully started
[2026-08-20T02:43:20.227Z] [LOG] [RouterExplorer] Mapped {/supplier-groups/:id/status, PUT} route
[2026-08-20T02:43:22.297Z] [LOG] [NestFactory] Starting Nest application...
[2026-08-20T02:43:22.297Z] [LOG] [InstanceLoader] TypeOrmModule dependencies initialized
[2026-08-20T02:43:22.298Z] [LOG] [InstanceLoader] TokenModule dependencies initialized
[2026-08-20T02:43:22.298Z] [LOG] [InstanceLoader] ConfigHostModule dependencies initialized
[2026-08-20T02:43:22.298Z] [LOG] [InstanceLoader] AppModule dependencies initialized
[2026-08-20T02:43:22.298Z] [LOG] [InstanceLoader] ConfigModule dependencies initialized
[2026-08-20T02:43:22.299Z] [LOG] [InstanceLoader] JwtModule dependencies initialized
[2026-08-20T02:43:22.298Z] [LOG] [InstanceLoader] ConfigModule dependencies initialized
[2026-08-20T02:43:22.299Z] [LOG] [InstanceLoader] TypeOrmCoreModule dependencies initialized
[2026-08-20T02:43:22.299Z] [LOG] [InstanceLoader] RedisModule dependencies initialized
[2026-08-20T02:43:22.299Z] [LOG] [InstanceLoader] TypeOrmModule dependencies initialized
[2026-08-20T02:43:22.299Z] [LOG] [InstanceLoader] AuthModule dependencies initialized
[2026-08-20T02:43:22.299Z] [LOG] [InstanceLoader] TypeOrmModule dependencies initialized
[2026-08-20T02:43:22.300Z] [LOG] [InstanceLoader] SupplierModule dependencies initialized
[2026-08-20T02:43:22.300Z] [LOG] [InstanceLoader] SupplierGroupModule dependencies initialized
[2026-08-20T02:43:22.299Z] [LOG] [InstanceLoader] TypeOrmModule dependencies initialized
[2026-08-20T02:43:22.300Z] [LOG] [RouterExplorer] Mapped {/, GET} route
[2026-08-20T02:43:22.300Z] [LOG] [RoutesResolver] AppController {/}:
[2026-08-20T02:43:22.299Z] [LOG] [InstanceLoader] UserModule dependencies initialized
[2026-08-20T02:43:22.300Z] [LOG] [RouterExplorer] Mapped {/users, GET} route
[2026-08-20T02:43:22.300Z] [LOG] [RoutesResolver] UserController {/users}:
[2026-08-20T02:43:22.300Z] [LOG] [RouterExplorer] Mapped {/users, POST} route
[2026-08-20T02:43:22.300Z] [LOG] [RouterExplorer] Mapped {/users/:id, GET} route
[2026-08-20T02:43:22.301Z] [LOG] [RouterExplorer] Mapped {/auth/login, POST} route
[2026-08-20T02:43:22.300Z] [LOG] [RouterExplorer] Mapped {/users/:id/status, PUT} route
[2026-08-20T02:43:22.301Z] [LOG] [RouterExplorer] Mapped {/auth/logout, POST} route
[2026-08-20T02:43:22.301Z] [LOG] [RoutesResolver] AuthController {/auth}:
[2026-08-20T02:43:22.301Z] [LOG] [RouterExplorer] Mapped {/auth/refresh, POST} route
[2026-08-20T02:43:22.301Z] [LOG] [RouterExplorer] Mapped {/suppliers, POST} route
[2026-08-20T02:43:22.301Z] [LOG] [RoutesResolver] SupplierController {/suppliers}:
[2026-08-20T02:43:22.302Z] [LOG] [RouterExplorer] Mapped {/suppliers/:id, GET} route
[2026-08-20T02:43:22.301Z] [LOG] [RouterExplorer] Mapped {/auth/me, GET} route
[2026-08-20T02:43:22.302Z] [LOG] [RoutesResolver] SupplierGroupController {/supplier-groups}:
[2026-08-20T02:43:22.302Z] [LOG] [RouterExplorer] Mapped {/supplier-groups, POST} route
[2026-08-20T02:43:22.302Z] [LOG] [RouterExplorer] Mapped {/supplier-groups/:id, GET} route
[2026-08-20T02:43:22.302Z] [LOG] [RouterExplorer] Mapped {/supplier-groups/:id, PUT} route
[2026-08-20T02:43:22.301Z] [LOG] [RouterExplorer] Mapped {/suppliers, GET} route
[2026-08-20T02:43:22.302Z] [LOG] [RouterExplorer] Mapped {/supplier-groups, GET} route
[2026-08-20T02:43:22.302Z] [LOG] [RouterExplorer] Mapped {/supplier-groups/:id/assign-suppliers, POST} route
[2026-08-20T02:43:22.302Z] [LOG] [NestApplication] Nest application successfully started
[2026-08-20T02:43:22.302Z] [LOG] [RouterExplorer] Mapped {/supplier-groups/:id/status, PUT} route
[2026-08-20T02:47:02.950Z] [LOG] [NestFactory] Starting Nest application...
[2026-08-20T02:47:02.950Z] [LOG] [InstanceLoader] TypeOrmModule dependencies initialized
[2026-08-20T02:47:02.950Z] [LOG] [InstanceLoader] TokenModule dependencies initialized
[2026-08-20T02:47:02.951Z] [LOG] [InstanceLoader] AppModule dependencies initialized
[2026-08-20T02:47:02.951Z] [LOG] [InstanceLoader] RedisModule dependencies initialized
[2026-08-20T02:47:02.951Z] [LOG] [InstanceLoader] ConfigHostModule dependencies initialized
[2026-08-20T02:47:02.951Z] [LOG] [InstanceLoader] ConfigModule dependencies initialized
[2026-08-20T02:47:02.952Z] [LOG] [InstanceLoader] TypeOrmCoreModule dependencies initialized
[2026-08-20T02:47:02.951Z] [LOG] [InstanceLoader] ConfigModule dependencies initialized
[2026-08-20T02:47:02.952Z] [LOG] [InstanceLoader] TypeOrmModule dependencies initialized
[2026-08-20T02:47:02.952Z] [LOG] [InstanceLoader] TypeOrmModule dependencies initialized
[2026-08-20T02:47:02.952Z] [LOG] [InstanceLoader] JwtModule dependencies initialized
[2026-08-20T02:47:02.952Z] [LOG] [InstanceLoader] AuthModule dependencies initialized
[2026-08-20T02:47:02.952Z] [LOG] [InstanceLoader] TypeOrmModule dependencies initialized
[2026-08-20T02:47:02.952Z] [LOG] [InstanceLoader] SupplierModule dependencies initialized
[2026-08-20T02:47:02.952Z] [LOG] [InstanceLoader] SupplierGroupModule dependencies initialized
[2026-08-20T02:47:02.953Z] [LOG] [RoutesResolver] AppController {/}:
[2026-08-20T02:47:02.953Z] [LOG] [RouterExplorer] Mapped {/, GET} route
[2026-08-20T02:47:02.953Z] [LOG] [RoutesResolver] UserController {/users}:
[2026-08-20T02:47:02.952Z] [LOG] [InstanceLoader] UserModule dependencies initialized
[2026-08-20T02:47:02.953Z] [LOG] [RouterExplorer] Mapped {/users, GET} route
[2026-08-20T02:47:02.953Z] [LOG] [RouterExplorer] Mapped {/users, POST} route
[2026-08-20T02:47:02.953Z] [LOG] [RouterExplorer] Mapped {/users/:id/status, PUT} route
[2026-08-20T02:47:02.953Z] [LOG] [RouterExplorer] Mapped {/auth/login, POST} route
[2026-08-20T02:47:02.953Z] [LOG] [RoutesResolver] AuthController {/auth}:
[2026-08-20T02:47:02.953Z] [LOG] [RouterExplorer] Mapped {/users/:id, GET} route
[2026-08-20T02:47:02.953Z] [LOG] [RouterExplorer] Mapped {/auth/refresh, POST} route
[2026-08-20T02:47:02.953Z] [LOG] [RouterExplorer] Mapped {/auth/me, GET} route
[2026-08-20T02:47:02.953Z] [LOG] [RoutesResolver] SupplierController {/suppliers}:
[2026-08-20T02:47:02.953Z] [LOG] [RouterExplorer] Mapped {/auth/logout, POST} route
[2026-08-20T02:47:02.954Z] [LOG] [RouterExplorer] Mapped {/suppliers, GET} route
[2026-08-20T02:47:02.954Z] [LOG] [RouterExplorer] Mapped {/suppliers/:id, GET} route
[2026-08-20T02:47:02.954Z] [LOG] [RoutesResolver] SupplierGroupController {/supplier-groups}:
[2026-08-20T02:47:02.954Z] [LOG] [RouterExplorer] Mapped {/supplier-groups, GET} route
[2026-08-20T02:47:02.954Z] [LOG] [RouterExplorer] Mapped {/supplier-groups, POST} route
[2026-08-20T02:47:02.954Z] [LOG] [RouterExplorer] Mapped {/supplier-groups/:id, GET} route
[2026-08-20T02:47:02.954Z] [LOG] [RouterExplorer] Mapped {/supplier-groups/:id/status, PUT} route
[2026-08-20T02:47:02.953Z] [LOG] [RouterExplorer] Mapped {/suppliers, POST} route
[2026-08-20T02:47:02.954Z] [LOG] [RouterExplorer] Mapped {/supplier-groups/:id, PUT} route
[2026-08-20T02:47:02.954Z] [LOG] [RouterExplorer] Mapped {/supplier-groups/:id/assign-suppliers, POST} route
[2026-08-20T02:47:02.954Z] [LOG] [NestApplication] Nest application successfully started
[2026-08-20T02:47:21.748Z] [LOG] [NestFactory] Starting Nest application...
[2026-08-20T02:47:21.749Z] [LOG] [InstanceLoader] ConfigHostModule dependencies initialized
[2026-08-20T02:47:21.749Z] [LOG] [InstanceLoader] TypeOrmModule dependencies initialized
[2026-08-20T02:47:21.749Z] [LOG] [InstanceLoader] TokenModule dependencies initialized
[2026-08-20T02:47:21.749Z] [LOG] [InstanceLoader] ConfigModule dependencies initialized
[2026-08-20T02:47:21.750Z] [LOG] [InstanceLoader] RedisModule dependencies initialized
[2026-08-20T02:47:21.749Z] [LOG] [InstanceLoader] ConfigModule dependencies initialized
[2026-08-20T02:47:21.750Z] [LOG] [InstanceLoader] TypeOrmCoreModule dependencies initialized
[2026-08-20T02:47:21.750Z] [LOG] [InstanceLoader] TypeOrmModule dependencies initialized
[2026-08-20T02:47:21.749Z] [LOG] [InstanceLoader] AppModule dependencies initialized
[2026-08-20T02:47:21.750Z] [LOG] [InstanceLoader] TypeOrmModule dependencies initialized
[2026-08-20T02:47:21.750Z] [LOG] [InstanceLoader] JwtModule dependencies initialized
[2026-08-20T02:47:21.750Z] [LOG] [InstanceLoader] AuthModule dependencies initialized
[2026-08-20T02:47:21.750Z] [LOG] [InstanceLoader] SupplierModule dependencies initialized
[2026-08-20T02:47:21.751Z] [LOG] [InstanceLoader] SupplierGroupModule dependencies initialized
[2026-08-20T02:47:21.750Z] [LOG] [InstanceLoader] UserModule dependencies initialized
[2026-08-20T02:47:21.750Z] [LOG] [InstanceLoader] TypeOrmModule dependencies initialized
[2026-08-20T02:47:21.751Z] [LOG] [RouterExplorer] Mapped {/, GET} route
[2026-08-20T02:47:21.751Z] [LOG] [RoutesResolver] UserController {/users}:
[2026-08-20T02:47:21.751Z] [LOG] [RouterExplorer] Mapped {/users, POST} route
[2026-08-20T02:47:21.751Z] [LOG] [RouterExplorer] Mapped {/users/:id, GET} route
[2026-08-20T02:47:21.751Z] [LOG] [RouterExplorer] Mapped {/users, GET} route
[2026-08-20T02:47:21.751Z] [LOG] [RouterExplorer] Mapped {/users/:id/status, PUT} route
[2026-08-20T02:47:21.752Z] [LOG] [RouterExplorer] Mapped {/auth/login, POST} route
[2026-08-20T02:47:21.751Z] [LOG] [RoutesResolver] AppController {/}:
[2026-08-20T02:47:21.752Z] [LOG] [RouterExplorer] Mapped {/auth/refresh, POST} route
[2026-08-20T02:47:21.752Z] [LOG] [RouterExplorer] Mapped {/auth/me, GET} route
[2026-08-20T02:47:21.752Z] [LOG] [RoutesResolver] AuthController {/auth}:
[2026-08-20T02:47:21.752Z] [LOG] [RouterExplorer] Mapped {/auth/logout, POST} route
[2026-08-20T02:47:21.752Z] [LOG] [RoutesResolver] SupplierController {/suppliers}:
[2026-08-20T02:47:21.753Z] [LOG] [RouterExplorer] Mapped {/suppliers/:id, GET} route
[2026-08-20T02:47:21.752Z] [LOG] [RouterExplorer] Mapped {/suppliers, POST} route
[2026-08-20T02:47:21.753Z] [LOG] [RoutesResolver] SupplierGroupController {/supplier-groups}:
[2026-08-20T02:47:21.753Z] [LOG] [RouterExplorer] Mapped {/supplier-groups, GET} route
[2026-08-20T02:47:21.753Z] [LOG] [RouterExplorer] Mapped {/supplier-groups, POST} route
[2026-08-20T02:47:21.753Z] [LOG] [RouterExplorer] Mapped {/supplier-groups/:id, GET} route
[2026-08-20T02:47:21.753Z] [LOG] [RouterExplorer] Mapped {/suppliers, GET} route
[2026-08-20T02:47:21.753Z] [LOG] [RouterExplorer] Mapped {/supplier-groups/:id/status, PUT} route
[2026-08-20T02:47:21.753Z] [LOG] [NestApplication] Nest application successfully started
[2026-08-20T02:47:21.753Z] [LOG] [RouterExplorer] Mapped {/supplier-groups/:id/assign-suppliers, POST} route
[2026-08-20T02:47:21.753Z] [LOG] [RouterExplorer] Mapped {/supplier-groups/:id, PUT} route
[2026-08-20T02:47:34.796Z] [LOG] [NestFactory] Starting Nest application...
[2026-08-20T02:47:34.797Z] [LOG] [InstanceLoader] TypeOrmModule dependencies initialized
[2026-08-20T02:47:34.797Z] [LOG] [InstanceLoader] ConfigHostModule dependencies initialized
[2026-08-20T02:47:34.797Z] [LOG] [InstanceLoader] TokenModule dependencies initialized
[2026-08-20T02:47:34.797Z] [LOG] [InstanceLoader] ConfigModule dependencies initialized
[2026-08-20T02:47:34.797Z] [LOG] [InstanceLoader] AppModule dependencies initialized
[2026-08-20T02:47:34.798Z] [LOG] [InstanceLoader] RedisModule dependencies initialized
[2026-08-20T02:47:34.797Z] [LOG] [InstanceLoader] ConfigModule dependencies initialized
[2026-08-20T02:47:34.798Z] [LOG] [InstanceLoader] TypeOrmCoreModule dependencies initialized
[2026-08-20T02:47:34.798Z] [LOG] [InstanceLoader] TypeOrmModule dependencies initialized
[2026-08-20T02:47:34.798Z] [LOG] [InstanceLoader] TypeOrmModule dependencies initialized
[2026-08-20T02:47:34.798Z] [LOG] [InstanceLoader] JwtModule dependencies initialized
[2026-08-20T02:47:34.798Z] [LOG] [InstanceLoader] AuthModule dependencies initialized
[2026-08-20T02:47:34.798Z] [LOG] [InstanceLoader] SupplierModule dependencies initialized
[2026-08-20T02:47:34.798Z] [LOG] [InstanceLoader] TypeOrmModule dependencies initialized
[2026-08-20T02:47:34.798Z] [LOG] [InstanceLoader] SupplierGroupModule dependencies initialized
[2026-08-20T02:47:34.799Z] [LOG] [RouterExplorer] Mapped {/, GET} route
[2026-08-20T02:47:34.798Z] [LOG] [InstanceLoader] UserModule dependencies initialized
[2026-08-20T02:47:34.799Z] [LOG] [RouterExplorer] Mapped {/users, POST} route
[2026-08-20T02:47:34.799Z] [LOG] [RouterExplorer] Mapped {/users/:id, GET} route
[2026-08-20T02:47:34.799Z] [LOG] [RouterExplorer] Mapped {/users, GET} route
[2026-08-20T02:47:34.799Z] [LOG] [RouterExplorer] Mapped {/users/:id/status, PUT} route
[2026-08-20T02:47:34.799Z] [LOG] [RouterExplorer] Mapped {/auth/login, POST} route
[2026-08-20T02:47:34.798Z] [LOG] [RoutesResolver] AppController {/}:
[2026-08-20T02:47:34.799Z] [LOG] [RouterExplorer] Mapped {/auth/refresh, POST} route
[2026-08-20T02:47:34.799Z] [LOG] [RouterExplorer] Mapped {/auth/me, GET} route
[2026-08-20T02:47:34.800Z] [LOG] [RoutesResolver] SupplierController {/suppliers}:
[2026-08-20T02:47:34.799Z] [LOG] [RouterExplorer] Mapped {/auth/logout, POST} route
[2026-08-20T02:47:34.800Z] [LOG] [RouterExplorer] Mapped {/suppliers, GET} route
[2026-08-20T02:47:34.800Z] [LOG] [RouterExplorer] Mapped {/suppliers/:id, GET} route
[2026-08-20T02:47:34.799Z] [LOG] [RoutesResolver] AuthController {/auth}:
[2026-08-20T02:47:34.800Z] [LOG] [RoutesResolver] SupplierGroupController {/supplier-groups}:
[2026-08-20T02:47:34.799Z] [LOG] [RoutesResolver] UserController {/users}:
[2026-08-20T02:47:34.800Z] [LOG] [RouterExplorer] Mapped {/suppliers, POST} route
[2026-08-20T02:47:34.800Z] [LOG] [RouterExplorer] Mapped {/supplier-groups, GET} route
[2026-08-20T02:47:34.800Z] [LOG] [RouterExplorer] Mapped {/supplier-groups/:id, GET} route
[2026-08-20T02:47:34.800Z] [LOG] [RouterExplorer] Mapped {/supplier-groups/:id/status, PUT} route
[2026-08-20T02:47:34.800Z] [LOG] [RouterExplorer] Mapped {/supplier-groups/:id, PUT} route
[2026-08-20T02:47:34.800Z] [LOG] [RouterExplorer] Mapped {/supplier-groups/:id/assign-suppliers, POST} route
[2026-08-20T02:47:34.800Z] [LOG] [RouterExplorer] Mapped {/supplier-groups, POST} route
[2026-08-20T02:47:34.801Z] [LOG] [NestApplication] Nest application successfully started
[2026-08-20T02:47:42.167Z] [LOG] [NestFactory] Starting Nest application...
[2026-08-20T02:47:42.168Z] [LOG] [InstanceLoader] TypeOrmModule dependencies initialized
[2026-08-20T02:47:42.168Z] [LOG] [InstanceLoader] ConfigHostModule dependencies initialized
[2026-08-20T02:47:42.168Z] [LOG] [InstanceLoader] TokenModule dependencies initialized
[2026-08-20T02:47:42.169Z] [LOG] [InstanceLoader] ConfigModule dependencies initialized
[2026-08-20T02:47:42.169Z] [LOG] [InstanceLoader] ConfigModule dependencies initialized
[2026-08-20T02:47:42.169Z] [LOG] [InstanceLoader] JwtModule dependencies initialized
[2026-08-20T02:47:42.169Z] [LOG] [InstanceLoader] RedisModule dependencies initialized
[2026-08-20T02:47:42.169Z] [LOG] [InstanceLoader] TypeOrmCoreModule dependencies initialized
[2026-08-20T02:47:42.169Z] [LOG] [InstanceLoader] TypeOrmModule dependencies initialized
[2026-08-20T02:47:42.168Z] [LOG] [InstanceLoader] AppModule dependencies initialized
[2026-08-20T02:47:42.170Z] [LOG] [InstanceLoader] TypeOrmModule dependencies initialized
[2026-08-20T02:47:42.170Z] [LOG] [InstanceLoader] TypeOrmModule dependencies initialized
[2026-08-20T02:47:42.170Z] [LOG] [InstanceLoader] SupplierModule dependencies initialized
[2026-08-20T02:47:42.170Z] [LOG] [InstanceLoader] UserModule dependencies initialized
[2026-08-20T02:47:42.170Z] [LOG] [InstanceLoader] SupplierGroupModule dependencies initialized
[2026-08-20T02:47:42.170Z] [LOG] [InstanceLoader] AuthModule dependencies initialized
[2026-08-20T02:47:42.170Z] [LOG] [RoutesResolver] AppController {/}:
[2026-08-20T02:47:42.170Z] [LOG] [RouterExplorer] Mapped {/, GET} route
[2026-08-20T02:47:42.171Z] [LOG] [RouterExplorer] Mapped {/users, POST} route
[2026-08-20T02:47:42.171Z] [LOG] [RouterExplorer] Mapped {/users, GET} route
[2026-08-20T02:47:42.171Z] [LOG] [RouterExplorer] Mapped {/users/:id, GET} route
[2026-08-20T02:47:42.171Z] [LOG] [RouterExplorer] Mapped {/users/:id/status, PUT} route
[2026-08-20T02:47:42.171Z] [LOG] [RoutesResolver] AuthController {/auth}:
[2026-08-20T02:47:42.171Z] [LOG] [RouterExplorer] Mapped {/auth/login, POST} route
[2026-08-20T02:47:42.171Z] [LOG] [RouterExplorer] Mapped {/auth/refresh, POST} route
[2026-08-20T02:47:42.171Z] [LOG] [RoutesResolver] UserController {/users}:
[2026-08-20T02:47:42.171Z] [LOG] [RouterExplorer] Mapped {/auth/me, GET} route
[2026-08-20T02:47:42.171Z] [LOG] [RouterExplorer] Mapped {/auth/logout, POST} route
[2026-08-20T02:47:42.172Z] [LOG] [RouterExplorer] Mapped {/suppliers, GET} route
[2026-08-20T02:47:42.172Z] [LOG] [RoutesResolver] SupplierController {/suppliers}:
[2026-08-20T02:47:42.172Z] [LOG] [RouterExplorer] Mapped {/suppliers/:id, GET} route
[2026-08-20T02:47:42.172Z] [LOG] [RoutesResolver] SupplierGroupController {/supplier-groups}:
[2026-08-20T02:47:42.172Z] [LOG] [RouterExplorer] Mapped {/supplier-groups, GET} route
[2026-08-20T02:47:42.172Z] [LOG] [RouterExplorer] Mapped {/supplier-groups, POST} route
[2026-08-20T02:47:42.172Z] [LOG] [RouterExplorer] Mapped {/supplier-groups/:id, GET} route
[2026-08-20T02:47:42.172Z] [LOG] [RouterExplorer] Mapped {/supplier-groups/:id, PUT} route
[2026-08-20T02:47:42.173Z] [LOG] [RouterExplorer] Mapped {/supplier-groups/:id/assign-suppliers, POST} route
[2026-08-20T02:47:42.172Z] [LOG] [RouterExplorer] Mapped {/suppliers, POST} route
[2026-08-20T02:47:42.173Z] [LOG] [NestApplication] Nest application successfully started
[2026-08-20T02:47:42.172Z] [LOG] [RouterExplorer] Mapped {/supplier-groups/:id/status, PUT} route
[2026-08-20T02:47:57.059Z] [LOG] [NestFactory] Starting Nest application...
[2026-08-20T02:47:57.059Z] [LOG] [InstanceLoader] TypeOrmModule dependencies initialized
[2026-08-20T02:47:57.059Z] [LOG] [InstanceLoader] TokenModule dependencies initialized
[2026-08-20T02:47:57.059Z] [LOG] [InstanceLoader] AppModule dependencies initialized
[2026-08-20T02:47:57.059Z] [LOG] [InstanceLoader] ConfigHostModule dependencies initialized
[2026-08-20T02:47:57.060Z] [LOG] [InstanceLoader] ConfigModule dependencies initialized
[2026-08-20T02:47:57.060Z] [LOG] [InstanceLoader] RedisModule dependencies initialized
[2026-08-20T02:47:57.060Z] [LOG] [InstanceLoader] ConfigModule dependencies initialized
[2026-08-20T02:47:57.060Z] [LOG] [InstanceLoader] TypeOrmCoreModule dependencies initialized
[2026-08-20T02:47:57.060Z] [LOG] [InstanceLoader] TypeOrmModule dependencies initialized
[2026-08-20T02:47:57.060Z] [LOG] [InstanceLoader] TypeOrmModule dependencies initialized
[2026-08-20T02:47:57.060Z] [LOG] [InstanceLoader] TypeOrmModule dependencies initialized
[2026-08-20T02:47:57.060Z] [LOG] [InstanceLoader] UserModule dependencies initialized
[2026-08-20T02:47:57.060Z] [LOG] [InstanceLoader] JwtModule dependencies initialized
[2026-08-20T02:47:57.060Z] [LOG] [InstanceLoader] AuthModule dependencies initialized
[2026-08-20T02:47:57.061Z] [LOG] [InstanceLoader] SupplierModule dependencies initialized
[2026-08-20T02:47:57.061Z] [LOG] [InstanceLoader] SupplierGroupModule dependencies initialized
[2026-08-20T02:47:57.061Z] [LOG] [RoutesResolver] AppController {/}:
[2026-08-20T02:47:57.061Z] [LOG] [RouterExplorer] Mapped {/, GET} route
[2026-08-20T02:47:57.061Z] [LOG] [RouterExplorer] Mapped {/users, GET} route
[2026-08-20T02:47:57.061Z] [LOG] [RoutesResolver] UserController {/users}:
[2026-08-20T02:47:57.061Z] [LOG] [RouterExplorer] Mapped {/users/:id, GET} route
[2026-08-20T02:47:57.061Z] [LOG] [RouterExplorer] Mapped {/users/:id/status, PUT} route
[2026-08-20T02:47:57.061Z] [LOG] [RouterExplorer] Mapped {/users, POST} route
[2026-08-20T02:47:57.061Z] [LOG] [RouterExplorer] Mapped {/auth/login, POST} route
[2026-08-20T02:47:57.062Z] [LOG] [RouterExplorer] Mapped {/auth/refresh, POST} route
[2026-08-20T02:47:57.062Z] [LOG] [RouterExplorer] Mapped {/auth/me, GET} route
[2026-08-20T02:47:57.062Z] [LOG] [RouterExplorer] Mapped {/auth/logout, POST} route
[2026-08-20T02:47:57.062Z] [LOG] [RoutesResolver] SupplierController {/suppliers}:
[2026-08-20T02:47:57.061Z] [LOG] [RoutesResolver] AuthController {/auth}:
[2026-08-20T02:47:57.062Z] [LOG] [RouterExplorer] Mapped {/suppliers, POST} route
[2026-08-20T02:47:57.062Z] [LOG] [RouterExplorer] Mapped {/suppliers/:id, GET} route
[2026-08-20T02:47:57.062Z] [LOG] [RoutesResolver] SupplierGroupController {/supplier-groups}:
[2026-08-20T02:47:57.062Z] [LOG] [RouterExplorer] Mapped {/supplier-groups, GET} route
[2026-08-20T02:47:57.062Z] [LOG] [RouterExplorer] Mapped {/suppliers, GET} route
[2026-08-20T02:47:57.062Z] [LOG] [RouterExplorer] Mapped {/supplier-groups, POST} route
[2026-08-20T02:47:57.063Z] [LOG] [RouterExplorer] Mapped {/supplier-groups/:id, PUT} route
[2026-08-20T02:47:57.063Z] [LOG] [RouterExplorer] Mapped {/supplier-groups/:id/status, PUT} route
[2026-08-20T02:47:57.063Z] [LOG] [RouterExplorer] Mapped {/supplier-groups/:id/assign-suppliers, POST} route
[2026-08-20T02:47:57.063Z] [LOG] [NestApplication] Nest application successfully started
[2026-08-20T02:47:57.062Z] [LOG] [RouterExplorer] Mapped {/supplier-groups/:id, GET} route
[2026-08-20T02:48:17.055Z] [LOG] [NestFactory] Starting Nest application...
[2026-08-20T02:48:17.056Z] [LOG] [InstanceLoader] ConfigHostModule dependencies initialized
[2026-08-20T02:48:17.056Z] [LOG] [InstanceLoader] TypeOrmModule dependencies initialized
[2026-08-20T02:48:17.056Z] [LOG] [InstanceLoader] AppModule dependencies initialized
[2026-08-20T02:48:17.056Z] [LOG] [InstanceLoader] RedisModule dependencies initialized
[2026-08-20T02:48:17.056Z] [LOG] [InstanceLoader] ConfigModule dependencies initialized
[2026-08-20T02:48:17.056Z] [LOG] [InstanceLoader] ConfigModule dependencies initialized
[2026-08-20T02:48:17.057Z] [LOG] [InstanceLoader] JwtModule dependencies initialized
[2026-08-20T02:48:17.057Z] [LOG] [InstanceLoader] TypeOrmCoreModule dependencies initialized
[2026-08-20T02:48:17.056Z] [LOG] [InstanceLoader] TokenModule dependencies initialized
[2026-08-20T02:48:17.057Z] [LOG] [InstanceLoader] TypeOrmModule dependencies initialized
[2026-08-20T02:48:17.057Z] [LOG] [InstanceLoader] AuthModule dependencies initialized
[2026-08-20T02:48:17.057Z] [LOG] [InstanceLoader] TypeOrmModule dependencies initialized
[2026-08-20T02:48:17.057Z] [LOG] [InstanceLoader] UserModule dependencies initialized
[2026-08-20T02:48:17.057Z] [LOG] [InstanceLoader] SupplierModule dependencies initialized
[2026-08-20T02:48:17.057Z] [LOG] [InstanceLoader] SupplierGroupModule dependencies initialized
[2026-08-20T02:48:17.058Z] [LOG] [RoutesResolver] AppController {/}:
[2026-08-20T02:48:17.058Z] [LOG] [RouterExplorer] Mapped {/, GET} route
[2026-08-20T02:48:17.058Z] [LOG] [RoutesResolver] UserController {/users}:
[2026-08-20T02:48:17.057Z] [LOG] [InstanceLoader] TypeOrmModule dependencies initialized
[2026-08-20T02:48:17.058Z] [LOG] [RouterExplorer] Mapped {/users/:id, GET} route
[2026-08-20T02:48:17.058Z] [LOG] [RouterExplorer] Mapped {/users/:id/status, PUT} route
[2026-08-20T02:48:17.058Z] [LOG] [RouterExplorer] Mapped {/users, GET} route
[2026-08-20T02:48:17.058Z] [LOG] [RouterExplorer] Mapped {/users, POST} route
[2026-08-20T02:48:17.058Z] [LOG] [RouterExplorer] Mapped {/auth/login, POST} route
[2026-08-20T02:48:17.058Z] [LOG] [RouterExplorer] Mapped {/auth/refresh, POST} route
[2026-08-20T02:48:17.059Z] [LOG] [RouterExplorer] Mapped {/auth/logout, POST} route
[2026-08-20T02:48:17.059Z] [LOG] [RoutesResolver] SupplierController {/suppliers}:
[2026-08-20T02:48:17.059Z] [LOG] [RouterExplorer] Mapped {/auth/me, GET} route
[2026-08-20T02:48:17.059Z] [LOG] [RouterExplorer] Mapped {/suppliers, POST} route
[2026-08-20T02:48:17.058Z] [LOG] [RoutesResolver] AuthController {/auth}:
[2026-08-20T02:48:17.059Z] [LOG] [RouterExplorer] Mapped {/suppliers/:id, GET} route
[2026-08-20T02:48:17.059Z] [LOG] [RoutesResolver] SupplierGroupController {/supplier-groups}:
[2026-08-20T02:48:17.059Z] [LOG] [RouterExplorer] Mapped {/supplier-groups, POST} route
[2026-08-20T02:48:17.059Z] [LOG] [RouterExplorer] Mapped {/supplier-groups/:id, GET} route
[2026-08-20T02:48:17.059Z] [LOG] [RouterExplorer] Mapped {/suppliers, GET} route
[2026-08-20T02:48:17.059Z] [LOG] [RouterExplorer] Mapped {/supplier-groups, GET} route
[2026-08-20T02:48:17.060Z] [LOG] [RouterExplorer] Mapped {/supplier-groups/:id/status, PUT} route
[2026-08-20T02:48:17.060Z] [LOG] [RouterExplorer] Mapped {/supplier-groups/:id/assign-suppliers, POST} route
[2026-08-20T02:48:17.060Z] [LOG] [NestApplication] Nest application successfully started
[2026-08-20T02:48:17.059Z] [LOG] [RouterExplorer] Mapped {/supplier-groups/:id, PUT} route
[2026-08-20T02:48:34.294Z] [LOG] [NestFactory] Starting Nest application...
[2026-08-20T02:48:34.294Z] [LOG] [InstanceLoader] TypeOrmModule dependencies initialized
[2026-08-20T02:48:34.294Z] [LOG] [InstanceLoader] TokenModule dependencies initialized
[2026-08-20T02:48:34.294Z] [LOG] [InstanceLoader] ConfigHostModule dependencies initialized
[2026-08-20T02:48:34.295Z] [LOG] [InstanceLoader] ConfigModule dependencies initialized
[2026-08-20T02:48:34.295Z] [LOG] [InstanceLoader] AppModule dependencies initialized
[2026-08-20T02:48:34.295Z] [LOG] [InstanceLoader] ConfigModule dependencies initialized
[2026-08-20T02:48:34.295Z] [LOG] [InstanceLoader] RedisModule dependencies initialized
[2026-08-20T02:48:34.295Z] [LOG] [InstanceLoader] JwtModule dependencies initialized
[2026-08-20T02:48:34.295Z] [LOG] [InstanceLoader] TypeOrmCoreModule dependencies initialized
[2026-08-20T02:48:34.295Z] [LOG] [InstanceLoader] TypeOrmModule dependencies initialized
[2026-08-20T02:48:34.295Z] [LOG] [InstanceLoader] TypeOrmModule dependencies initialized
[2026-08-20T02:48:34.296Z] [LOG] [InstanceLoader] TypeOrmModule dependencies initialized
[2026-08-20T02:48:34.296Z] [LOG] [InstanceLoader] AuthModule dependencies initialized
[2026-08-20T02:48:34.296Z] [LOG] [InstanceLoader] UserModule dependencies initialized
[2026-08-20T02:48:34.296Z] [LOG] [InstanceLoader] SupplierModule dependencies initialized
[2026-08-20T02:48:34.296Z] [LOG] [InstanceLoader] SupplierGroupModule dependencies initialized
[2026-08-20T02:48:34.296Z] [LOG] [RoutesResolver] AppController {/}:
[2026-08-20T02:48:34.296Z] [LOG] [RouterExplorer] Mapped {/, GET} route
[2026-08-20T02:48:34.296Z] [LOG] [RoutesResolver] UserController {/users}:
[2026-08-20T02:48:34.296Z] [LOG] [RouterExplorer] Mapped {/users, POST} route
[2026-08-20T02:48:34.296Z] [LOG] [RouterExplorer] Mapped {/users/:id/status, PUT} route
[2026-08-20T02:48:34.296Z] [LOG] [RouterExplorer] Mapped {/users, GET} route
[2026-08-20T02:48:34.296Z] [LOG] [RouterExplorer] Mapped {/users/:id, GET} route
[2026-08-20T02:48:34.297Z] [LOG] [RouterExplorer] Mapped {/auth/refresh, POST} route
[2026-08-20T02:48:34.297Z] [LOG] [RouterExplorer] Mapped {/auth/login, POST} route
[2026-08-20T02:48:34.297Z] [LOG] [RouterExplorer] Mapped {/auth/logout, POST} route
[2026-08-20T02:48:34.297Z] [LOG] [RoutesResolver] AuthController {/auth}:
[2026-08-20T02:48:34.297Z] [LOG] [RouterExplorer] Mapped {/auth/me, GET} route
[2026-08-20T02:48:34.297Z] [LOG] [RoutesResolver] SupplierController {/suppliers}:
[2026-08-20T02:48:34.297Z] [LOG] [RouterExplorer] Mapped {/suppliers, POST} route
[2026-08-20T02:48:34.297Z] [LOG] [RouterExplorer] Mapped {/suppliers, GET} route
[2026-08-20T02:48:34.298Z] [LOG] [RouterExplorer] Mapped {/suppliers/:id, GET} route
[2026-08-20T02:48:34.298Z] [LOG] [RoutesResolver] SupplierGroupController {/supplier-groups}:
[2026-08-20T02:48:34.298Z] [LOG] [RouterExplorer] Mapped {/supplier-groups, POST} route
[2026-08-20T02:48:34.298Z] [LOG] [RouterExplorer] Mapped {/supplier-groups/:id, GET} route
[2026-08-20T02:48:34.298Z] [LOG] [RouterExplorer] Mapped {/supplier-groups/:id/status, PUT} route
[2026-08-20T02:48:34.298Z] [LOG] [RouterExplorer] Mapped {/supplier-groups, GET} route
[2026-08-20T02:48:34.298Z] [LOG] [RouterExplorer] Mapped {/supplier-groups/:id, PUT} route
[2026-08-20T02:48:34.298Z] [LOG] [RouterExplorer] Mapped {/supplier-groups/:id/assign-suppliers, POST} route
[2026-08-20T02:48:34.298Z] [LOG] [NestApplication] Nest application successfully started
[2026-08-20T02:55:26.866Z] [LOG] [NestFactory] Starting Nest application...
[2026-08-20T02:55:26.867Z] [LOG] [InstanceLoader] TypeOrmModule dependencies initialized
[2026-08-20T02:55:26.867Z] [LOG] [InstanceLoader] TokenModule dependencies initialized
[2026-08-20T02:55:26.867Z] [LOG] [InstanceLoader] AppModule dependencies initialized
[2026-08-20T02:55:26.867Z] [LOG] [InstanceLoader] ConfigHostModule dependencies initialized
[2026-08-20T02:55:26.867Z] [LOG] [InstanceLoader] RedisModule dependencies initialized
[2026-08-20T02:55:26.867Z] [LOG] [InstanceLoader] ConfigModule dependencies initialized
[2026-08-20T02:55:26.868Z] [LOG] [InstanceLoader] TypeOrmCoreModule dependencies initialized
[2026-08-20T02:55:26.868Z] [LOG] [InstanceLoader] TypeOrmModule dependencies initialized
[2026-08-20T02:55:26.868Z] [LOG] [InstanceLoader] TypeOrmModule dependencies initialized
[2026-08-20T02:55:26.868Z] [LOG] [InstanceLoader] JwtModule dependencies initialized
[2026-08-20T02:55:26.867Z] [LOG] [InstanceLoader] ConfigModule dependencies initialized
[2026-08-20T02:55:26.868Z] [LOG] [InstanceLoader] TypeOrmModule dependencies initialized
[2026-08-20T02:55:26.868Z] [LOG] [InstanceLoader] UserModule dependencies initialized
[2026-08-20T02:55:26.868Z] [LOG] [InstanceLoader] SupplierModule dependencies initialized
[2026-08-20T02:55:26.868Z] [LOG] [InstanceLoader] SupplierGroupModule dependencies initialized
[2026-08-20T02:55:26.868Z] [LOG] [RouterExplorer] Mapped {/, GET} route
[2026-08-20T02:55:26.868Z] [LOG] [InstanceLoader] AuthModule dependencies initialized
[2026-08-20T02:55:26.868Z] [LOG] [RoutesResolver] AppController {/}:
[2026-08-20T02:55:26.869Z] [LOG] [RouterExplorer] Mapped {/users, POST} route
[2026-08-20T02:55:26.868Z] [LOG] [RoutesResolver] UserController {/users}:
[2026-08-20T02:55:26.869Z] [LOG] [RouterExplorer] Mapped {/users, GET} route
[2026-08-20T02:55:26.869Z] [LOG] [RouterExplorer] Mapped {/users/:id, GET} route
[2026-08-20T02:55:26.869Z] [LOG] [RouterExplorer] Mapped {/auth/login, POST} route
[2026-08-20T02:55:26.869Z] [LOG] [RouterExplorer] Mapped {/users/:id/status, PUT} route
[2026-08-20T02:55:26.869Z] [LOG] [RouterExplorer] Mapped {/auth/logout, POST} route
[2026-08-20T02:55:26.869Z] [LOG] [RouterExplorer] Mapped {/auth/refresh, POST} route
[2026-08-20T02:55:26.869Z] [LOG] [RoutesResolver] SupplierController {/suppliers}:
[2026-08-20T02:55:26.869Z] [LOG] [RoutesResolver] AuthController {/auth}:
[2026-08-20T02:55:26.869Z] [LOG] [RouterExplorer] Mapped {/auth/me, GET} route
[2026-08-20T02:55:26.869Z] [LOG] [RouterExplorer] Mapped {/suppliers, POST} route
[2026-08-20T02:55:26.869Z] [LOG] [RoutesResolver] SupplierGroupController {/supplier-groups}:
[2026-08-20T02:55:26.869Z] [LOG] [RouterExplorer] Mapped {/suppliers, GET} route
[2026-08-20T02:55:26.869Z] [LOG] [RouterExplorer] Mapped {/suppliers/:id, GET} route
[2026-08-20T02:55:26.870Z] [LOG] [RouterExplorer] Mapped {/supplier-groups, GET} route
[2026-08-20T02:55:26.870Z] [LOG] [RouterExplorer] Mapped {/supplier-groups/:id, PUT} route
[2026-08-20T02:55:26.869Z] [LOG] [RouterExplorer] Mapped {/supplier-groups, POST} route
[2026-08-20T02:55:26.870Z] [LOG] [RouterExplorer] Mapped {/supplier-groups/:id, GET} route
[2026-08-20T02:55:26.870Z] [LOG] [RouterExplorer] Mapped {/supplier-groups/:id/assign-suppliers, POST} route
[2026-08-20T02:55:26.870Z] [LOG] [NestApplication] Nest application successfully started
[2026-08-20T02:55:26.870Z] [LOG] [RouterExplorer] Mapped {/supplier-groups/:id/status, PUT} route
[2026-08-20T02:57:36.206Z] [LOG] [NestFactory] Starting Nest application...
[2026-08-20T02:57:36.206Z] [LOG] [InstanceLoader] TypeOrmModule dependencies initialized
[2026-08-20T02:57:36.206Z] [LOG] [InstanceLoader] TokenModule dependencies initialized
[2026-08-20T02:57:36.207Z] [LOG] [InstanceLoader] AppModule dependencies initialized
[2026-08-20T02:57:36.207Z] [LOG] [InstanceLoader] RedisModule dependencies initialized
[2026-08-20T02:57:36.206Z] [LOG] [InstanceLoader] ConfigHostModule dependencies initialized
[2026-08-20T02:57:36.207Z] [LOG] [InstanceLoader] ConfigModule dependencies initialized
[2026-08-20T02:57:36.207Z] [LOG] [InstanceLoader] TypeOrmCoreModule dependencies initialized
[2026-08-20T02:57:36.207Z] [LOG] [InstanceLoader] ConfigModule dependencies initialized
[2026-08-20T02:57:36.208Z] [LOG] [InstanceLoader] TypeOrmModule dependencies initialized
[2026-08-20T02:57:36.208Z] [LOG] [InstanceLoader] TypeOrmModule dependencies initialized
[2026-08-20T02:57:36.207Z] [LOG] [InstanceLoader] JwtModule dependencies initialized
[2026-08-20T02:57:36.208Z] [LOG] [InstanceLoader] AuthModule dependencies initialized
[2026-08-20T02:57:36.208Z] [LOG] [InstanceLoader] TypeOrmModule dependencies initialized
[2026-08-20T02:57:36.208Z] [LOG] [InstanceLoader] SupplierGroupModule dependencies initialized
[2026-08-20T02:57:36.208Z] [LOG] [InstanceLoader] SupplierModule dependencies initialized
[2026-08-20T02:57:36.208Z] [LOG] [RoutesResolver] AppController {/}:
[2026-08-20T02:57:36.208Z] [LOG] [RouterExplorer] Mapped {/, GET} route
[2026-08-20T02:57:36.208Z] [LOG] [InstanceLoader] UserModule dependencies initialized
[2026-08-20T02:57:36.208Z] [LOG] [RoutesResolver] UserController {/users}:
[2026-08-20T02:57:36.208Z] [LOG] [RouterExplorer] Mapped {/users, POST} route
[2026-08-20T02:57:36.208Z] [LOG] [RouterExplorer] Mapped {/users/:id, GET} route
[2026-08-20T02:57:36.209Z] [LOG] [RoutesResolver] AuthController {/auth}:
[2026-08-20T02:57:36.209Z] [LOG] [RouterExplorer] Mapped {/users/:id/status, PUT} route
[2026-08-20T02:57:36.209Z] [LOG] [RouterExplorer] Mapped {/auth/login, POST} route
[2026-08-20T02:57:36.209Z] [LOG] [RouterExplorer] Mapped {/auth/refresh, POST} route
[2026-08-20T02:57:36.208Z] [LOG] [RouterExplorer] Mapped {/users, GET} route
[2026-08-20T02:57:36.209Z] [LOG] [RouterExplorer] Mapped {/auth/logout, POST} route
[2026-08-20T02:57:36.209Z] [LOG] [RouterExplorer] Mapped {/suppliers, POST} route
[2026-08-20T02:57:36.209Z] [LOG] [RoutesResolver] SupplierController {/suppliers}:
[2026-08-20T02:57:36.209Z] [LOG] [RouterExplorer] Mapped {/suppliers/:id, GET} route
[2026-08-20T02:57:36.209Z] [LOG] [RoutesResolver] SupplierGroupController {/supplier-groups}:
[2026-08-20T02:57:36.209Z] [LOG] [RouterExplorer] Mapped {/auth/me, GET} route
[2026-08-20T02:57:36.209Z] [LOG] [RouterExplorer] Mapped {/suppliers, GET} route
[2026-08-20T02:57:36.209Z] [LOG] [RouterExplorer] Mapped {/supplier-groups, GET} route
[2026-08-20T02:57:36.209Z] [LOG] [RouterExplorer] Mapped {/supplier-groups/:id, GET} route
[2026-08-20T02:57:36.209Z] [LOG] [RouterExplorer] Mapped {/supplier-groups/:id/status, PUT} route
[2026-08-20T02:57:36.209Z] [LOG] [RouterExplorer] Mapped {/supplier-groups, POST} route
[2026-08-20T02:57:36.209Z] [LOG] [RouterExplorer] Mapped {/supplier-groups/:id, PUT} route
[2026-08-20T02:57:36.209Z] [LOG] [RouterExplorer] Mapped {/supplier-groups/:id/assign-suppliers, POST} route
[2026-08-20T02:57:36.210Z] [LOG] [NestApplication] Nest application successfully started
[2026-08-20T03:03:36.157Z] [LOG] [NestFactory] Starting Nest application...
[2026-08-20T03:03:36.157Z] [LOG] [InstanceLoader] TokenModule dependencies initialized
[2026-08-20T03:03:36.157Z] [LOG] [InstanceLoader] TypeOrmModule dependencies initialized
[2026-08-20T03:03:36.157Z] [LOG] [InstanceLoader] ConfigHostModule dependencies initialized
[2026-08-20T03:03:36.157Z] [LOG] [InstanceLoader] AppModule dependencies initialized
[2026-08-20T03:03:36.157Z] [LOG] [InstanceLoader] ConfigModule dependencies initialized
[2026-08-20T03:03:36.157Z] [LOG] [InstanceLoader] ConfigModule dependencies initialized
[2026-08-20T03:03:36.158Z] [LOG] [InstanceLoader] TypeOrmCoreModule dependencies initialized
[2026-08-20T03:03:36.158Z] [LOG] [InstanceLoader] RedisModule dependencies initialized
[2026-08-20T03:03:36.158Z] [LOG] [InstanceLoader] TypeOrmModule dependencies initialized
[2026-08-20T03:03:36.158Z] [LOG] [InstanceLoader] TypeOrmModule dependencies initialized
[2026-08-20T03:03:36.158Z] [LOG] [InstanceLoader] TypeOrmModule dependencies initialized
[2026-08-20T03:03:36.158Z] [LOG] [InstanceLoader] AuthModule dependencies initialized
[2026-08-20T03:03:36.158Z] [LOG] [InstanceLoader] JwtModule dependencies initialized
[2026-08-20T03:03:36.158Z] [LOG] [InstanceLoader] SupplierModule dependencies initialized
[2026-08-20T03:03:36.158Z] [LOG] [InstanceLoader] UserModule dependencies initialized
[2026-08-20T03:03:36.158Z] [LOG] [InstanceLoader] SupplierGroupModule dependencies initialized
[2026-08-20T03:03:36.158Z] [LOG] [RoutesResolver] UserController {/users}:
[2026-08-20T03:03:36.158Z] [LOG] [RouterExplorer] Mapped {/, GET} route
[2026-08-20T03:03:36.158Z] [LOG] [RouterExplorer] Mapped {/users, POST} route
[2026-08-20T03:03:36.158Z] [LOG] [RoutesResolver] AppController {/}:
[2026-08-20T03:03:36.158Z] [LOG] [RouterExplorer] Mapped {/users/:id, GET} route
[2026-08-20T03:03:36.158Z] [LOG] [RouterExplorer] Mapped {/users/:id/status, PUT} route
[2026-08-20T03:03:36.158Z] [LOG] [RouterExplorer] Mapped {/auth/login, POST} route
[2026-08-20T03:03:36.158Z] [LOG] [RouterExplorer] Mapped {/users, GET} route
[2026-08-20T03:03:36.159Z] [LOG] [RouterExplorer] Mapped {/auth/refresh, POST} route
[2026-08-20T03:03:36.159Z] [LOG] [RouterExplorer] Mapped {/auth/logout, POST} route
[2026-08-20T03:03:36.158Z] [LOG] [RoutesResolver] AuthController {/auth}:
[2026-08-20T03:03:36.159Z] [LOG] [RouterExplorer] Mapped {/auth/me, GET} route
[2026-08-20T03:03:36.159Z] [LOG] [RouterExplorer] Mapped {/suppliers, POST} route
[2026-08-20T03:03:36.159Z] [LOG] [RoutesResolver] SupplierController {/suppliers}:
[2026-08-20T03:03:36.159Z] [LOG] [RouterExplorer] Mapped {/suppliers/:id, GET} route
[2026-08-20T03:03:36.159Z] [LOG] [RoutesResolver] SupplierGroupController {/supplier-groups}:
[2026-08-20T03:03:36.159Z] [LOG] [RouterExplorer] Mapped {/supplier-groups, GET} route
[2026-08-20T03:03:36.159Z] [LOG] [RouterExplorer] Mapped {/supplier-groups, POST} route
[2026-08-20T03:03:36.160Z] [LOG] [RouterExplorer] Mapped {/supplier-groups/:id, GET} route
[2026-08-20T03:03:36.159Z] [LOG] [RouterExplorer] Mapped {/suppliers, GET} route
[2026-08-20T03:03:36.160Z] [LOG] [RouterExplorer] Mapped {/supplier-groups/:id/status, PUT} route
[2026-08-20T03:03:36.160Z] [LOG] [NestApplication] Nest application successfully started
[2026-08-20T03:03:36.160Z] [LOG] [RouterExplorer] Mapped {/supplier-groups/:id/assign-suppliers, POST} route
[2026-08-20T03:03:36.160Z] [LOG] [RouterExplorer] Mapped {/supplier-groups/:id, PUT} route
[2026-08-20T03:03:55.633Z] [LOG] [NestFactory] Starting Nest application...
[2026-08-20T03:03:55.634Z] [LOG] [InstanceLoader] ConfigHostModule dependencies initialized
[2026-08-20T03:03:55.634Z] [LOG] [InstanceLoader] TypeOrmModule dependencies initialized
[2026-08-20T03:03:55.634Z] [LOG] [InstanceLoader] AppModule dependencies initialized
[2026-08-20T03:03:55.634Z] [LOG] [InstanceLoader] ConfigModule dependencies initialized
[2026-08-20T03:03:55.634Z] [LOG] [InstanceLoader] TokenModule dependencies initialized
[2026-08-20T03:03:55.635Z] [LOG] [InstanceLoader] ConfigModule dependencies initialized
[2026-08-20T03:03:55.635Z] [LOG] [InstanceLoader] TypeOrmCoreModule dependencies initialized
[2026-08-20T03:03:55.635Z] [LOG] [InstanceLoader] RedisModule dependencies initialized
[2026-08-20T03:03:55.635Z] [LOG] [InstanceLoader] TypeOrmModule dependencies initialized
[2026-08-20T03:03:55.635Z] [LOG] [InstanceLoader] TypeOrmModule dependencies initialized
[2026-08-20T03:03:55.635Z] [LOG] [InstanceLoader] JwtModule dependencies initialized
[2026-08-20T03:03:55.635Z] [LOG] [InstanceLoader] TypeOrmModule dependencies initialized
[2026-08-20T03:03:55.635Z] [LOG] [InstanceLoader] AuthModule dependencies initialized
[2026-08-20T03:03:55.636Z] [LOG] [InstanceLoader] SupplierGroupModule dependencies initialized
[2026-08-20T03:03:55.636Z] [LOG] [RoutesResolver] AppController {/}:
[2026-08-20T03:03:55.636Z] [LOG] [InstanceLoader] SupplierModule dependencies initialized
[2026-08-20T03:03:55.636Z] [LOG] [RoutesResolver] UserController {/users}:
[2026-08-20T03:03:55.636Z] [LOG] [InstanceLoader] UserModule dependencies initialized
[2026-08-20T03:03:55.636Z] [LOG] [RouterExplorer] Mapped {/users, POST} route
[2026-08-20T03:03:55.636Z] [LOG] [RouterExplorer] Mapped {/, GET} route
[2026-08-20T03:03:55.637Z] [LOG] [RouterExplorer] Mapped {/users/:id, GET} route
[2026-08-20T03:03:55.636Z] [LOG] [RouterExplorer] Mapped {/users, GET} route
[2026-08-20T03:03:55.637Z] [LOG] [RouterExplorer] Mapped {/users/:id/status, PUT} route
[2026-08-20T03:03:55.637Z] [LOG] [RouterExplorer] Mapped {/auth/login, POST} route
[2026-08-20T03:03:55.637Z] [LOG] [RouterExplorer] Mapped {/auth/refresh, POST} route
[2026-08-20T03:03:55.637Z] [LOG] [RouterExplorer] Mapped {/auth/logout, POST} route
[2026-08-20T03:03:55.637Z] [LOG] [RoutesResolver] SupplierController {/suppliers}:
[2026-08-20T03:03:55.637Z] [LOG] [RoutesResolver] AuthController {/auth}:
[2026-08-20T03:03:55.637Z] [LOG] [RouterExplorer] Mapped {/auth/me, GET} route
[2026-08-20T03:03:55.638Z] [LOG] [RouterExplorer] Mapped {/suppliers, GET} route
[2026-08-20T03:03:55.637Z] [LOG] [RouterExplorer] Mapped {/suppliers, POST} route
[2026-08-20T03:03:55.638Z] [LOG] [RouterExplorer] Mapped {/suppliers/:id, GET} route
[2026-08-20T03:03:55.638Z] [LOG] [RouterExplorer] Mapped {/supplier-groups, GET} route
[2026-08-20T03:03:55.638Z] [LOG] [RoutesResolver] SupplierGroupController {/supplier-groups}:
[2026-08-20T03:03:55.638Z] [LOG] [RouterExplorer] Mapped {/supplier-groups, POST} route
[2026-08-20T03:03:55.638Z] [LOG] [RouterExplorer] Mapped {/supplier-groups/:id, GET} route
[2026-08-20T03:03:55.638Z] [LOG] [RouterExplorer] Mapped {/supplier-groups/:id/status, PUT} route
[2026-08-20T03:03:55.638Z] [LOG] [NestApplication] Nest application successfully started
[2026-08-20T03:03:55.638Z] [LOG] [RouterExplorer] Mapped {/supplier-groups/:id/assign-suppliers, POST} route
[2026-08-20T03:03:55.638Z] [LOG] [RouterExplorer] Mapped {/supplier-groups/:id, PUT} route
[2026-08-20T03:06:37.155Z] [LOG] [NestFactory] Starting Nest application...
[2026-08-20T03:06:37.155Z] [LOG] [InstanceLoader] ConfigHostModule dependencies initialized
[2026-08-20T03:06:37.155Z] [LOG] [InstanceLoader] TypeOrmModule dependencies initialized
[2026-08-20T03:06:37.155Z] [LOG] [InstanceLoader] AppModule dependencies initialized
[2026-08-20T03:06:37.155Z] [LOG] [InstanceLoader] TokenModule dependencies initialized
[2026-08-20T03:06:37.155Z] [LOG] [InstanceLoader] ConfigModule dependencies initialized
[2026-08-20T03:06:37.155Z] [LOG] [InstanceLoader] RedisModule dependencies initialized
[2026-08-20T03:06:37.155Z] [LOG] [InstanceLoader] ConfigModule dependencies initialized
[2026-08-20T03:06:37.155Z] [LOG] [InstanceLoader] JwtModule dependencies initialized
[2026-08-20T03:06:37.156Z] [LOG] [InstanceLoader] TypeOrmCoreModule dependencies initialized
[2026-08-20T03:06:37.156Z] [LOG] [InstanceLoader] TypeOrmModule dependencies initialized
[2026-08-20T03:06:37.156Z] [LOG] [InstanceLoader] TypeOrmModule dependencies initialized
[2026-08-20T03:06:37.156Z] [LOG] [InstanceLoader] TypeOrmModule dependencies initialized
[2026-08-20T03:06:37.156Z] [LOG] [InstanceLoader] AuthModule dependencies initialized
[2026-08-20T03:06:37.156Z] [LOG] [InstanceLoader] UserModule dependencies initialized
[2026-08-20T03:06:37.156Z] [LOG] [InstanceLoader] SupplierModule dependencies initialized
[2026-08-20T03:06:37.156Z] [LOG] [InstanceLoader] SupplierGroupModule dependencies initialized
[2026-08-20T03:06:37.156Z] [LOG] [RoutesResolver] AppController {/}:
[2026-08-20T03:06:37.156Z] [LOG] [RouterExplorer] Mapped {/, GET} route
[2026-08-20T03:06:37.156Z] [LOG] [RouterExplorer] Mapped {/users, GET} route
[2026-08-20T03:06:37.156Z] [LOG] [RouterExplorer] Mapped {/users, POST} route
[2026-08-20T03:06:37.156Z] [LOG] [RouterExplorer] Mapped {/users/:id, GET} route
[2026-08-20T03:06:37.156Z] [LOG] [RouterExplorer] Mapped {/users/:id/status, PUT} route
[2026-08-20T03:06:37.157Z] [LOG] [RoutesResolver] AuthController {/auth}:
[2026-08-20T03:06:37.157Z] [LOG] [RouterExplorer] Mapped {/auth/login, POST} route
[2026-08-20T03:06:37.157Z] [LOG] [RouterExplorer] Mapped {/auth/refresh, POST} route
[2026-08-20T03:06:37.157Z] [LOG] [RouterExplorer] Mapped {/auth/logout, POST} route
[2026-08-20T03:06:37.157Z] [LOG] [RoutesResolver] SupplierController {/suppliers}:
[2026-08-20T03:06:37.157Z] [LOG] [RouterExplorer] Mapped {/auth/me, GET} route
[2026-08-20T03:06:37.156Z] [LOG] [RoutesResolver] UserController {/users}:
[2026-08-20T03:06:37.157Z] [LOG] [RouterExplorer] Mapped {/suppliers, POST} route
[2026-08-20T03:06:37.157Z] [LOG] [RouterExplorer] Mapped {/suppliers/:id, GET} route
[2026-08-20T03:06:37.157Z] [LOG] [RouterExplorer] Mapped {/supplier-groups, POST} route
[2026-08-20T03:06:37.157Z] [LOG] [RoutesResolver] SupplierGroupController {/supplier-groups}:
[2026-08-20T03:06:37.157Z] [LOG] [RouterExplorer] Mapped {/suppliers, GET} route
[2026-08-20T03:06:37.157Z] [LOG] [RouterExplorer] Mapped {/supplier-groups, GET} route
[2026-08-20T03:06:37.157Z] [LOG] [RouterExplorer] Mapped {/supplier-groups/:id, PUT} route
[2026-08-20T03:06:37.157Z] [LOG] [RouterExplorer] Mapped {/supplier-groups/:id/status, PUT} route
[2026-08-20T03:06:37.157Z] [LOG] [RouterExplorer] Mapped {/supplier-groups/:id/assign-suppliers, POST} route
[2026-08-20T03:06:37.157Z] [LOG] [RouterExplorer] Mapped {/supplier-groups/:id, GET} route
[2026-08-20T03:06:37.157Z] [LOG] [NestApplication] Nest application successfully started
[2026-08-20T03:06:48.234Z] [LOG] [NestFactory] Starting Nest application...
[2026-08-20T03:06:48.234Z] [LOG] [InstanceLoader] ConfigHostModule dependencies initialized
[2026-08-20T03:06:48.234Z] [LOG] [InstanceLoader] TokenModule dependencies initialized
[2026-08-20T03:06:48.234Z] [LOG] [InstanceLoader] TypeOrmModule dependencies initialized
[2026-08-20T03:06:48.235Z] [LOG] [InstanceLoader] AppModule dependencies initialized
[2026-08-20T03:06:48.235Z] [LOG] [InstanceLoader] ConfigModule dependencies initialized
[2026-08-20T03:06:48.235Z] [LOG] [InstanceLoader] RedisModule dependencies initialized
[2026-08-20T03:06:48.235Z] [LOG] [InstanceLoader] ConfigModule dependencies initialized
[2026-08-20T03:06:48.235Z] [LOG] [InstanceLoader] TypeOrmCoreModule dependencies initialized
[2026-08-20T03:06:48.235Z] [LOG] [InstanceLoader] JwtModule dependencies initialized
[2026-08-20T03:06:48.235Z] [LOG] [InstanceLoader] TypeOrmModule dependencies initialized
[2026-08-20T03:06:48.236Z] [LOG] [InstanceLoader] TypeOrmModule dependencies initialized
[2026-08-20T03:06:48.236Z] [LOG] [InstanceLoader] UserModule dependencies initialized
[2026-08-20T03:06:48.236Z] [LOG] [InstanceLoader] AuthModule dependencies initialized
[2026-08-20T03:06:48.236Z] [LOG] [InstanceLoader] TypeOrmModule dependencies initialized
[2026-08-20T03:06:48.236Z] [LOG] [InstanceLoader] SupplierGroupModule dependencies initialized
[2026-08-20T03:06:48.236Z] [LOG] [InstanceLoader] SupplierModule dependencies initialized
[2026-08-20T03:06:48.236Z] [LOG] [RoutesResolver] UserController {/users}:
[2026-08-20T03:06:48.236Z] [LOG] [RoutesResolver] AppController {/}:
[2026-08-20T03:06:48.236Z] [LOG] [RouterExplorer] Mapped {/users, POST} route
[2026-08-20T03:06:48.237Z] [LOG] [RouterExplorer] Mapped {/users/:id, GET} route
[2026-08-20T03:06:48.236Z] [LOG] [RouterExplorer] Mapped {/, GET} route
[2026-08-20T03:06:48.236Z] [LOG] [RouterExplorer] Mapped {/users, GET} route
[2026-08-20T03:06:48.237Z] [LOG] [RouterExplorer] Mapped {/auth/login, POST} route
[2026-08-20T03:06:48.237Z] [LOG] [RouterExplorer] Mapped {/users/:id/status, PUT} route
[2026-08-20T03:06:48.237Z] [LOG] [RoutesResolver] AuthController {/auth}:
[2026-08-20T03:06:48.237Z] [LOG] [RouterExplorer] Mapped {/auth/refresh, POST} route
[2026-08-20T03:06:48.237Z] [LOG] [RoutesResolver] SupplierController {/suppliers}:
[2026-08-20T03:06:48.237Z] [LOG] [RouterExplorer] Mapped {/auth/logout, POST} route
[2026-08-20T03:06:48.237Z] [LOG] [RouterExplorer] Mapped {/auth/me, GET} route
[2026-08-20T03:06:48.237Z] [LOG] [RouterExplorer] Mapped {/suppliers, POST} route
[2026-08-20T03:06:48.237Z] [LOG] [RouterExplorer] Mapped {/suppliers/:id, GET} route
[2026-08-20T03:06:48.238Z] [LOG] [RoutesResolver] SupplierGroupController {/supplier-groups}:
[2026-08-20T03:06:48.237Z] [LOG] [RouterExplorer] Mapped {/suppliers, GET} route
[2026-08-20T03:06:48.238Z] [LOG] [RouterExplorer] Mapped {/supplier-groups, POST} route
[2026-08-20T03:06:48.238Z] [LOG] [RouterExplorer] Mapped {/supplier-groups, GET} route
[2026-08-20T03:06:48.238Z] [LOG] [RouterExplorer] Mapped {/supplier-groups/:id/status, PUT} route
[2026-08-20T03:06:48.238Z] [LOG] [RouterExplorer] Mapped {/supplier-groups/:id, GET} route
[2026-08-20T03:06:48.238Z] [LOG] [RouterExplorer] Mapped {/supplier-groups/:id/assign-suppliers, POST} route
[2026-08-20T03:06:48.238Z] [LOG] [RouterExplorer] Mapped {/supplier-groups/:id, PUT} route
[2026-08-20T03:06:48.238Z] [LOG] [NestApplication] Nest application successfully started
[2026-08-20T03:07:06.128Z] [LOG] [NestFactory] Starting Nest application...
[2026-08-20T03:07:06.128Z] [LOG] [InstanceLoader] TypeOrmModule dependencies initialized
[2026-08-20T03:07:06.129Z] [LOG] [InstanceLoader] ConfigHostModule dependencies initialized
[2026-08-20T03:07:06.129Z] [LOG] [InstanceLoader] AppModule dependencies initialized
[2026-08-20T03:07:06.129Z] [LOG] [InstanceLoader] TokenModule dependencies initialized
[2026-08-20T03:07:06.129Z] [LOG] [InstanceLoader] ConfigModule dependencies initialized
[2026-08-20T03:07:06.129Z] [LOG] [InstanceLoader] JwtModule dependencies initialized
[2026-08-20T03:07:06.129Z] [LOG] [InstanceLoader] ConfigModule dependencies initialized
[2026-08-20T03:07:06.130Z] [LOG] [InstanceLoader] TypeOrmCoreModule dependencies initialized
[2026-08-20T03:07:06.129Z] [LOG] [InstanceLoader] RedisModule dependencies initialized
[2026-08-20T03:07:06.130Z] [LOG] [InstanceLoader] TypeOrmModule dependencies initialized
[2026-08-20T03:07:06.130Z] [LOG] [InstanceLoader] TypeOrmModule dependencies initialized
[2026-08-20T03:07:06.130Z] [LOG] [InstanceLoader] TypeOrmModule dependencies initialized
[2026-08-20T03:07:06.130Z] [LOG] [InstanceLoader] AuthModule dependencies initialized
[2026-08-20T03:07:06.130Z] [LOG] [InstanceLoader] SupplierModule dependencies initialized
[2026-08-20T03:07:06.130Z] [LOG] [InstanceLoader] SupplierGroupModule dependencies initialized
[2026-08-20T03:07:06.131Z] [LOG] [RouterExplorer] Mapped {/, GET} route
[2026-08-20T03:07:06.130Z] [LOG] [InstanceLoader] UserModule dependencies initialized
[2026-08-20T03:07:06.131Z] [LOG] [RoutesResolver] UserController {/users}:
[2026-08-20T03:07:06.131Z] [LOG] [RouterExplorer] Mapped {/users, POST} route
[2026-08-20T03:07:06.131Z] [LOG] [RouterExplorer] Mapped {/users, GET} route
[2026-08-20T03:07:06.131Z] [LOG] [RouterExplorer] Mapped {/users/:id, GET} route
[2026-08-20T03:07:06.131Z] [LOG] [RouterExplorer] Mapped {/users/:id/status, PUT} route
[2026-08-20T03:07:06.131Z] [LOG] [RouterExplorer] Mapped {/auth/login, POST} route
[2026-08-20T03:07:06.131Z] [LOG] [RoutesResolver] AppController {/}:
[2026-08-20T03:07:06.131Z] [LOG] [RouterExplorer] Mapped {/auth/refresh, POST} route
[2026-08-20T03:07:06.131Z] [LOG] [RouterExplorer] Mapped {/auth/logout, POST} route
[2026-08-20T03:07:06.131Z] [LOG] [RouterExplorer] Mapped {/auth/me, GET} route
[2026-08-20T03:07:06.131Z] [LOG] [RoutesResolver] SupplierController {/suppliers}:
[2026-08-20T03:07:06.132Z] [LOG] [RouterExplorer] Mapped {/suppliers, GET} route
[2026-08-20T03:07:06.131Z] [LOG] [RouterExplorer] Mapped {/suppliers, POST} route
[2026-08-20T03:07:06.132Z] [LOG] [RouterExplorer] Mapped {/suppliers/:id, GET} route
[2026-08-20T03:07:06.132Z] [LOG] [RoutesResolver] SupplierGroupController {/supplier-groups}:
[2026-08-20T03:07:06.132Z] [LOG] [RouterExplorer] Mapped {/supplier-groups, GET} route
[2026-08-20T03:07:06.132Z] [LOG] [RouterExplorer] Mapped {/supplier-groups, POST} route
[2026-08-20T03:07:06.132Z] [LOG] [RouterExplorer] Mapped {/supplier-groups/:id, GET} route
[2026-08-20T03:07:06.132Z] [LOG] [RouterExplorer] Mapped {/supplier-groups/:id/status, PUT} route
[2026-08-20T03:07:06.132Z] [LOG] [RouterExplorer] Mapped {/supplier-groups/:id, PUT} route
[2026-08-20T03:07:06.132Z] [LOG] [RouterExplorer] Mapped {/supplier-groups/:id/assign-suppliers, POST} route
[2026-08-20T03:07:06.131Z] [LOG] [RoutesResolver] AuthController {/auth}:
[2026-08-20T03:07:06.132Z] [LOG] [NestApplication] Nest application successfully started
[2026-08-20T03:07:49.044Z] [LOG] [NestFactory] Starting Nest application...
[2026-08-20T03:07:49.045Z] [LOG] [InstanceLoader] TypeOrmModule dependencies initialized
[2026-08-20T03:07:49.045Z] [LOG] [InstanceLoader] TokenModule dependencies initialized
[2026-08-20T03:07:49.045Z] [LOG] [InstanceLoader] AppModule dependencies initialized
[2026-08-20T03:07:49.045Z] [LOG] [InstanceLoader] RedisModule dependencies initialized
[2026-08-20T03:07:49.045Z] [LOG] [InstanceLoader] ConfigHostModule dependencies initialized
[2026-08-20T03:07:49.045Z] [LOG] [InstanceLoader] ConfigModule dependencies initialized
[2026-08-20T03:07:49.046Z] [LOG] [InstanceLoader] TypeOrmCoreModule dependencies initialized
[2026-08-20T03:07:49.045Z] [LOG] [InstanceLoader] ConfigModule dependencies initialized
[2026-08-20T03:07:49.046Z] [LOG] [InstanceLoader] TypeOrmModule dependencies initialized
[2026-08-20T03:07:49.046Z] [LOG] [InstanceLoader] TypeOrmModule dependencies initialized
[2026-08-20T03:07:49.046Z] [LOG] [InstanceLoader] JwtModule dependencies initialized
[2026-08-20T03:07:49.046Z] [LOG] [InstanceLoader] TypeOrmModule dependencies initialized
[2026-08-20T03:07:49.046Z] [LOG] [InstanceLoader] SupplierModule dependencies initialized
[2026-08-20T03:07:49.046Z] [LOG] [InstanceLoader] SupplierGroupModule dependencies initialized
[2026-08-20T03:07:49.046Z] [LOG] [InstanceLoader] AuthModule dependencies initialized
[2026-08-20T03:07:49.046Z] [LOG] [RoutesResolver] AppController {/}:
[2026-08-20T03:07:49.046Z] [LOG] [RouterExplorer] Mapped {/, GET} route
[2026-08-20T03:07:49.046Z] [LOG] [InstanceLoader] UserModule dependencies initialized
[2026-08-20T03:07:49.047Z] [LOG] [RoutesResolver] UserController {/users}:
[2026-08-20T03:07:49.047Z] [LOG] [RouterExplorer] Mapped {/users, POST} route
[2026-08-20T03:07:49.047Z] [LOG] [RouterExplorer] Mapped {/users/:id, GET} route
[2026-08-20T03:07:49.047Z] [LOG] [RouterExplorer] Mapped {/users/:id/status, PUT} route
[2026-08-20T03:07:49.047Z] [LOG] [RouterExplorer] Mapped {/auth/login, POST} route
[2026-08-20T03:07:49.047Z] [LOG] [RouterExplorer] Mapped {/users, GET} route
[2026-08-20T03:07:49.047Z] [LOG] [RouterExplorer] Mapped {/auth/refresh, POST} route
[2026-08-20T03:07:49.047Z] [LOG] [RouterExplorer] Mapped {/auth/me, GET} route
[2026-08-20T03:07:49.047Z] [LOG] [RouterExplorer] Mapped {/auth/logout, POST} route
[2026-08-20T03:07:49.047Z] [LOG] [RoutesResolver] AuthController {/auth}:
[2026-08-20T03:07:49.047Z] [LOG] [RoutesResolver] SupplierController {/suppliers}:
[2026-08-20T03:07:49.047Z] [LOG] [RouterExplorer] Mapped {/suppliers/:id, GET} route
[2026-08-20T03:07:49.047Z] [LOG] [RoutesResolver] SupplierGroupController {/supplier-groups}:
[2026-08-20T03:07:49.047Z] [LOG] [RouterExplorer] Mapped {/supplier-groups, POST} route
[2026-08-20T03:07:49.047Z] [LOG] [RouterExplorer] Mapped {/suppliers, GET} route
[2026-08-20T03:07:49.048Z] [LOG] [RouterExplorer] Mapped {/supplier-groups, GET} route
[2026-08-20T03:07:49.048Z] [LOG] [RouterExplorer] Mapped {/supplier-groups/:id, GET} route
[2026-08-20T03:07:49.048Z] [LOG] [RouterExplorer] Mapped {/supplier-groups/:id/status, PUT} route
[2026-08-20T03:07:49.048Z] [LOG] [RouterExplorer] Mapped {/supplier-groups/:id, PUT} route
[2026-08-20T03:07:49.048Z] [LOG] [RouterExplorer] Mapped {/supplier-groups/:id/assign-suppliers, POST} route
[2026-08-20T03:07:49.048Z] [LOG] [NestApplication] Nest application successfully started
[2026-08-20T03:07:49.047Z] [LOG] [RouterExplorer] Mapped {/suppliers, POST} route
[2026-08-20T03:08:10.366Z] [LOG] [NestFactory] Starting Nest application...
[2026-08-20T03:08:10.367Z] [LOG] [InstanceLoader] TypeOrmModule dependencies initialized
[2026-08-20T03:08:10.367Z] [LOG] [InstanceLoader] TokenModule dependencies initialized
[2026-08-20T03:08:10.367Z] [LOG] [InstanceLoader] ConfigHostModule dependencies initialized
[2026-08-20T03:08:10.368Z] [LOG] [InstanceLoader] AppModule dependencies initialized
[2026-08-20T03:08:10.368Z] [LOG] [InstanceLoader] ConfigModule dependencies initialized
[2026-08-20T03:08:10.368Z] [LOG] [InstanceLoader] ConfigModule dependencies initialized
[2026-08-20T03:08:10.368Z] [LOG] [InstanceLoader] RedisModule dependencies initialized
[2026-08-20T03:08:10.368Z] [LOG] [InstanceLoader] JwtModule dependencies initialized
[2026-08-20T03:08:10.368Z] [LOG] [InstanceLoader] TypeOrmCoreModule dependencies initialized
[2026-08-20T03:08:10.368Z] [LOG] [InstanceLoader] TypeOrmModule dependencies initialized
[2026-08-20T03:08:10.369Z] [LOG] [InstanceLoader] TypeOrmModule dependencies initialized
[2026-08-20T03:08:10.369Z] [LOG] [InstanceLoader] TypeOrmModule dependencies initialized
[2026-08-20T03:08:10.369Z] [LOG] [InstanceLoader] AuthModule dependencies initialized
[2026-08-20T03:08:10.369Z] [LOG] [InstanceLoader] UserModule dependencies initialized
[2026-08-20T03:08:10.369Z] [LOG] [InstanceLoader] SupplierModule dependencies initialized
[2026-08-20T03:08:10.369Z] [LOG] [InstanceLoader] SupplierGroupModule dependencies initialized
[2026-08-20T03:08:10.369Z] [LOG] [RoutesResolver] AppController {/}:
[2026-08-20T03:08:10.369Z] [LOG] [RouterExplorer] Mapped {/, GET} route
[2026-08-20T03:08:10.370Z] [LOG] [RoutesResolver] UserController {/users}:
[2026-08-20T03:08:10.370Z] [LOG] [RouterExplorer] Mapped {/users, POST} route
[2026-08-20T03:08:10.370Z] [LOG] [RouterExplorer] Mapped {/users, GET} route
[2026-08-20T03:08:10.370Z] [LOG] [RouterExplorer] Mapped {/users/:id, GET} route
[2026-08-20T03:08:10.370Z] [LOG] [RouterExplorer] Mapped {/users/:id/status, PUT} route
[2026-08-20T03:08:10.370Z] [LOG] [RouterExplorer] Mapped {/auth/login, POST} route
[2026-08-20T03:08:10.370Z] [LOG] [RoutesResolver] AuthController {/auth}:
[2026-08-20T03:08:10.370Z] [LOG] [RouterExplorer] Mapped {/auth/refresh, POST} route
[2026-08-20T03:08:10.370Z] [LOG] [RoutesResolver] SupplierController {/suppliers}:
[2026-08-20T03:08:10.370Z] [LOG] [RouterExplorer] Mapped {/auth/logout, POST} route
[2026-08-20T03:08:10.370Z] [LOG] [RouterExplorer] Mapped {/auth/me, GET} route
[2026-08-20T03:08:10.371Z] [LOG] [RouterExplorer] Mapped {/suppliers, POST} route
[2026-08-20T03:08:10.371Z] [LOG] [RoutesResolver] SupplierGroupController {/supplier-groups}:
[2026-08-20T03:08:10.371Z] [LOG] [RouterExplorer] Mapped {/supplier-groups, POST} route
[2026-08-20T03:08:10.371Z] [LOG] [RouterExplorer] Mapped {/suppliers/:id, GET} route
[2026-08-20T03:08:10.371Z] [LOG] [RouterExplorer] Mapped {/supplier-groups, GET} route
[2026-08-20T03:08:10.371Z] [LOG] [RouterExplorer] Mapped {/suppliers, GET} route
[2026-08-20T03:08:10.372Z] [LOG] [RouterExplorer] Mapped {/supplier-groups/:id, PUT} route
[2026-08-20T03:08:10.372Z] [LOG] [RouterExplorer] Mapped {/supplier-groups/:id/status, PUT} route
[2026-08-20T03:08:10.372Z] [LOG] [RouterExplorer] Mapped {/supplier-groups/:id/assign-suppliers, POST} route
[2026-08-20T03:08:10.372Z] [LOG] [NestApplication] Nest application successfully started
[2026-08-20T03:08:10.371Z] [LOG] [RouterExplorer] Mapped {/supplier-groups/:id, GET} route
[2026-08-20T03:08:32.912Z] [LOG] [NestFactory] Starting Nest application...
[2026-08-20T03:08:32.912Z] [LOG] [InstanceLoader] TokenModule dependencies initialized
[2026-08-20T03:08:32.912Z] [LOG] [InstanceLoader] ConfigHostModule dependencies initialized
[2026-08-20T03:08:32.912Z] [LOG] [InstanceLoader] TypeOrmModule dependencies initialized
[2026-08-20T03:08:32.912Z] [LOG] [InstanceLoader] AppModule dependencies initialized
[2026-08-20T03:08:32.913Z] [LOG] [InstanceLoader] ConfigModule dependencies initialized
[2026-08-20T03:08:32.913Z] [LOG] [InstanceLoader] ConfigModule dependencies initialized
[2026-08-20T03:08:32.913Z] [LOG] [InstanceLoader] TypeOrmCoreModule dependencies initialized
[2026-08-20T03:08:32.913Z] [LOG] [InstanceLoader] RedisModule dependencies initialized
[2026-08-20T03:08:32.913Z] [LOG] [InstanceLoader] TypeOrmModule dependencies initialized
[2026-08-20T03:08:32.913Z] [LOG] [InstanceLoader] TypeOrmModule dependencies initialized
[2026-08-20T03:08:32.913Z] [LOG] [InstanceLoader] JwtModule dependencies initialized
[2026-08-20T03:08:32.913Z] [LOG] [InstanceLoader] TypeOrmModule dependencies initialized
[2026-08-20T03:08:32.913Z] [LOG] [InstanceLoader] SupplierModule dependencies initialized
[2026-08-20T03:08:32.913Z] [LOG] [InstanceLoader] AuthModule dependencies initialized
[2026-08-20T03:08:32.913Z] [LOG] [InstanceLoader] SupplierGroupModule dependencies initialized
[2026-08-20T03:08:32.913Z] [LOG] [InstanceLoader] UserModule dependencies initialized
[2026-08-20T03:08:32.913Z] [LOG] [RoutesResolver] AppController {/}:
[2026-08-20T03:08:32.913Z] [LOG] [RoutesResolver] UserController {/users}:
[2026-08-20T03:08:32.914Z] [LOG] [RouterExplorer] Mapped {/users, POST} route
[2026-08-20T03:08:32.914Z] [LOG] [RouterExplorer] Mapped {/users/:id, GET} route
[2026-08-20T03:08:32.914Z] [LOG] [RouterExplorer] Mapped {/users/:id/status, PUT} route
[2026-08-20T03:08:32.914Z] [LOG] [RouterExplorer] Mapped {/users, GET} route
[2026-08-20T03:08:32.914Z] [LOG] [RoutesResolver] AuthController {/auth}:
[2026-08-20T03:08:32.914Z] [LOG] [RouterExplorer] Mapped {/auth/login, POST} route
[2026-08-20T03:08:32.914Z] [LOG] [RouterExplorer] Mapped {/auth/refresh, POST} route
[2026-08-20T03:08:32.913Z] [LOG] [RouterExplorer] Mapped {/, GET} route
[2026-08-20T03:08:32.914Z] [LOG] [RouterExplorer] Mapped {/auth/logout, POST} route
[2026-08-20T03:08:32.914Z] [LOG] [RouterExplorer] Mapped {/auth/me, GET} route
[2026-08-20T03:08:32.914Z] [LOG] [RouterExplorer] Mapped {/suppliers, POST} route
[2026-08-20T03:08:32.914Z] [LOG] [RouterExplorer] Mapped {/suppliers/:id, GET} route
[2026-08-20T03:08:32.914Z] [LOG] [RoutesResolver] SupplierController {/suppliers}:
[2026-08-20T03:08:32.914Z] [LOG] [RoutesResolver] SupplierGroupController {/supplier-groups}:
[2026-08-20T03:08:32.914Z] [LOG] [RouterExplorer] Mapped {/supplier-groups, GET} route
[2026-08-20T03:08:32.914Z] [LOG] [RouterExplorer] Mapped {/supplier-groups, POST} route
[2026-08-20T03:08:32.915Z] [LOG] [RouterExplorer] Mapped {/supplier-groups/:id, GET} route
[2026-08-20T03:08:32.915Z] [LOG] [RouterExplorer] Mapped {/supplier-groups/:id/status, PUT} route
[2026-08-20T03:08:32.915Z] [LOG] [RouterExplorer] Mapped {/supplier-groups/:id/assign-suppliers, POST} route
[2026-08-20T03:08:32.915Z] [LOG] [RouterExplorer] Mapped {/supplier-groups/:id, PUT} route
[2026-08-20T03:08:32.915Z] [LOG] [NestApplication] Nest application successfully started
[2026-08-20T03:08:32.914Z] [LOG] [RouterExplorer] Mapped {/suppliers, GET} route
[2026-08-20T03:09:07.321Z] [LOG] [NestFactory] Starting Nest application...
[2026-08-20T03:09:07.321Z] [LOG] [InstanceLoader] TokenModule dependencies initialized
[2026-08-20T03:09:07.321Z] [LOG] [InstanceLoader] TypeOrmModule dependencies initialized
[2026-08-20T03:09:07.322Z] [LOG] [InstanceLoader] ConfigHostModule dependencies initialized
[2026-08-20T03:09:07.322Z] [LOG] [InstanceLoader] ConfigModule dependencies initialized
[2026-08-20T03:09:07.322Z] [LOG] [InstanceLoader] ConfigModule dependencies initialized
[2026-08-20T03:09:07.322Z] [LOG] [InstanceLoader] JwtModule dependencies initialized
[2026-08-20T03:09:07.322Z] [LOG] [InstanceLoader] RedisModule dependencies initialized
[2026-08-20T03:09:07.322Z] [LOG] [InstanceLoader] TypeOrmCoreModule dependencies initialized
[2026-08-20T03:09:07.323Z] [LOG] [InstanceLoader] TypeOrmModule dependencies initialized
[2026-08-20T03:09:07.323Z] [LOG] [InstanceLoader] TypeOrmModule dependencies initialized
[2026-08-20T03:09:07.323Z] [LOG] [InstanceLoader] TypeOrmModule dependencies initialized
[2026-08-20T03:09:07.323Z] [LOG] [InstanceLoader] UserModule dependencies initialized
[2026-08-20T03:09:07.322Z] [LOG] [InstanceLoader] AppModule dependencies initialized
[2026-08-20T03:09:07.323Z] [LOG] [InstanceLoader] AuthModule dependencies initialized
[2026-08-20T03:09:07.323Z] [LOG] [InstanceLoader] SupplierGroupModule dependencies initialized
[2026-08-20T03:09:07.323Z] [LOG] [RoutesResolver] AppController {/}:
[2026-08-20T03:09:07.323Z] [LOG] [RouterExplorer] Mapped {/, GET} route
[2026-08-20T03:09:07.323Z] [LOG] [InstanceLoader] SupplierModule dependencies initialized
[2026-08-20T03:09:07.323Z] [LOG] [RoutesResolver] UserController {/users}:
[2026-08-20T03:09:07.323Z] [LOG] [RouterExplorer] Mapped {/users, POST} route
[2026-08-20T03:09:07.324Z] [LOG] [RouterExplorer] Mapped {/users/:id/status, PUT} route
[2026-08-20T03:09:07.323Z] [LOG] [RouterExplorer] Mapped {/users, GET} route
[2026-08-20T03:09:07.324Z] [LOG] [RouterExplorer] Mapped {/users/:id, GET} route
[2026-08-20T03:09:07.324Z] [LOG] [RouterExplorer] Mapped {/auth/login, POST} route
[2026-08-20T03:09:07.324Z] [LOG] [RouterExplorer] Mapped {/auth/logout, POST} route
[2026-08-20T03:09:07.324Z] [LOG] [RouterExplorer] Mapped {/auth/refresh, POST} route
[2026-08-20T03:09:07.324Z] [LOG] [RoutesResolver] SupplierController {/suppliers}:
[2026-08-20T03:09:07.324Z] [LOG] [RoutesResolver] AuthController {/auth}:
[2026-08-20T03:09:07.324Z] [LOG] [RouterExplorer] Mapped {/auth/me, GET} route
[2026-08-20T03:09:07.324Z] [LOG] [RouterExplorer] Mapped {/suppliers, POST} route
[2026-08-20T03:09:07.324Z] [LOG] [RouterExplorer] Mapped {/suppliers/:id, GET} route
[2026-08-20T03:09:07.325Z] [LOG] [RouterExplorer] Mapped {/supplier-groups, POST} route
[2026-08-20T03:09:07.324Z] [LOG] [RoutesResolver] SupplierGroupController {/supplier-groups}:
[2026-08-20T03:09:07.325Z] [LOG] [RouterExplorer] Mapped {/supplier-groups/:id, GET} route
[2026-08-20T03:09:07.325Z] [LOG] [RouterExplorer] Mapped {/supplier-groups/:id, PUT} route
[2026-08-20T03:09:07.325Z] [LOG] [RouterExplorer] Mapped {/supplier-groups, GET} route
[2026-08-20T03:09:07.325Z] [LOG] [RouterExplorer] Mapped {/supplier-groups/:id/status, PUT} route
[2026-08-20T03:09:07.325Z] [LOG] [RouterExplorer] Mapped {/supplier-groups/:id/assign-suppliers, POST} route
[2026-08-20T03:09:07.324Z] [LOG] [RouterExplorer] Mapped {/suppliers, GET} route
[2026-08-20T03:09:07.325Z] [LOG] [NestApplication] Nest application successfully started
[2026-08-20T03:09:20.908Z] [LOG] [NestFactory] Starting Nest application...
[2026-08-20T03:09:20.908Z] [LOG] [InstanceLoader] TypeOrmModule dependencies initialized
[2026-08-20T03:09:20.908Z] [LOG] [InstanceLoader] TokenModule dependencies initialized
[2026-08-20T03:09:20.908Z] [LOG] [InstanceLoader] AppModule dependencies initialized
[2026-08-20T03:09:20.909Z] [LOG] [InstanceLoader] RedisModule dependencies initialized
[2026-08-20T03:09:20.908Z] [LOG] [InstanceLoader] ConfigHostModule dependencies initialized
[2026-08-20T03:09:20.909Z] [LOG] [InstanceLoader] ConfigModule dependencies initialized
[2026-08-20T03:09:20.909Z] [LOG] [InstanceLoader] TypeOrmCoreModule dependencies initialized
[2026-08-20T03:09:20.909Z] [LOG] [InstanceLoader] ConfigModule dependencies initialized
[2026-08-20T03:09:20.909Z] [LOG] [InstanceLoader] TypeOrmModule dependencies initialized
[2026-08-20T03:09:20.909Z] [LOG] [InstanceLoader] TypeOrmModule dependencies initialized
[2026-08-20T03:09:20.909Z] [LOG] [InstanceLoader] JwtModule dependencies initialized
[2026-08-20T03:09:20.909Z] [LOG] [InstanceLoader] TypeOrmModule dependencies initialized
[2026-08-20T03:09:20.909Z] [LOG] [InstanceLoader] UserModule dependencies initialized
[2026-08-20T03:09:20.909Z] [LOG] [InstanceLoader] SupplierModule dependencies initialized
[2026-08-20T03:09:20.909Z] [LOG] [InstanceLoader] SupplierGroupModule dependencies initialized
[2026-08-20T03:09:20.909Z] [LOG] [InstanceLoader] AuthModule dependencies initialized
[2026-08-20T03:09:20.910Z] [LOG] [RouterExplorer] Mapped {/, GET} route
[2026-08-20T03:09:20.910Z] [LOG] [RoutesResolver] UserController {/users}:
[2026-08-20T03:09:20.910Z] [LOG] [RouterExplorer] Mapped {/users, POST} route
[2026-08-20T03:09:20.910Z] [LOG] [RouterExplorer] Mapped {/users/:id, GET} route
[2026-08-20T03:09:20.910Z] [LOG] [RouterExplorer] Mapped {/users, GET} route
[2026-08-20T03:09:20.910Z] [LOG] [RouterExplorer] Mapped {/users/:id/status, PUT} route
[2026-08-20T03:09:20.910Z] [LOG] [RoutesResolver] AuthController {/auth}:
[2026-08-20T03:09:20.910Z] [LOG] [RouterExplorer] Mapped {/auth/login, POST} route
[2026-08-20T03:09:20.910Z] [LOG] [RouterExplorer] Mapped {/auth/refresh, POST} route
[2026-08-20T03:09:20.910Z] [LOG] [RouterExplorer] Mapped {/auth/me, GET} route
[2026-08-20T03:09:20.910Z] [LOG] [RouterExplorer] Mapped {/auth/logout, POST} route
[2026-08-20T03:09:20.910Z] [LOG] [RouterExplorer] Mapped {/suppliers, POST} route
[2026-08-20T03:09:20.910Z] [LOG] [RoutesResolver] AppController {/}:
[2026-08-20T03:09:20.910Z] [LOG] [RoutesResolver] SupplierController {/suppliers}:
[2026-08-20T03:09:20.910Z] [LOG] [RouterExplorer] Mapped {/suppliers/:id, GET} route
[2026-08-20T03:09:20.910Z] [LOG] [RoutesResolver] SupplierGroupController {/supplier-groups}:
[2026-08-20T03:09:20.911Z] [LOG] [RouterExplorer] Mapped {/supplier-groups, GET} route
[2026-08-20T03:09:20.911Z] [LOG] [RouterExplorer] Mapped {/supplier-groups, POST} route
[2026-08-20T03:09:20.911Z] [LOG] [RouterExplorer] Mapped {/supplier-groups/:id, GET} route
[2026-08-20T03:09:20.911Z] [LOG] [RouterExplorer] Mapped {/supplier-groups/:id/status, PUT} route
[2026-08-20T03:09:20.911Z] [LOG] [RouterExplorer] Mapped {/supplier-groups/:id, PUT} route
[2026-08-20T03:09:20.911Z] [LOG] [RouterExplorer] Mapped {/supplier-groups/:id/assign-suppliers, POST} route
[2026-08-20T03:09:20.911Z] [LOG] [NestApplication] Nest application successfully started
[2026-08-20T03:09:20.910Z] [LOG] [RouterExplorer] Mapped {/suppliers, GET} route
[2026-08-20T03:09:37.533Z] [LOG] [NestFactory] Starting Nest application...
[2026-08-20T03:09:37.534Z] [LOG] [InstanceLoader] TypeOrmModule dependencies initialized
[2026-08-20T03:09:37.534Z] [LOG] [InstanceLoader] ConfigHostModule dependencies initialized
[2026-08-20T03:09:37.534Z] [LOG] [InstanceLoader] AppModule dependencies initialized
[2026-08-20T03:09:37.534Z] [LOG] [InstanceLoader] RedisModule dependencies initialized
[2026-08-20T03:09:37.534Z] [LOG] [InstanceLoader] ConfigModule dependencies initialized
[2026-08-20T03:09:37.534Z] [LOG] [InstanceLoader] ConfigModule dependencies initialized
[2026-08-20T03:09:37.535Z] [LOG] [InstanceLoader] TypeOrmCoreModule dependencies initialized
[2026-08-20T03:09:37.534Z] [LOG] [InstanceLoader] TokenModule dependencies initialized
[2026-08-20T03:09:37.535Z] [LOG] [InstanceLoader] TypeOrmModule dependencies initialized
[2026-08-20T03:09:37.535Z] [LOG] [InstanceLoader] TypeOrmModule dependencies initialized
[2026-08-20T03:09:37.535Z] [LOG] [InstanceLoader] AuthModule dependencies initialized
[2026-08-20T03:09:37.535Z] [LOG] [InstanceLoader] JwtModule dependencies initialized
[2026-08-20T03:09:37.535Z] [LOG] [InstanceLoader] TypeOrmModule dependencies initialized
[2026-08-20T03:09:37.535Z] [LOG] [InstanceLoader] SupplierModule dependencies initialized
[2026-08-20T03:09:37.535Z] [LOG] [InstanceLoader] SupplierGroupModule dependencies initialized
[2026-08-20T03:09:37.535Z] [LOG] [RouterExplorer] Mapped {/, GET} route
[2026-08-20T03:09:37.535Z] [LOG] [RoutesResolver] AppController {/}:
[2026-08-20T03:09:37.535Z] [LOG] [InstanceLoader] UserModule dependencies initialized
[2026-08-20T03:09:37.535Z] [LOG] [RoutesResolver] UserController {/users}:
[2026-08-20T03:09:37.535Z] [LOG] [RouterExplorer] Mapped {/users, POST} route
[2026-08-20T03:09:37.536Z] [LOG] [RouterExplorer] Mapped {/users/:id/status, PUT} route
[2026-08-20T03:09:37.535Z] [LOG] [RouterExplorer] Mapped {/users, GET} route
[2026-08-20T03:09:37.535Z] [LOG] [RouterExplorer] Mapped {/users/:id, GET} route
[2026-08-20T03:09:37.536Z] [LOG] [RouterExplorer] Mapped {/auth/login, POST} route
[2026-08-20T03:09:37.536Z] [LOG] [RouterExplorer] Mapped {/auth/refresh, POST} route
[2026-08-20T03:09:37.536Z] [LOG] [RoutesResolver] AuthController {/auth}:
[2026-08-20T03:09:37.536Z] [LOG] [RouterExplorer] Mapped {/auth/logout, POST} route
[2026-08-20T03:09:37.536Z] [LOG] [RouterExplorer] Mapped {/auth/me, GET} route
[2026-08-20T03:09:37.536Z] [LOG] [RoutesResolver] SupplierController {/suppliers}:
[2026-08-20T03:09:37.536Z] [LOG] [RouterExplorer] Mapped {/suppliers, POST} route
[2026-08-20T03:09:37.536Z] [LOG] [RouterExplorer] Mapped {/suppliers/:id, GET} route
[2026-08-20T03:09:37.536Z] [LOG] [RoutesResolver] SupplierGroupController {/supplier-groups}:
[2026-08-20T03:09:37.536Z] [LOG] [RouterExplorer] Mapped {/suppliers, GET} route
[2026-08-20T03:09:37.537Z] [LOG] [RouterExplorer] Mapped {/supplier-groups, GET} route
[2026-08-20T03:09:37.536Z] [LOG] [RouterExplorer] Mapped {/supplier-groups, POST} route
[2026-08-20T03:09:37.537Z] [LOG] [RouterExplorer] Mapped {/supplier-groups/:id/status, PUT} route
[2026-08-20T03:09:37.537Z] [LOG] [RouterExplorer] Mapped {/supplier-groups/:id, GET} route
[2026-08-20T03:09:37.537Z] [LOG] [RouterExplorer] Mapped {/supplier-groups/:id/assign-suppliers, POST} route
[2026-08-20T03:09:37.537Z] [LOG] [RouterExplorer] Mapped {/supplier-groups/:id, PUT} route
[2026-08-20T03:09:37.537Z] [LOG] [NestApplication] Nest application successfully started
[2026-08-20T03:10:14.586Z] [LOG] [NestFactory] Starting Nest application...
[2026-08-20T03:10:14.586Z] [LOG] [InstanceLoader] TypeOrmModule dependencies initialized
[2026-08-20T03:10:14.587Z] [LOG] [InstanceLoader] ConfigHostModule dependencies initialized
[2026-08-20T03:10:14.587Z] [LOG] [InstanceLoader] ConfigModule dependencies initialized
[2026-08-20T03:10:14.587Z] [LOG] [InstanceLoader] AppModule dependencies initialized
[2026-08-20T03:10:14.587Z] [LOG] [InstanceLoader] ConfigModule dependencies initialized
[2026-08-20T03:10:14.588Z] [LOG] [InstanceLoader] JwtModule dependencies initialized
[2026-08-20T03:10:14.587Z] [LOG] [InstanceLoader] TokenModule dependencies initialized
[2026-08-20T03:10:14.588Z] [LOG] [InstanceLoader] TypeOrmModule dependencies initialized
[2026-08-20T03:10:14.588Z] [LOG] [InstanceLoader] TypeOrmCoreModule dependencies initialized
[2026-08-20T03:10:14.588Z] [LOG] [InstanceLoader] RedisModule dependencies initialized
[2026-08-20T03:10:14.588Z] [LOG] [InstanceLoader] TypeOrmModule dependencies initialized
[2026-08-20T03:10:14.588Z] [LOG] [InstanceLoader] TypeOrmModule dependencies initialized
[2026-08-20T03:10:14.588Z] [LOG] [InstanceLoader] SupplierModule dependencies initialized
[2026-08-20T03:10:14.588Z] [LOG] [InstanceLoader] AuthModule dependencies initialized
[2026-08-20T03:10:14.588Z] [LOG] [RoutesResolver] AppController {/}:
[2026-08-20T03:10:14.588Z] [LOG] [InstanceLoader] SupplierGroupModule dependencies initialized
[2026-08-20T03:10:14.589Z] [LOG] [RoutesResolver] UserController {/users}:
[2026-08-20T03:10:14.588Z] [LOG] [InstanceLoader] UserModule dependencies initialized
[2026-08-20T03:10:14.589Z] [LOG] [RouterExplorer] Mapped {/users, POST} route
[2026-08-20T03:10:14.588Z] [LOG] [RouterExplorer] Mapped {/, GET} route
[2026-08-20T03:10:14.589Z] [LOG] [RouterExplorer] Mapped {/users/:id, GET} route
[2026-08-20T03:10:14.589Z] [LOG] [RouterExplorer] Mapped {/users/:id/status, PUT} route
[2026-08-20T03:10:14.589Z] [LOG] [RouterExplorer] Mapped {/auth/login, POST} route
[2026-08-20T03:10:14.589Z] [LOG] [RoutesResolver] AuthController {/auth}:
[2026-08-20T03:10:14.589Z] [LOG] [RouterExplorer] Mapped {/users, GET} route
[2026-08-20T03:10:14.589Z] [LOG] [RouterExplorer] Mapped {/auth/logout, POST} route
[2026-08-20T03:10:14.589Z] [LOG] [RouterExplorer] Mapped {/auth/refresh, POST} route
[2026-08-20T03:10:14.589Z] [LOG] [RoutesResolver] SupplierController {/suppliers}:
[2026-08-20T03:10:14.589Z] [LOG] [RouterExplorer] Mapped {/suppliers, GET} route
[2026-08-20T03:10:14.589Z] [LOG] [RouterExplorer] Mapped {/auth/me, GET} route
[2026-08-20T03:10:14.589Z] [LOG] [RouterExplorer] Mapped {/suppliers, POST} route
[2026-08-20T03:10:14.589Z] [LOG] [RoutesResolver] SupplierGroupController {/supplier-groups}:
[2026-08-20T03:10:14.590Z] [LOG] [RouterExplorer] Mapped {/supplier-groups, POST} route
[2026-08-20T03:10:14.590Z] [LOG] [RouterExplorer] Mapped {/supplier-groups/:id, GET} route
[2026-08-20T03:10:14.590Z] [LOG] [RouterExplorer] Mapped {/supplier-groups, GET} route
[2026-08-20T03:10:14.590Z] [LOG] [RouterExplorer] Mapped {/supplier-groups/:id, PUT} route
[2026-08-20T03:10:14.590Z] [LOG] [RouterExplorer] Mapped {/supplier-groups/:id/status, PUT} route
[2026-08-20T03:10:14.590Z] [LOG] [RouterExplorer] Mapped {/supplier-groups/:id/assign-suppliers, POST} route
[2026-08-20T03:10:14.590Z] [LOG] [NestApplication] Nest application successfully started
[2026-08-20T03:10:14.589Z] [LOG] [RouterExplorer] Mapped {/suppliers/:id, GET} route
[2026-08-20T03:10:32.798Z] [LOG] [NestFactory] Starting Nest application...
[2026-08-20T03:10:32.799Z] [LOG] [InstanceLoader] TypeOrmModule dependencies initialized
[2026-08-20T03:10:32.799Z] [LOG] [InstanceLoader] ConfigHostModule dependencies initialized
[2026-08-20T03:10:32.799Z] [LOG] [InstanceLoader] ConfigModule dependencies initialized
[2026-08-20T03:10:32.799Z] [LOG] [InstanceLoader] ConfigModule dependencies initialized
[2026-08-20T03:10:32.799Z] [LOG] [InstanceLoader] TokenModule dependencies initialized
[2026-08-20T03:10:32.799Z] [LOG] [InstanceLoader] AppModule dependencies initialized
[2026-08-20T03:10:32.799Z] [LOG] [InstanceLoader] RedisModule dependencies initialized
[2026-08-20T03:10:32.800Z] [LOG] [InstanceLoader] TypeOrmCoreModule dependencies initialized
[2026-08-20T03:10:32.800Z] [LOG] [InstanceLoader] TypeOrmModule dependencies initialized
[2026-08-20T03:10:32.800Z] [LOG] [InstanceLoader] TypeOrmModule dependencies initialized
[2026-08-20T03:10:32.800Z] [LOG] [InstanceLoader] TypeOrmModule dependencies initialized
[2026-08-20T03:10:32.799Z] [LOG] [InstanceLoader] JwtModule dependencies initialized
[2026-08-20T03:10:32.800Z] [LOG] [InstanceLoader] UserModule dependencies initialized
[2026-08-20T03:10:32.800Z] [LOG] [InstanceLoader] SupplierModule dependencies initialized
[2026-08-20T03:10:32.800Z] [LOG] [RoutesResolver] AppController {/}:
[2026-08-20T03:10:32.800Z] [LOG] [InstanceLoader] SupplierGroupModule dependencies initialized
[2026-08-20T03:10:32.800Z] [LOG] [RouterExplorer] Mapped {/, GET} route
[2026-08-20T03:10:32.800Z] [LOG] [RoutesResolver] UserController {/users}:
[2026-08-20T03:10:32.800Z] [LOG] [InstanceLoader] AuthModule dependencies initialized
[2026-08-20T03:10:32.800Z] [LOG] [RouterExplorer] Mapped {/users/:id, GET} route
[2026-08-20T03:10:32.800Z] [LOG] [RouterExplorer] Mapped {/users, GET} route
[2026-08-20T03:10:32.800Z] [LOG] [RouterExplorer] Mapped {/users, POST} route
[2026-08-20T03:10:32.801Z] [LOG] [RouterExplorer] Mapped {/auth/login, POST} route
[2026-08-20T03:10:32.800Z] [LOG] [RouterExplorer] Mapped {/users/:id/status, PUT} route
[2026-08-20T03:10:32.801Z] [LOG] [RouterExplorer] Mapped {/auth/logout, POST} route
[2026-08-20T03:10:32.801Z] [LOG] [RouterExplorer] Mapped {/auth/refresh, POST} route
[2026-08-20T03:10:32.801Z] [LOG] [RoutesResolver] SupplierController {/suppliers}:
[2026-08-20T03:10:32.801Z] [LOG] [RoutesResolver] AuthController {/auth}:
[2026-08-20T03:10:32.801Z] [LOG] [RouterExplorer] Mapped {/auth/me, GET} route
[2026-08-20T03:10:32.801Z] [LOG] [RouterExplorer] Mapped {/suppliers/:id, GET} route
[2026-08-20T03:10:32.801Z] [LOG] [RoutesResolver] SupplierGroupController {/supplier-groups}:
[2026-08-20T03:10:32.801Z] [LOG] [RouterExplorer] Mapped {/suppliers, POST} route
[2026-08-20T03:10:32.801Z] [LOG] [RouterExplorer] Mapped {/supplier-groups, POST} route
[2026-08-20T03:10:32.801Z] [LOG] [RouterExplorer] Mapped {/supplier-groups/:id, GET} route
[2026-08-20T03:10:32.801Z] [LOG] [RouterExplorer] Mapped {/suppliers, GET} route
[2026-08-20T03:10:32.801Z] [LOG] [RouterExplorer] Mapped {/supplier-groups, GET} route
[2026-08-20T03:10:32.802Z] [LOG] [RouterExplorer] Mapped {/supplier-groups/:id/assign-suppliers, POST} route
[2026-08-20T03:10:32.801Z] [LOG] [RouterExplorer] Mapped {/supplier-groups/:id, PUT} route
[2026-08-20T03:10:32.801Z] [LOG] [RouterExplorer] Mapped {/supplier-groups/:id/status, PUT} route
[2026-08-20T03:10:32.802Z] [LOG] [NestApplication] Nest application successfully started
[2026-08-20T03:10:45.206Z] [LOG] [InstanceLoader] TypeOrmModule dependencies initialized
[2026-08-20T03:10:45.206Z] [LOG] [InstanceLoader] TokenModule dependencies initialized
[2026-08-20T03:10:45.206Z] [LOG] [InstanceLoader] ConfigHostModule dependencies initialized
[2026-08-20T03:10:45.206Z] [LOG] [NestFactory] Starting Nest application...
[2026-08-20T03:10:45.206Z] [LOG] [InstanceLoader] ConfigModule dependencies initialized
[2026-08-20T03:10:45.206Z] [LOG] [InstanceLoader] ConfigModule dependencies initialized
[2026-08-20T03:10:45.207Z] [LOG] [InstanceLoader] JwtModule dependencies initialized
[2026-08-20T03:10:45.206Z] [LOG] [InstanceLoader] AppModule dependencies initialized
[2026-08-20T03:10:45.207Z] [LOG] [InstanceLoader] RedisModule dependencies initialized
[2026-08-20T03:10:45.207Z] [LOG] [InstanceLoader] TypeOrmCoreModule dependencies initialized
[2026-08-20T03:10:45.207Z] [LOG] [InstanceLoader] TypeOrmModule dependencies initialized
[2026-08-20T03:10:45.207Z] [LOG] [InstanceLoader] TypeOrmModule dependencies initialized
[2026-08-20T03:10:45.207Z] [LOG] [InstanceLoader] UserModule dependencies initialized
[2026-08-20T03:10:45.207Z] [LOG] [InstanceLoader] TypeOrmModule dependencies initialized
[2026-08-20T03:10:45.207Z] [LOG] [InstanceLoader] SupplierModule dependencies initialized
[2026-08-20T03:10:45.207Z] [LOG] [InstanceLoader] SupplierGroupModule dependencies initialized
[2026-08-20T03:10:45.207Z] [LOG] [RouterExplorer] Mapped {/, GET} route
[2026-08-20T03:10:45.207Z] [LOG] [InstanceLoader] AuthModule dependencies initialized
[2026-08-20T03:10:45.207Z] [LOG] [RoutesResolver] AppController {/}:
[2026-08-20T03:10:45.208Z] [LOG] [RoutesResolver] UserController {/users}:
[2026-08-20T03:10:45.208Z] [LOG] [RouterExplorer] Mapped {/users, GET} route
[2026-08-20T03:10:45.208Z] [LOG] [RouterExplorer] Mapped {/users, POST} route
[2026-08-20T03:10:45.208Z] [LOG] [RouterExplorer] Mapped {/users/:id/status, PUT} route
[2026-08-20T03:10:45.208Z] [LOG] [RouterExplorer] Mapped {/auth/login, POST} route
[2026-08-20T03:10:45.208Z] [LOG] [RoutesResolver] AuthController {/auth}:
[2026-08-20T03:10:45.208Z] [LOG] [RouterExplorer] Mapped {/users/:id, GET} route
[2026-08-20T03:10:45.208Z] [LOG] [RouterExplorer] Mapped {/auth/logout, POST} route
[2026-08-20T03:10:45.208Z] [LOG] [RouterExplorer] Mapped {/auth/refresh, POST} route
[2026-08-20T03:10:45.208Z] [LOG] [RouterExplorer] Mapped {/suppliers, POST} route
[2026-08-20T03:10:45.208Z] [LOG] [RoutesResolver] SupplierController {/suppliers}:
[2026-08-20T03:10:45.209Z] [LOG] [RouterExplorer] Mapped {/suppliers/:id, GET} route
[2026-08-20T03:10:45.209Z] [LOG] [RoutesResolver] SupplierGroupController {/supplier-groups}:
[2026-08-20T03:10:45.208Z] [LOG] [RouterExplorer] Mapped {/auth/me, GET} route
[2026-08-20T03:10:45.208Z] [LOG] [RouterExplorer] Mapped {/suppliers, GET} route
[2026-08-20T03:10:45.209Z] [LOG] [RouterExplorer] Mapped {/supplier-groups, GET} route
[2026-08-20T03:10:45.209Z] [LOG] [RouterExplorer] Mapped {/supplier-groups, POST} route
[2026-08-20T03:10:45.209Z] [LOG] [RouterExplorer] Mapped {/supplier-groups/:id, GET} route
[2026-08-20T03:10:45.209Z] [LOG] [RouterExplorer] Mapped {/supplier-groups/:id/status, PUT} route
[2026-08-20T03:10:45.209Z] [LOG] [RouterExplorer] Mapped {/supplier-groups/:id/assign-suppliers, POST} route
[2026-08-20T03:10:45.209Z] [LOG] [NestApplication] Nest application successfully started
[2026-08-20T03:10:45.209Z] [LOG] [RouterExplorer] Mapped {/supplier-groups/:id, PUT} route
[2026-08-20T03:10:54.496Z] [LOG] [NestFactory] Starting Nest application...
[2026-08-20T03:10:54.496Z] [LOG] [InstanceLoader] TypeOrmModule dependencies initialized
[2026-08-20T03:10:54.496Z] [LOG] [InstanceLoader] ConfigHostModule dependencies initialized
[2026-08-20T03:10:54.497Z] [LOG] [InstanceLoader] ConfigModule dependencies initialized
[2026-08-20T03:10:54.496Z] [LOG] [InstanceLoader] TokenModule dependencies initialized
[2026-08-20T03:10:54.497Z] [LOG] [InstanceLoader] ConfigModule dependencies initialized
[2026-08-20T03:10:54.497Z] [LOG] [InstanceLoader] JwtModule dependencies initialized
[2026-08-20T03:10:54.497Z] [LOG] [InstanceLoader] AppModule dependencies initialized
[2026-08-20T03:10:54.497Z] [LOG] [InstanceLoader] RedisModule dependencies initialized
[2026-08-20T03:10:54.497Z] [LOG] [InstanceLoader] TypeOrmCoreModule dependencies initialized
[2026-08-20T03:10:54.498Z] [LOG] [InstanceLoader] TypeOrmModule dependencies initialized
[2026-08-20T03:10:54.498Z] [LOG] [InstanceLoader] AuthModule dependencies initialized
[2026-08-20T03:10:54.498Z] [LOG] [InstanceLoader] TypeOrmModule dependencies initialized
[2026-08-20T03:10:54.498Z] [LOG] [InstanceLoader] UserModule dependencies initialized
[2026-08-20T03:10:54.498Z] [LOG] [InstanceLoader] TypeOrmModule dependencies initialized
[2026-08-20T03:10:54.498Z] [LOG] [InstanceLoader] SupplierGroupModule dependencies initialized
[2026-08-20T03:10:54.498Z] [LOG] [RoutesResolver] AppController {/}:
[2026-08-20T03:10:54.498Z] [LOG] [InstanceLoader] SupplierModule dependencies initialized
[2026-08-20T03:10:54.498Z] [LOG] [RouterExplorer] Mapped {/users, POST} route
[2026-08-20T03:10:54.498Z] [LOG] [RouterExplorer] Mapped {/, GET} route
[2026-08-20T03:10:54.498Z] [LOG] [RoutesResolver] UserController {/users}:
[2026-08-20T03:10:54.499Z] [LOG] [RouterExplorer] Mapped {/users, GET} route
[2026-08-20T03:10:54.499Z] [LOG] [RoutesResolver] AuthController {/auth}:
[2026-08-20T03:10:54.499Z] [LOG] [RouterExplorer] Mapped {/users/:id, GET} route
[2026-08-20T03:10:54.499Z] [LOG] [RouterExplorer] Mapped {/users/:id/status, PUT} route
[2026-08-20T03:10:54.499Z] [LOG] [RouterExplorer] Mapped {/auth/logout, POST} route
[2026-08-20T03:10:54.499Z] [LOG] [RouterExplorer] Mapped {/auth/login, POST} route
[2026-08-20T03:10:54.499Z] [LOG] [RouterExplorer] Mapped {/auth/refresh, POST} route
[2026-08-20T03:10:54.499Z] [LOG] [RouterExplorer] Mapped {/suppliers, POST} route
[2026-08-20T03:10:54.499Z] [LOG] [RoutesResolver] SupplierController {/suppliers}:
[2026-08-20T03:10:54.499Z] [LOG] [RouterExplorer] Mapped {/suppliers, GET} route
[2026-08-20T03:10:54.500Z] [LOG] [RouterExplorer] Mapped {/suppliers/:id, GET} route
[2026-08-20T03:10:54.500Z] [LOG] [RoutesResolver] SupplierGroupController {/supplier-groups}:
[2026-08-20T03:10:54.499Z] [LOG] [RouterExplorer] Mapped {/auth/me, GET} route
[2026-08-20T03:10:54.500Z] [LOG] [RouterExplorer] Mapped {/supplier-groups, GET} route
[2026-08-20T03:10:54.500Z] [LOG] [RouterExplorer] Mapped {/supplier-groups, POST} route
[2026-08-20T03:10:54.500Z] [LOG] [RouterExplorer] Mapped {/supplier-groups/:id, GET} route
[2026-08-20T03:10:54.500Z] [LOG] [RouterExplorer] Mapped {/supplier-groups/:id/status, PUT} route
[2026-08-20T03:10:54.500Z] [LOG] [RouterExplorer] Mapped {/supplier-groups/:id, PUT} route
[2026-08-20T03:10:54.500Z] [LOG] [RouterExplorer] Mapped {/supplier-groups/:id/assign-suppliers, POST} route
[2026-08-20T03:10:54.500Z] [LOG] [NestApplication] Nest application successfully started
[2026-08-20T03:15:18.197Z] [LOG] [NestFactory] Starting Nest application...
[2026-08-20T03:15:18.198Z] [LOG] [InstanceLoader] TokenModule dependencies initialized
[2026-08-20T03:15:18.198Z] [LOG] [InstanceLoader] TypeOrmModule dependencies initialized
[2026-08-20T03:15:18.198Z] [LOG] [InstanceLoader] AppModule dependencies initialized
[2026-08-20T03:15:18.199Z] [LOG] [InstanceLoader] RedisModule dependencies initialized
[2026-08-20T03:15:18.198Z] [LOG] [InstanceLoader] ConfigHostModule dependencies initialized
[2026-08-20T03:15:18.198Z] [LOG] [InstanceLoader] ConfigModule dependencies initialized
[2026-08-20T03:15:18.199Z] [LOG] [InstanceLoader] JwtModule dependencies initialized
[2026-08-20T03:15:18.198Z] [LOG] [InstanceLoader] ConfigModule dependencies initialized
[2026-08-20T03:15:18.199Z] [LOG] [InstanceLoader] TypeOrmModule dependencies initialized
[2026-08-20T03:15:18.199Z] [LOG] [InstanceLoader] TypeOrmCoreModule dependencies initialized
[2026-08-20T03:15:18.200Z] [LOG] [InstanceLoader] AuthModule dependencies initialized
[2026-08-20T03:15:18.199Z] [LOG] [InstanceLoader] TypeOrmModule dependencies initialized
[2026-08-20T03:15:18.200Z] [LOG] [InstanceLoader] UserModule dependencies initialized
[2026-08-20T03:15:18.200Z] [LOG] [InstanceLoader] TypeOrmModule dependencies initialized
[2026-08-20T03:15:18.200Z] [LOG] [InstanceLoader] SupplierModule dependencies initialized
[2026-08-20T03:15:18.200Z] [LOG] [RouterExplorer] Mapped {/, GET} route
[2026-08-20T03:15:18.200Z] [LOG] [InstanceLoader] SupplierGroupModule dependencies initialized
[2026-08-20T03:15:18.200Z] [LOG] [RoutesResolver] AppController {/}:
[2026-08-20T03:15:18.200Z] [LOG] [RoutesResolver] UserController {/users}:
[2026-08-20T03:15:18.200Z] [LOG] [RouterExplorer] Mapped {/users, GET} route
[2026-08-20T03:15:18.200Z] [LOG] [RouterExplorer] Mapped {/users, POST} route
[2026-08-20T03:15:18.201Z] [LOG] [RouterExplorer] Mapped {/users/:id/status, PUT} route
[2026-08-20T03:15:18.201Z] [LOG] [RouterExplorer] Mapped {/auth/login, POST} route
[2026-08-20T03:15:18.201Z] [LOG] [RouterExplorer] Mapped {/auth/refresh, POST} route
[2026-08-20T03:15:18.201Z] [LOG] [RouterExplorer] Mapped {/auth/logout, POST} route
[2026-08-20T03:15:18.200Z] [LOG] [RouterExplorer] Mapped {/users/:id, GET} route
[2026-08-20T03:15:18.201Z] [LOG] [RouterExplorer] Mapped {/auth/me, GET} route
[2026-08-20T03:15:18.201Z] [LOG] [RoutesResolver] SupplierController {/suppliers}:
[2026-08-20T03:15:18.201Z] [LOG] [RouterExplorer] Mapped {/suppliers, GET} route
[2026-08-20T03:15:18.201Z] [LOG] [RouterExplorer] Mapped {/suppliers, POST} route
[2026-08-20T03:15:18.201Z] [LOG] [RouterExplorer] Mapped {/suppliers/:id, GET} route
[2026-08-20T03:15:18.201Z] [LOG] [RoutesResolver] AuthController {/auth}:
[2026-08-20T03:15:18.201Z] [LOG] [RouterExplorer] Mapped {/supplier-groups, POST} route
[2026-08-20T03:15:18.201Z] [LOG] [RouterExplorer] Mapped {/supplier-groups/:id, GET} route
[2026-08-20T03:15:18.201Z] [LOG] [RoutesResolver] SupplierGroupController {/supplier-groups}:
[2026-08-20T03:15:18.201Z] [LOG] [RouterExplorer] Mapped {/supplier-groups/:id/status, PUT} route
[2026-08-20T03:15:18.201Z] [LOG] [RouterExplorer] Mapped {/supplier-groups, GET} route
[2026-08-20T03:15:18.201Z] [LOG] [RouterExplorer] Mapped {/supplier-groups/:id, PUT} route
[2026-08-20T03:15:18.202Z] [LOG] [NestApplication] Nest application successfully started
[2026-08-20T03:15:18.202Z] [LOG] [RouterExplorer] Mapped {/supplier-groups/:id/assign-suppliers, POST} route
[2026-08-20T03:20:12.827Z] [LOG] [NestFactory] Starting Nest application...
[2026-08-20T03:20:12.828Z] [LOG] [InstanceLoader] TypeOrmModule dependencies initialized
[2026-08-20T03:20:12.828Z] [LOG] [InstanceLoader] TokenModule dependencies initialized
[2026-08-20T03:20:12.828Z] [LOG] [InstanceLoader] AppModule dependencies initialized
[2026-08-20T03:20:12.828Z] [LOG] [InstanceLoader] ConfigHostModule dependencies initialized
[2026-08-20T03:20:12.829Z] [LOG] [InstanceLoader] RedisModule dependencies initialized
[2026-08-20T03:20:12.828Z] [LOG] [InstanceLoader] ConfigModule dependencies initialized
[2026-08-20T03:20:12.829Z] [LOG] [InstanceLoader] ConfigModule dependencies initialized
[2026-08-20T03:20:12.829Z] [LOG] [InstanceLoader] TypeOrmCoreModule dependencies initialized
[2026-08-20T03:20:12.829Z] [LOG] [InstanceLoader] TypeOrmModule dependencies initialized
[2026-08-20T03:20:12.829Z] [LOG] [InstanceLoader] JwtModule dependencies initialized
[2026-08-20T03:20:12.829Z] [LOG] [InstanceLoader] TypeOrmModule dependencies initialized
[2026-08-20T03:20:12.830Z] [LOG] [InstanceLoader] UserModule dependencies initialized
[2026-08-20T03:20:12.829Z] [LOG] [InstanceLoader] AuthModule dependencies initialized
[2026-08-20T03:20:12.829Z] [LOG] [InstanceLoader] TypeOrmModule dependencies initialized
[2026-08-20T03:20:12.830Z] [LOG] [InstanceLoader] SupplierGroupModule dependencies initialized
[2026-08-20T03:20:12.830Z] [LOG] [RoutesResolver] AppController {/}:
[2026-08-20T03:20:12.830Z] [LOG] [InstanceLoader] SupplierModule dependencies initialized
[2026-08-20T03:20:12.830Z] [LOG] [RouterExplorer] Mapped {/users, POST} route
[2026-08-20T03:20:12.830Z] [LOG] [RouterExplorer] Mapped {/, GET} route
[2026-08-20T03:20:12.830Z] [LOG] [RouterExplorer] Mapped {/users, GET} route
[2026-08-20T03:20:12.830Z] [LOG] [RouterExplorer] Mapped {/users/:id, GET} route
[2026-08-20T03:20:12.830Z] [LOG] [RouterExplorer] Mapped {/users/:id/status, PUT} route
[2026-08-20T03:20:12.830Z] [LOG] [RoutesResolver] UserController {/users}:
[2026-08-20T03:20:12.830Z] [LOG] [RouterExplorer] Mapped {/auth/login, POST} route
[2026-08-20T03:20:12.830Z] [LOG] [RouterExplorer] Mapped {/auth/refresh, POST} route
[2026-08-20T03:20:12.830Z] [LOG] [RouterExplorer] Mapped {/auth/me, GET} route
[2026-08-20T03:20:12.830Z] [LOG] [RouterExplorer] Mapped {/auth/logout, POST} route
[2026-08-20T03:20:12.830Z] [LOG] [RoutesResolver] AuthController {/auth}:
[2026-08-20T03:20:12.830Z] [LOG] [RoutesResolver] SupplierController {/suppliers}:
[2026-08-20T03:20:12.831Z] [LOG] [RouterExplorer] Mapped {/suppliers/:id, GET} route
[2026-08-20T03:20:12.831Z] [LOG] [RouterExplorer] Mapped {/suppliers, POST} route
[2026-08-20T03:20:12.831Z] [LOG] [RoutesResolver] SupplierGroupController {/supplier-groups}:
[2026-08-20T03:20:12.831Z] [LOG] [RouterExplorer] Mapped {/suppliers, GET} route
[2026-08-20T03:20:12.831Z] [LOG] [RouterExplorer] Mapped {/supplier-groups, GET} route
[2026-08-20T03:20:12.831Z] [LOG] [RouterExplorer] Mapped {/supplier-groups, POST} route
[2026-08-20T03:20:12.831Z] [LOG] [RouterExplorer] Mapped {/supplier-groups/:id, PUT} route
[2026-08-20T03:20:12.831Z] [LOG] [RouterExplorer] Mapped {/supplier-groups/:id/status, PUT} route
[2026-08-20T03:20:12.831Z] [LOG] [RouterExplorer] Mapped {/supplier-groups/:id/assign-suppliers, POST} route
[2026-08-20T03:20:12.831Z] [LOG] [NestApplication] Nest application successfully started
[2026-08-20T03:20:12.831Z] [LOG] [RouterExplorer] Mapped {/supplier-groups/:id, GET} route
[2026-08-20T03:20:20.275Z] [LOG] [NestFactory] Starting Nest application...
[2026-08-20T03:20:20.276Z] [LOG] [InstanceLoader] TypeOrmModule dependencies initialized
[2026-08-20T03:20:20.276Z] [LOG] [InstanceLoader] TokenModule dependencies initialized
[2026-08-20T03:20:20.276Z] [LOG] [InstanceLoader] ConfigHostModule dependencies initialized
[2026-08-20T03:20:20.276Z] [LOG] [InstanceLoader] ConfigModule dependencies initialized
[2026-08-20T03:20:20.276Z] [LOG] [InstanceLoader] AppModule dependencies initialized
[2026-08-20T03:20:20.277Z] [LOG] [InstanceLoader] RedisModule dependencies initialized
[2026-08-20T03:20:20.277Z] [LOG] [InstanceLoader] TypeOrmCoreModule dependencies initialized
[2026-08-20T03:20:20.277Z] [LOG] [InstanceLoader] TypeOrmModule dependencies initialized
[2026-08-20T03:20:20.277Z] [LOG] [InstanceLoader] JwtModule dependencies initialized
[2026-08-20T03:20:20.277Z] [LOG] [InstanceLoader] ConfigModule dependencies initialized
[2026-08-20T03:20:20.277Z] [LOG] [InstanceLoader] TypeOrmModule dependencies initialized
[2026-08-20T03:20:20.277Z] [LOG] [InstanceLoader] TypeOrmModule dependencies initialized
[2026-08-20T03:20:20.278Z] [LOG] [InstanceLoader] SupplierModule dependencies initialized
[2026-08-20T03:20:20.277Z] [LOG] [InstanceLoader] AuthModule dependencies initialized
[2026-08-20T03:20:20.278Z] [LOG] [InstanceLoader] SupplierGroupModule dependencies initialized
[2026-08-20T03:20:20.278Z] [LOG] [RoutesResolver] AppController {/}:
[2026-08-20T03:20:20.278Z] [LOG] [RouterExplorer] Mapped {/, GET} route
[2026-08-20T03:20:20.278Z] [LOG] [RoutesResolver] UserController {/users}:
[2026-08-20T03:20:20.277Z] [LOG] [InstanceLoader] UserModule dependencies initialized
[2026-08-20T03:20:20.278Z] [LOG] [RouterExplorer] Mapped {/users, GET} route
[2026-08-20T03:20:20.278Z] [LOG] [RouterExplorer] Mapped {/users, POST} route
[2026-08-20T03:20:20.278Z] [LOG] [RouterExplorer] Mapped {/users/:id, GET} route
[2026-08-20T03:20:20.278Z] [LOG] [RouterExplorer] Mapped {/auth/login, POST} route
[2026-08-20T03:20:20.278Z] [LOG] [RouterExplorer] Mapped {/users/:id/status, PUT} route
[2026-08-20T03:20:20.278Z] [LOG] [RouterExplorer] Mapped {/auth/refresh, POST} route
[2026-08-20T03:20:20.278Z] [LOG] [RouterExplorer] Mapped {/auth/logout, POST} route
[2026-08-20T03:20:20.278Z] [LOG] [RoutesResolver] AuthController {/auth}:
[2026-08-20T03:20:20.278Z] [LOG] [RouterExplorer] Mapped {/auth/me, GET} route
[2026-08-20T03:20:20.278Z] [LOG] [RoutesResolver] SupplierController {/suppliers}:
[2026-08-20T03:20:20.279Z] [LOG] [RouterExplorer] Mapped {/suppliers/:id, GET} route
[2026-08-20T03:20:20.278Z] [LOG] [RouterExplorer] Mapped {/suppliers, GET} route
[2026-08-20T03:20:20.279Z] [LOG] [RoutesResolver] SupplierGroupController {/supplier-groups}:
[2026-08-20T03:20:20.278Z] [LOG] [RouterExplorer] Mapped {/suppliers, POST} route
[2026-08-20T03:20:20.279Z] [LOG] [RouterExplorer] Mapped {/supplier-groups, GET} route
[2026-08-20T03:20:20.279Z] [LOG] [RouterExplorer] Mapped {/supplier-groups/:id, GET} route
[2026-08-20T03:20:20.279Z] [LOG] [RouterExplorer] Mapped {/supplier-groups/:id/status, PUT} route
[2026-08-20T03:20:20.279Z] [LOG] [RouterExplorer] Mapped {/supplier-groups/:id, PUT} route
[2026-08-20T03:20:20.279Z] [LOG] [NestApplication] Nest application successfully started
[2026-08-20T03:20:20.279Z] [LOG] [RouterExplorer] Mapped {/supplier-groups/:id/assign-suppliers, POST} route
[2026-08-20T03:20:20.279Z] [LOG] [RouterExplorer] Mapped {/supplier-groups, POST} route
[2026-08-20T03:21:13.101Z] [LOG] [NestFactory] Starting Nest application...
[2026-08-20T03:21:13.101Z] [LOG] [InstanceLoader] TypeOrmModule dependencies initialized
[2026-08-20T03:21:13.101Z] [LOG] [InstanceLoader] ConfigHostModule dependencies initialized
[2026-08-20T03:21:13.101Z] [LOG] [InstanceLoader] TokenModule dependencies initialized
[2026-08-20T03:21:13.102Z] [LOG] [InstanceLoader] ConfigModule dependencies initialized
[2026-08-20T03:21:13.102Z] [LOG] [InstanceLoader] RedisModule dependencies initialized
[2026-08-20T03:21:13.102Z] [LOG] [InstanceLoader] ConfigModule dependencies initialized
[2026-08-20T03:21:13.102Z] [LOG] [InstanceLoader] TypeOrmCoreModule dependencies initialized
[2026-08-20T03:21:13.102Z] [LOG] [InstanceLoader] AppModule dependencies initialized
[2026-08-20T03:21:13.102Z] [LOG] [InstanceLoader] TypeOrmModule dependencies initialized
[2026-08-20T03:21:13.103Z] [LOG] [InstanceLoader] TypeOrmModule dependencies initialized
[2026-08-20T03:21:13.102Z] [LOG] [InstanceLoader] TypeOrmModule dependencies initialized
[2026-08-20T03:21:13.103Z] [LOG] [InstanceLoader] UserModule dependencies initialized
[2026-08-20T03:21:13.103Z] [LOG] [InstanceLoader] SupplierModule dependencies initialized
[2026-08-20T03:21:13.103Z] [LOG] [InstanceLoader] SupplierGroupModule dependencies initialized
[2026-08-20T03:21:13.102Z] [LOG] [InstanceLoader] JwtModule dependencies initialized
[2026-08-20T03:21:13.103Z] [LOG] [InstanceLoader] AuthModule dependencies initialized
[2026-08-20T03:21:13.103Z] [LOG] [RouterExplorer] Mapped {/, GET} route
[2026-08-20T03:21:13.103Z] [LOG] [RouterExplorer] Mapped {/users, POST} route
[2026-08-20T03:21:13.103Z] [LOG] [RoutesResolver] UserController {/users}:
[2026-08-20T03:21:13.103Z] [LOG] [RouterExplorer] Mapped {/users, GET} route
[2026-08-20T03:21:13.104Z] [LOG] [RouterExplorer] Mapped {/users/:id, GET} route
[2026-08-20T03:21:13.104Z] [LOG] [RouterExplorer] Mapped {/users/:id/status, PUT} route
[2026-08-20T03:21:13.104Z] [LOG] [RouterExplorer] Mapped {/auth/login, POST} route
[2026-08-20T03:21:13.104Z] [LOG] [RouterExplorer] Mapped {/auth/refresh, POST} route
[2026-08-20T03:21:13.103Z] [LOG] [RoutesResolver] AppController {/}:
[2026-08-20T03:21:13.104Z] [LOG] [RoutesResolver] AuthController {/auth}:
[2026-08-20T03:21:13.104Z] [LOG] [RouterExplorer] Mapped {/auth/me, GET} route
[2026-08-20T03:21:13.104Z] [LOG] [RoutesResolver] SupplierController {/suppliers}:
[2026-08-20T03:21:13.104Z] [LOG] [RouterExplorer] Mapped {/suppliers, POST} route
[2026-08-20T03:21:13.104Z] [LOG] [RouterExplorer] Mapped {/auth/logout, POST} route
[2026-08-20T03:21:13.105Z] [LOG] [RouterExplorer] Mapped {/suppliers/:id, GET} route
[2026-08-20T03:21:13.105Z] [LOG] [RouterExplorer] Mapped {/supplier-groups, POST} route
[2026-08-20T03:21:13.105Z] [LOG] [RoutesResolver] SupplierGroupController {/supplier-groups}:
[2026-08-20T03:21:13.105Z] [LOG] [RouterExplorer] Mapped {/supplier-groups, GET} route
[2026-08-20T03:21:13.105Z] [LOG] [RouterExplorer] Mapped {/supplier-groups/:id, GET} route
[2026-08-20T03:21:13.105Z] [LOG] [RouterExplorer] Mapped {/supplier-groups/:id/status, PUT} route
[2026-08-20T03:21:13.104Z] [LOG] [RouterExplorer] Mapped {/suppliers, GET} route
[2026-08-20T03:21:13.105Z] [LOG] [RouterExplorer] Mapped {/supplier-groups/:id, PUT} route
[2026-08-20T03:21:13.105Z] [LOG] [RouterExplorer] Mapped {/supplier-groups/:id/assign-suppliers, POST} route
[2026-08-20T03:21:13.105Z] [LOG] [NestApplication] Nest application successfully started
[2026-08-20T03:21:53.540Z] [LOG] [NestFactory] Starting Nest application...
[2026-08-20T03:21:53.540Z] [LOG] [InstanceLoader] TypeOrmModule dependencies initialized
[2026-08-20T03:21:53.541Z] [LOG] [InstanceLoader] ConfigHostModule dependencies initialized
[2026-08-20T03:21:53.541Z] [LOG] [InstanceLoader] ConfigModule dependencies initialized
[2026-08-20T03:21:53.541Z] [LOG] [InstanceLoader] ConfigModule dependencies initialized
[2026-08-20T03:21:53.541Z] [LOG] [InstanceLoader] TokenModule dependencies initialized
[2026-08-20T03:21:53.541Z] [LOG] [InstanceLoader] RedisModule dependencies initialized
[2026-08-20T03:21:53.541Z] [LOG] [InstanceLoader] AppModule dependencies initialized
[2026-08-20T03:21:53.542Z] [LOG] [InstanceLoader] TypeOrmCoreModule dependencies initialized
[2026-08-20T03:21:53.542Z] [LOG] [InstanceLoader] JwtModule dependencies initialized
[2026-08-20T03:21:53.542Z] [LOG] [InstanceLoader] TypeOrmModule dependencies initialized
[2026-08-20T03:21:53.542Z] [LOG] [InstanceLoader] TypeOrmModule dependencies initialized
[2026-08-20T03:21:53.542Z] [LOG] [InstanceLoader] UserModule dependencies initialized
[2026-08-20T03:21:53.542Z] [LOG] [InstanceLoader] TypeOrmModule dependencies initialized
[2026-08-20T03:21:53.542Z] [LOG] [InstanceLoader] SupplierModule dependencies initialized
[2026-08-20T03:21:53.543Z] [LOG] [InstanceLoader] SupplierGroupModule dependencies initialized
[2026-08-20T03:21:53.543Z] [LOG] [RoutesResolver] AppController {/}:
[2026-08-20T03:21:53.542Z] [LOG] [InstanceLoader] AuthModule dependencies initialized
[2026-08-20T03:21:53.543Z] [LOG] [RouterExplorer] Mapped {/users, POST} route
[2026-08-20T03:21:53.543Z] [LOG] [RouterExplorer] Mapped {/, GET} route
[2026-08-20T03:21:53.543Z] [LOG] [RoutesResolver] UserController {/users}:
[2026-08-20T03:21:53.543Z] [LOG] [RouterExplorer] Mapped {/users, GET} route
[2026-08-20T03:21:53.543Z] [LOG] [RouterExplorer] Mapped {/users/:id, GET} route
[2026-08-20T03:21:53.543Z] [LOG] [RouterExplorer] Mapped {/auth/login, POST} route
[2026-08-20T03:21:53.543Z] [LOG] [RouterExplorer] Mapped {/users/:id/status, PUT} route
[2026-08-20T03:21:53.543Z] [LOG] [RouterExplorer] Mapped {/auth/logout, POST} route
[2026-08-20T03:21:53.543Z] [LOG] [RouterExplorer] Mapped {/auth/refresh, POST} route
[2026-08-20T03:21:53.543Z] [LOG] [RoutesResolver] AuthController {/auth}:
[2026-08-20T03:21:53.544Z] [LOG] [RoutesResolver] SupplierController {/suppliers}:
[2026-08-20T03:21:53.544Z] [LOG] [RouterExplorer] Mapped {/suppliers, GET} route
[2026-08-20T03:21:53.544Z] [LOG] [RouterExplorer] Mapped {/suppliers/:id, GET} route
[2026-08-20T03:21:53.544Z] [LOG] [RoutesResolver] SupplierGroupController {/supplier-groups}:
[2026-08-20T03:21:53.543Z] [LOG] [RouterExplorer] Mapped {/auth/me, GET} route
[2026-08-20T03:21:53.544Z] [LOG] [RouterExplorer] Mapped {/supplier-groups, POST} route
[2026-08-20T03:21:53.544Z] [LOG] [RouterExplorer] Mapped {/supplier-groups/:id, GET} route
[2026-08-20T03:21:53.544Z] [LOG] [RouterExplorer] Mapped {/suppliers, POST} route
[2026-08-20T03:21:53.544Z] [LOG] [RouterExplorer] Mapped {/supplier-groups, GET} route
[2026-08-20T03:21:53.544Z] [LOG] [RouterExplorer] Mapped {/supplier-groups/:id, PUT} route
[2026-08-20T03:21:53.544Z] [LOG] [RouterExplorer] Mapped {/supplier-groups/:id/assign-suppliers, POST} route
[2026-08-20T03:21:53.544Z] [LOG] [RouterExplorer] Mapped {/supplier-groups/:id/status, PUT} route
[2026-08-20T03:21:53.545Z] [LOG] [NestApplication] Nest application successfully started
[2026-08-20T03:28:26.492Z] [LOG] [NestFactory] Starting Nest application...
[2026-08-20T03:28:26.492Z] [LOG] [InstanceLoader] TypeOrmModule dependencies initialized
[2026-08-20T03:28:26.493Z] [LOG] [InstanceLoader] ConfigHostModule dependencies initialized
[2026-08-20T03:28:26.493Z] [LOG] [InstanceLoader] ConfigModule dependencies initialized
[2026-08-20T03:28:26.493Z] [LOG] [InstanceLoader] AppModule dependencies initialized
[2026-08-20T03:28:26.493Z] [LOG] [InstanceLoader] ConfigModule dependencies initialized
[2026-08-20T03:28:26.493Z] [LOG] [InstanceLoader] JwtModule dependencies initialized
[2026-08-20T03:28:26.493Z] [LOG] [InstanceLoader] TokenModule dependencies initialized
[2026-08-20T03:28:26.494Z] [LOG] [InstanceLoader] TypeOrmCoreModule dependencies initialized
[2026-08-20T03:28:26.494Z] [LOG] [InstanceLoader] TypeOrmModule dependencies initialized
[2026-08-20T03:28:26.494Z] [LOG] [InstanceLoader] TypeOrmModule dependencies initialized
[2026-08-20T03:28:26.493Z] [LOG] [InstanceLoader] RedisModule dependencies initialized
[2026-08-20T03:28:26.494Z] [LOG] [InstanceLoader] TypeOrmModule dependencies initialized
[2026-08-20T03:28:26.494Z] [LOG] [InstanceLoader] SupplierModule dependencies initialized
[2026-08-20T03:28:26.494Z] [LOG] [InstanceLoader] AuthModule dependencies initialized
[2026-08-20T03:28:26.494Z] [LOG] [RoutesResolver] AppController {/}:
[2026-08-20T03:28:26.494Z] [LOG] [InstanceLoader] UserModule dependencies initialized
[2026-08-20T03:28:26.494Z] [LOG] [InstanceLoader] SupplierGroupModule dependencies initialized
[2026-08-20T03:28:26.494Z] [LOG] [RouterExplorer] Mapped {/users, POST} route
[2026-08-20T03:28:26.494Z] [LOG] [RoutesResolver] UserController {/users}:
[2026-08-20T03:28:26.494Z] [LOG] [RouterExplorer] Mapped {/users, GET} route
[2026-08-20T03:28:26.494Z] [LOG] [RouterExplorer] Mapped {/users/:id, GET} route
[2026-08-20T03:28:26.494Z] [LOG] [RouterExplorer] Mapped {/users/:id/status, PUT} route
[2026-08-20T03:28:26.495Z] [LOG] [RouterExplorer] Mapped {/auth/login, POST} route
[2026-08-20T03:28:26.494Z] [LOG] [RouterExplorer] Mapped {/, GET} route
[2026-08-20T03:28:26.495Z] [LOG] [RouterExplorer] Mapped {/auth/refresh, POST} route
[2026-08-20T03:28:26.495Z] [LOG] [RouterExplorer] Mapped {/auth/logout, POST} route
[2026-08-20T03:28:26.495Z] [LOG] [RoutesResolver] SupplierController {/suppliers}:
[2026-08-20T03:28:26.495Z] [LOG] [RoutesResolver] AuthController {/auth}:
[2026-08-20T03:28:26.495Z] [LOG] [RouterExplorer] Mapped {/auth/me, GET} route
[2026-08-20T03:28:26.495Z] [LOG] [RouterExplorer] Mapped {/suppliers, POST} route
[2026-08-20T03:28:26.495Z] [LOG] [RouterExplorer] Mapped {/suppliers/:id, GET} route
[2026-08-20T03:28:26.495Z] [LOG] [RouterExplorer] Mapped {/supplier-groups, POST} route
[2026-08-20T03:28:26.495Z] [LOG] [RoutesResolver] SupplierGroupController {/supplier-groups}:
[2026-08-20T03:28:26.495Z] [LOG] [RouterExplorer] Mapped {/supplier-groups/:id, GET} route
[2026-08-20T03:28:26.495Z] [LOG] [RouterExplorer] Mapped {/suppliers, GET} route
[2026-08-20T03:28:26.495Z] [LOG] [RouterExplorer] Mapped {/supplier-groups, GET} route
[2026-08-20T03:28:26.495Z] [LOG] [RouterExplorer] Mapped {/supplier-groups/:id, PUT} route
[2026-08-20T03:28:26.495Z] [LOG] [RouterExplorer] Mapped {/supplier-groups/:id/status, PUT} route
[2026-08-20T03:28:26.495Z] [LOG] [RouterExplorer] Mapped {/supplier-groups/:id/assign-suppliers, POST} route
[2026-08-20T03:28:26.496Z] [LOG] [NestApplication] Nest application successfully started
[2026-08-20T03:28:49.937Z] [LOG] [NestFactory] Starting Nest application...
[2026-08-20T03:28:49.937Z] [LOG] [InstanceLoader] TypeOrmModule dependencies initialized
[2026-08-20T03:28:49.938Z] [LOG] [InstanceLoader] TokenModule dependencies initialized
[2026-08-20T03:28:49.938Z] [LOG] [InstanceLoader] ConfigHostModule dependencies initialized
[2026-08-20T03:28:49.938Z] [LOG] [InstanceLoader] ConfigModule dependencies initialized
[2026-08-20T03:28:49.938Z] [LOG] [InstanceLoader] RedisModule dependencies initialized
[2026-08-20T03:28:49.938Z] [LOG] [InstanceLoader] AppModule dependencies initialized
[2026-08-20T03:28:49.938Z] [LOG] [InstanceLoader] ConfigModule dependencies initialized
[2026-08-20T03:28:49.938Z] [LOG] [InstanceLoader] TypeOrmCoreModule dependencies initialized
[2026-08-20T03:28:49.938Z] [LOG] [InstanceLoader] JwtModule dependencies initialized
[2026-08-20T03:28:49.938Z] [LOG] [InstanceLoader] TypeOrmModule dependencies initialized
[2026-08-20T03:28:49.938Z] [LOG] [InstanceLoader] TypeOrmModule dependencies initialized
[2026-08-20T03:28:49.939Z] [LOG] [InstanceLoader] UserModule dependencies initialized
[2026-08-20T03:28:49.939Z] [LOG] [InstanceLoader] TypeOrmModule dependencies initialized
[2026-08-20T03:28:49.939Z] [LOG] [InstanceLoader] SupplierModule dependencies initialized
[2026-08-20T03:28:49.939Z] [LOG] [RoutesResolver] AppController {/}:
[2026-08-20T03:28:49.939Z] [LOG] [InstanceLoader] SupplierGroupModule dependencies initialized
[2026-08-20T03:28:49.939Z] [LOG] [InstanceLoader] AuthModule dependencies initialized
[2026-08-20T03:28:49.939Z] [LOG] [RoutesResolver] UserController {/users}:
[2026-08-20T03:28:49.939Z] [LOG] [RouterExplorer] Mapped {/users, POST} route
[2026-08-20T03:28:49.939Z] [LOG] [RouterExplorer] Mapped {/users/:id, GET} route
[2026-08-20T03:28:49.939Z] [LOG] [RouterExplorer] Mapped {/users, GET} route
[2026-08-20T03:28:49.939Z] [LOG] [RouterExplorer] Mapped {/users/:id/status, PUT} route
[2026-08-20T03:28:49.939Z] [LOG] [RoutesResolver] AuthController {/auth}:
[2026-08-20T03:28:49.939Z] [LOG] [RouterExplorer] Mapped {/auth/refresh, POST} route
[2026-08-20T03:28:49.939Z] [LOG] [RouterExplorer] Mapped {/auth/logout, POST} route
[2026-08-20T03:28:49.939Z] [LOG] [RouterExplorer] Mapped {/auth/login, POST} route
[2026-08-20T03:28:49.940Z] [LOG] [RouterExplorer] Mapped {/auth/me, GET} route
[2026-08-20T03:28:49.940Z] [LOG] [RoutesResolver] SupplierController {/suppliers}:
[2026-08-20T03:28:49.939Z] [LOG] [RouterExplorer] Mapped {/, GET} route
[2026-08-20T03:28:49.940Z] [LOG] [RouterExplorer] Mapped {/suppliers, POST} route
[2026-08-20T03:28:49.940Z] [LOG] [RouterExplorer] Mapped {/suppliers, GET} route
[2026-08-20T03:28:49.940Z] [LOG] [RouterExplorer] Mapped {/suppliers/:id, GET} route
[2026-08-20T03:28:49.940Z] [LOG] [RouterExplorer] Mapped {/supplier-groups, POST} route
[2026-08-20T03:28:49.940Z] [LOG] [RoutesResolver] SupplierGroupController {/supplier-groups}:
[2026-08-20T03:28:49.940Z] [LOG] [RouterExplorer] Mapped {/supplier-groups/:id, PUT} route
[2026-08-20T03:28:49.940Z] [LOG] [RouterExplorer] Mapped {/supplier-groups, GET} route
[2026-08-20T03:28:49.940Z] [LOG] [RouterExplorer] Mapped {/supplier-groups/:id/status, PUT} route
[2026-08-20T03:28:49.940Z] [LOG] [RouterExplorer] Mapped {/supplier-groups/:id, GET} route
[2026-08-20T03:28:49.940Z] [LOG] [RouterExplorer] Mapped {/supplier-groups/:id/assign-suppliers, POST} route
[2026-08-20T03:28:49.940Z] [LOG] [NestApplication] Nest application successfully started
[2026-08-20T03:30:50.579Z] [LOG] [NestFactory] Starting Nest application...
[2026-08-20T03:30:50.580Z] [LOG] [InstanceLoader] TypeOrmModule dependencies initialized
[2026-08-20T03:30:50.580Z] [LOG] [InstanceLoader] ConfigHostModule dependencies initialized
[2026-08-20T03:30:50.580Z] [LOG] [InstanceLoader] TokenModule dependencies initialized
[2026-08-20T03:30:50.580Z] [LOG] [InstanceLoader] ConfigModule dependencies initialized
[2026-08-20T03:30:50.580Z] [LOG] [InstanceLoader] RedisModule dependencies initialized
[2026-08-20T03:30:50.580Z] [LOG] [InstanceLoader] ConfigModule dependencies initialized
[2026-08-20T03:30:50.581Z] [LOG] [InstanceLoader] TypeOrmCoreModule dependencies initialized
[2026-08-20T03:30:50.581Z] [LOG] [InstanceLoader] TypeOrmModule dependencies initialized
[2026-08-20T03:30:50.580Z] [LOG] [InstanceLoader] AppModule dependencies initialized
[2026-08-20T03:30:50.581Z] [LOG] [InstanceLoader] TypeOrmModule dependencies initialized
[2026-08-20T03:30:50.581Z] [LOG] [InstanceLoader] AuthModule dependencies initialized
[2026-08-20T03:30:50.581Z] [LOG] [InstanceLoader] TypeOrmModule dependencies initialized
[2026-08-20T03:30:50.581Z] [LOG] [InstanceLoader] SupplierModule dependencies initialized
[2026-08-20T03:30:50.581Z] [LOG] [InstanceLoader] SupplierGroupModule dependencies initialized
[2026-08-20T03:30:50.581Z] [LOG] [InstanceLoader] UserModule dependencies initialized
[2026-08-20T03:30:50.581Z] [LOG] [RoutesResolver] AppController {/}:
[2026-08-20T03:30:50.581Z] [LOG] [InstanceLoader] JwtModule dependencies initialized
[2026-08-20T03:30:50.582Z] [LOG] [RouterExplorer] Mapped {/users, POST} route
[2026-08-20T03:30:50.581Z] [LOG] [RouterExplorer] Mapped {/, GET} route
[2026-08-20T03:30:50.582Z] [LOG] [RoutesResolver] UserController {/users}:
[2026-08-20T03:30:50.582Z] [LOG] [RouterExplorer] Mapped {/users/:id, GET} route
[2026-08-20T03:30:50.582Z] [LOG] [RoutesResolver] AuthController {/auth}:
[2026-08-20T03:30:50.582Z] [LOG] [RouterExplorer] Mapped {/users, GET} route
[2026-08-20T03:30:50.582Z] [LOG] [RouterExplorer] Mapped {/users/:id/status, PUT} route
[2026-08-20T03:30:50.582Z] [LOG] [RouterExplorer] Mapped {/auth/login, POST} route
[2026-08-20T03:30:50.582Z] [LOG] [RouterExplorer] Mapped {/auth/refresh, POST} route
[2026-08-20T03:30:50.582Z] [LOG] [RouterExplorer] Mapped {/auth/logout, POST} route
[2026-08-20T03:30:50.583Z] [LOG] [RouterExplorer] Mapped {/suppliers, POST} route
[2026-08-20T03:30:50.582Z] [LOG] [RouterExplorer] Mapped {/auth/me, GET} route
[2026-08-20T03:30:50.582Z] [LOG] [RoutesResolver] SupplierController {/suppliers}:
[2026-08-20T03:30:50.583Z] [LOG] [RouterExplorer] Mapped {/suppliers/:id, GET} route
[2026-08-20T03:30:50.583Z] [LOG] [RouterExplorer] Mapped {/supplier-groups, POST} route
[2026-08-20T03:30:50.583Z] [LOG] [RoutesResolver] SupplierGroupController {/supplier-groups}:
[2026-08-20T03:30:50.583Z] [LOG] [RouterExplorer] Mapped {/supplier-groups/:id, GET} route
[2026-08-20T03:30:50.583Z] [LOG] [RouterExplorer] Mapped {/suppliers, GET} route
[2026-08-20T03:30:50.583Z] [LOG] [RouterExplorer] Mapped {/supplier-groups, GET} route
[2026-08-20T03:30:50.583Z] [LOG] [RouterExplorer] Mapped {/supplier-groups/:id, PUT} route
[2026-08-20T03:30:50.583Z] [LOG] [RouterExplorer] Mapped {/supplier-groups/:id/assign-suppliers, POST} route
[2026-08-20T03:30:50.583Z] [LOG] [NestApplication] Nest application successfully started
[2026-08-20T03:30:50.583Z] [LOG] [RouterExplorer] Mapped {/supplier-groups/:id/status, PUT} route
[2026-08-20T03:31:31.444Z] [LOG] [NestFactory] Starting Nest application...
[2026-08-20T03:31:31.445Z] [LOG] [InstanceLoader] TokenModule dependencies initialized
[2026-08-20T03:31:31.445Z] [LOG] [InstanceLoader] TypeOrmModule dependencies initialized
[2026-08-20T03:31:31.445Z] [LOG] [InstanceLoader] ConfigHostModule dependencies initialized
[2026-08-20T03:31:31.445Z] [LOG] [InstanceLoader] Attendance dependencies initialized
[2026-08-20T03:31:31.446Z] [LOG] [InstanceLoader] ConfigModule dependencies initialized
[2026-08-20T03:31:31.445Z] [LOG] [InstanceLoader] AppModule dependencies initialized
[2026-08-20T03:31:31.446Z] [LOG] [InstanceLoader] RedisModule dependencies initialized
[2026-08-20T03:31:31.446Z] [LOG] [InstanceLoader] TypeOrmCoreModule dependencies initialized
[2026-08-20T03:31:31.446Z] [LOG] [InstanceLoader] ConfigModule dependencies initialized
[2026-08-20T03:31:31.446Z] [LOG] [InstanceLoader] TypeOrmModule dependencies initialized
[2026-08-20T03:31:31.446Z] [LOG] [InstanceLoader] JwtModule dependencies initialized
[2026-08-20T03:31:31.446Z] [LOG] [InstanceLoader] TypeOrmModule dependencies initialized
[2026-08-20T03:31:31.447Z] [LOG] [InstanceLoader] UserModule dependencies initialized
[2026-08-20T03:31:31.446Z] [LOG] [InstanceLoader] AuthModule dependencies initialized
[2026-08-20T03:31:31.447Z] [LOG] [InstanceLoader] SupplierModule dependencies initialized
[2026-08-20T03:31:31.447Z] [LOG] [InstanceLoader] SupplierGroupModule dependencies initialized
[2026-08-20T03:31:31.446Z] [LOG] [InstanceLoader] TypeOrmModule dependencies initialized
[2026-08-20T03:31:31.447Z] [LOG] [RoutesResolver] UserController {/users}:
[2026-08-20T03:31:31.447Z] [LOG] [RoutesResolver] AppController {/}:
[2026-08-20T03:31:31.447Z] [LOG] [RouterExplorer] Mapped {/, GET} route
[2026-08-20T03:31:31.447Z] [LOG] [RouterExplorer] Mapped {/users, POST} route
[2026-08-20T03:31:31.447Z] [LOG] [RouterExplorer] Mapped {/users/:id, GET} route
[2026-08-20T03:31:31.447Z] [LOG] [RouterExplorer] Mapped {/users/:id/status, PUT} route
[2026-08-20T03:31:31.447Z] [LOG] [RouterExplorer] Mapped {/users, GET} route
[2026-08-20T03:31:31.447Z] [LOG] [RouterExplorer] Mapped {/auth/login, POST} route
[2026-08-20T03:31:31.447Z] [LOG] [RouterExplorer] Mapped {/auth/refresh, POST} route
[2026-08-20T03:31:31.447Z] [LOG] [RouterExplorer] Mapped {/auth/me, GET} route
[2026-08-20T03:31:31.447Z] [LOG] [RouterExplorer] Mapped {/auth/logout, POST} route
[2026-08-20T03:31:31.447Z] [LOG] [RoutesResolver] SupplierController {/suppliers}:
[2026-08-20T03:31:31.447Z] [LOG] [RoutesResolver] AuthController {/auth}:
[2026-08-20T03:31:31.448Z] [LOG] [RouterExplorer] Mapped {/suppliers, GET} route
[2026-08-20T03:31:31.447Z] [LOG] [RouterExplorer] Mapped {/suppliers, POST} route
[2026-08-20T03:31:31.448Z] [LOG] [RouterExplorer] Mapped {/suppliers/:id, GET} route
[2026-08-20T03:31:31.448Z] [LOG] [RouterExplorer] Mapped {/supplier-groups, POST} route
[2026-08-20T03:31:31.448Z] [LOG] [RouterExplorer] Mapped {/supplier-groups/:id, GET} route
[2026-08-20T03:31:31.448Z] [LOG] [RoutesResolver] SupplierGroupController {/supplier-groups}:
[2026-08-20T03:31:31.448Z] [LOG] [RouterExplorer] Mapped {/supplier-groups/:id/status, PUT} route
[2026-08-20T03:31:31.448Z] [LOG] [RouterExplorer] Mapped {/supplier-groups, GET} route
[2026-08-20T03:31:31.448Z] [LOG] [RouterExplorer] Mapped {/supplier-groups/:id/assign-suppliers, POST} route
[2026-08-20T03:31:31.448Z] [LOG] [RouterExplorer] Mapped {/supplier-groups/:id, PUT} route
[2026-08-20T03:31:31.448Z] [LOG] [NestApplication] Nest application successfully started
[2026-08-20T03:32:51.218Z] [LOG] [NestFactory] Starting Nest application...
[2026-08-20T03:32:51.218Z] [LOG] [InstanceLoader] TypeOrmModule dependencies initialized
[2026-08-20T03:32:51.219Z] [LOG] [InstanceLoader] ConfigHostModule dependencies initialized
[2026-08-20T03:32:51.218Z] [LOG] [InstanceLoader] TokenModule dependencies initialized
[2026-08-20T03:32:51.219Z] [LOG] [InstanceLoader] ConfigModule dependencies initialized
[2026-08-20T03:32:51.218Z] [LOG] [InstanceLoader] Attendance dependencies initialized
[2026-08-20T03:32:51.219Z] [LOG] [InstanceLoader] ConfigModule dependencies initialized
[2026-08-20T03:32:51.219Z] [LOG] [InstanceLoader] JwtModule dependencies initialized
[2026-08-20T03:32:51.219Z] [LOG] [InstanceLoader] RedisModule dependencies initialized
[2026-08-20T03:32:51.219Z] [LOG] [InstanceLoader] TypeOrmCoreModule dependencies initialized
[2026-08-20T03:32:51.219Z] [LOG] [InstanceLoader] AppModule dependencies initialized
[2026-08-20T03:32:51.219Z] [LOG] [InstanceLoader] TypeOrmModule dependencies initialized
[2026-08-20T03:32:51.220Z] [LOG] [InstanceLoader] AuthModule dependencies initialized
[2026-08-20T03:32:51.219Z] [LOG] [InstanceLoader] TypeOrmModule dependencies initialized
[2026-08-20T03:32:51.220Z] [LOG] [InstanceLoader] SupplierModule dependencies initialized
[2026-08-20T03:32:51.220Z] [LOG] [InstanceLoader] SupplierGroupModule dependencies initialized
[2026-08-20T03:32:51.219Z] [LOG] [InstanceLoader] TypeOrmModule dependencies initialized
[2026-08-20T03:32:51.220Z] [LOG] [RouterExplorer] Mapped {/, GET} route
[2026-08-20T03:32:51.220Z] [LOG] [RoutesResolver] AppController {/}:
[2026-08-20T03:32:51.220Z] [LOG] [InstanceLoader] UserModule dependencies initialized
[2026-08-20T03:32:51.220Z] [LOG] [RoutesResolver] UserController {/users}:
[2026-08-20T03:32:51.220Z] [LOG] [RouterExplorer] Mapped {/users, POST} route
[2026-08-20T03:32:51.220Z] [LOG] [RouterExplorer] Mapped {/users/:id, GET} route
[2026-08-20T03:32:51.220Z] [LOG] [RouterExplorer] Mapped {/users/:id/status, PUT} route
[2026-08-20T03:32:51.221Z] [LOG] [RouterExplorer] Mapped {/auth/login, POST} route
[2026-08-20T03:32:51.220Z] [LOG] [RouterExplorer] Mapped {/users, GET} route
[2026-08-20T03:32:51.221Z] [LOG] [RouterExplorer] Mapped {/auth/refresh, POST} route
[2026-08-20T03:32:51.221Z] [LOG] [RouterExplorer] Mapped {/auth/logout, POST} route
[2026-08-20T03:32:51.221Z] [LOG] [RouterExplorer] Mapped {/auth/me, GET} route
[2026-08-20T03:32:51.220Z] [LOG] [RoutesResolver] AuthController {/auth}:
[2026-08-20T03:32:51.221Z] [LOG] [RouterExplorer] Mapped {/suppliers, POST} route
[2026-08-20T03:32:51.221Z] [LOG] [RouterExplorer] Mapped {/suppliers/:id, GET} route
[2026-08-20T03:32:51.221Z] [LOG] [RoutesResolver] SupplierController {/suppliers}:
[2026-08-20T03:32:51.221Z] [LOG] [RoutesResolver] SupplierGroupController {/supplier-groups}:
[2026-08-20T03:32:51.221Z] [LOG] [RouterExplorer] Mapped {/suppliers, GET} route
[2026-08-20T03:32:51.222Z] [LOG] [RouterExplorer] Mapped {/supplier-groups, GET} route
[2026-08-20T03:32:51.221Z] [LOG] [RouterExplorer] Mapped {/supplier-groups, POST} route
[2026-08-20T03:32:51.222Z] [LOG] [RouterExplorer] Mapped {/supplier-groups/:id/status, PUT} route
[2026-08-20T03:32:51.222Z] [LOG] [RouterExplorer] Mapped {/supplier-groups/:id, PUT} route
[2026-08-20T03:32:51.222Z] [LOG] [RouterExplorer] Mapped {/supplier-groups/:id/assign-suppliers, POST} route
[2026-08-20T03:32:51.222Z] [LOG] [RouterExplorer] Mapped {/supplier-groups/:id, GET} route
[2026-08-20T03:32:51.222Z] [LOG] [NestApplication] Nest application successfully started
[2026-08-20T03:45:55.361Z] [LOG] [NestFactory] Starting Nest application...
[2026-08-20T03:45:55.362Z] [LOG] [InstanceLoader] TypeOrmModule dependencies initialized
[2026-08-20T03:45:55.362Z] [LOG] [InstanceLoader] TokenModule dependencies initialized
[2026-08-20T03:45:55.362Z] [LOG] [InstanceLoader] ConfigHostModule dependencies initialized
[2026-08-20T03:45:55.362Z] [LOG] [InstanceLoader] Attendance dependencies initialized
[2026-08-20T03:45:55.363Z] [LOG] [InstanceLoader] ConfigModule dependencies initialized
[2026-08-20T03:45:55.362Z] [LOG] [InstanceLoader] ConfigModule dependencies initialized
[2026-08-20T03:45:55.363Z] [LOG] [InstanceLoader] RedisModule dependencies initialized
[2026-08-20T03:45:55.362Z] [LOG] [InstanceLoader] AppModule dependencies initialized
[2026-08-20T03:45:55.363Z] [LOG] [InstanceLoader] TypeOrmCoreModule dependencies initialized
[2026-08-20T03:45:55.363Z] [LOG] [InstanceLoader] TypeOrmModule dependencies initialized
[2026-08-20T03:45:55.363Z] [LOG] [InstanceLoader] JwtModule dependencies initialized
[2026-08-20T03:45:55.363Z] [LOG] [InstanceLoader] TypeOrmModule dependencies initialized
[2026-08-20T03:45:55.363Z] [LOG] [InstanceLoader] TypeOrmModule dependencies initialized
[2026-08-20T03:45:55.364Z] [LOG] [InstanceLoader] SupplierModule dependencies initialized
[2026-08-20T03:45:55.364Z] [LOG] [InstanceLoader] UserModule dependencies initialized
[2026-08-20T03:45:55.364Z] [LOG] [InstanceLoader] SupplierGroupModule dependencies initialized
[2026-08-20T03:45:55.363Z] [LOG] [InstanceLoader] AuthModule dependencies initialized
[2026-08-20T03:45:55.364Z] [LOG] [RouterExplorer] Mapped {/, GET} route
[2026-08-20T03:45:55.364Z] [LOG] [RoutesResolver] UserController {/users}:
[2026-08-20T03:45:55.364Z] [LOG] [RouterExplorer] Mapped {/users, POST} route
[2026-08-20T03:45:55.364Z] [LOG] [RouterExplorer] Mapped {/users/:id, GET} route
[2026-08-20T03:45:55.364Z] [LOG] [RoutesResolver] AppController {/}:
[2026-08-20T03:45:55.364Z] [LOG] [RouterExplorer] Mapped {/users, GET} route
[2026-08-20T03:45:55.364Z] [LOG] [RouterExplorer] Mapped {/users/:id/status, PUT} route
[2026-08-20T03:45:55.364Z] [LOG] [RouterExplorer] Mapped {/auth/login, POST} route
[2026-08-20T03:45:55.364Z] [LOG] [RouterExplorer] Mapped {/auth/refresh, POST} route
[2026-08-20T03:45:55.365Z] [LOG] [RouterExplorer] Mapped {/auth/me, GET} route
[2026-08-20T03:45:55.365Z] [LOG] [RouterExplorer] Mapped {/auth/logout, POST} route
[2026-08-20T03:45:55.364Z] [LOG] [RoutesResolver] AuthController {/auth}:
[2026-08-20T03:45:55.365Z] [LOG] [RoutesResolver] SupplierController {/suppliers}:
[2026-08-20T03:45:55.365Z] [LOG] [RouterExplorer] Mapped {/suppliers/:id, GET} route
[2026-08-20T03:45:55.365Z] [LOG] [RouterExplorer] Mapped {/suppliers, POST} route
[2026-08-20T03:45:55.365Z] [LOG] [RoutesResolver] SupplierGroupController {/supplier-groups}:
[2026-08-20T03:45:55.365Z] [LOG] [RouterExplorer] Mapped {/suppliers, GET} route
[2026-08-20T03:45:55.365Z] [LOG] [RouterExplorer] Mapped {/supplier-groups, GET} route
[2026-08-20T03:45:55.365Z] [LOG] [RouterExplorer] Mapped {/supplier-groups, POST} route
[2026-08-20T03:45:55.365Z] [LOG] [RouterExplorer] Mapped {/supplier-groups/:id, GET} route
[2026-08-20T03:45:55.366Z] [LOG] [RouterExplorer] Mapped {/supplier-groups/:id/status, PUT} route
[2026-08-20T03:45:55.366Z] [LOG] [RouterExplorer] Mapped {/supplier-groups/:id/assign-suppliers, POST} route
[2026-08-20T03:45:55.366Z] [LOG] [RouterExplorer] Mapped {/supplier-groups/:id, PUT} route
[2026-08-20T03:45:55.366Z] [LOG] [NestApplication] Nest application successfully started
[2026-08-20T03:47:02.534Z] [LOG] [NestFactory] Starting Nest application...
[2026-08-20T03:47:02.535Z] [LOG] [InstanceLoader] ConfigHostModule dependencies initialized
[2026-08-20T03:47:02.535Z] [LOG] [InstanceLoader] TokenModule dependencies initialized
[2026-08-20T03:47:02.535Z] [LOG] [InstanceLoader] TypeOrmModule dependencies initialized
[2026-08-20T03:47:02.535Z] [LOG] [InstanceLoader] ConfigModule dependencies initialized
[2026-08-20T03:47:02.535Z] [LOG] [InstanceLoader] AppModule dependencies initialized
[2026-08-20T03:47:02.535Z] [LOG] [InstanceLoader] ConfigModule dependencies initialized
[2026-08-20T03:47:02.536Z] [LOG] [InstanceLoader] TypeOrmCoreModule dependencies initialized
[2026-08-20T03:47:02.535Z] [LOG] [InstanceLoader] RedisModule dependencies initialized
[2026-08-20T03:47:02.536Z] [LOG] [InstanceLoader] TypeOrmModule dependencies initialized
[2026-08-20T03:47:02.536Z] [LOG] [InstanceLoader] TypeOrmModule dependencies initialized
[2026-08-20T03:47:02.536Z] [LOG] [InstanceLoader] TypeOrmModule dependencies initialized
[2026-08-20T03:47:02.536Z] [LOG] [InstanceLoader] AuthModule dependencies initialized
[2026-08-20T03:47:02.536Z] [LOG] [InstanceLoader] TypeOrmModule dependencies initialized
[2026-08-20T03:47:02.536Z] [LOG] [InstanceLoader] SupplierModule dependencies initialized
[2026-08-20T03:47:02.536Z] [LOG] [InstanceLoader] UserModule dependencies initialized
[2026-08-20T03:47:02.537Z] [LOG] [InstanceLoader] SupplierGroupModule dependencies initialized
[2026-08-20T03:47:02.535Z] [LOG] [InstanceLoader] JwtModule dependencies initialized
[2026-08-20T03:47:02.537Z] [LOG] [InstanceLoader] AttendanceModule dependencies initialized
[2026-08-20T03:47:02.537Z] [LOG] [RouterExplorer] Mapped {/, GET} route
[2026-08-20T03:47:02.537Z] [LOG] [RouterExplorer] Mapped {/users, POST} route
[2026-08-20T03:47:02.537Z] [LOG] [RouterExplorer] Mapped {/users, GET} route
[2026-08-20T03:47:02.537Z] [LOG] [RoutesResolver] UserController {/users}:
[2026-08-20T03:47:02.537Z] [LOG] [RouterExplorer] Mapped {/users/:id, GET} route
[2026-08-20T03:47:02.537Z] [LOG] [RouterExplorer] Mapped {/users/:id/status, PUT} route
[2026-08-20T03:47:02.537Z] [LOG] [RoutesResolver] AuthController {/auth}:
[2026-08-20T03:47:02.538Z] [LOG] [RouterExplorer] Mapped {/auth/login, POST} route
[2026-08-20T03:47:02.538Z] [LOG] [RouterExplorer] Mapped {/auth/refresh, POST} route
[2026-08-20T03:47:02.537Z] [LOG] [RoutesResolver] AppController {/}:
[2026-08-20T03:47:02.538Z] [LOG] [RouterExplorer] Mapped {/auth/logout, POST} route
[2026-08-20T03:47:02.538Z] [LOG] [RouterExplorer] Mapped {/suppliers, POST} route
[2026-08-20T03:47:02.538Z] [LOG] [RouterExplorer] Mapped {/auth/me, GET} route
[2026-08-20T03:47:02.538Z] [LOG] [RoutesResolver] SupplierController {/suppliers}:
[2026-08-20T03:47:02.538Z] [LOG] [RoutesResolver] SupplierGroupController {/supplier-groups}:
[2026-08-20T03:47:02.538Z] [LOG] [RouterExplorer] Mapped {/suppliers, GET} route
[2026-08-20T03:47:02.538Z] [LOG] [RouterExplorer] Mapped {/suppliers/:id, GET} route
[2026-08-20T03:47:02.538Z] [LOG] [RouterExplorer] Mapped {/supplier-groups, GET} route
[2026-08-20T03:47:02.538Z] [LOG] [RouterExplorer] Mapped {/supplier-groups/:id, GET} route
[2026-08-20T03:47:02.538Z] [LOG] [RouterExplorer] Mapped {/supplier-groups/:id/status, PUT} route
[2026-08-20T03:47:02.538Z] [LOG] [RouterExplorer] Mapped {/supplier-groups, POST} route
[2026-08-20T03:47:02.538Z] [LOG] [RouterExplorer] Mapped {/supplier-groups/:id, PUT} route
[2026-08-20T03:47:02.538Z] [LOG] [RouterExplorer] Mapped {/supplier-groups/:id/assign-suppliers, POST} route
[2026-08-20T03:47:02.539Z] [LOG] [RoutesResolver] AttendanceController {/attendances}:
[2026-08-20T03:47:02.539Z] [LOG] [RouterExplorer] Mapped {/attendances, GET} route
[2026-08-20T03:47:02.539Z] [LOG] [RouterExplorer] Mapped {/attendances/:id, GET} route
[2026-08-20T03:47:02.539Z] [LOG] [RouterExplorer] Mapped {/attendances, POST} route
[2026-08-20T03:47:02.539Z] [LOG] [NestApplication] Nest application successfully started
[2026-08-20T03:49:59.760Z] [LOG] [NestFactory] Starting Nest application...
[2026-08-20T03:49:59.760Z] [LOG] [InstanceLoader] TypeOrmModule dependencies initialized
[2026-08-20T03:49:59.760Z] [LOG] [InstanceLoader] ConfigHostModule dependencies initialized
[2026-08-20T03:49:59.760Z] [LOG] [InstanceLoader] TokenModule dependencies initialized
[2026-08-20T03:49:59.761Z] [LOG] [InstanceLoader] ConfigModule dependencies initialized
[2026-08-20T03:49:59.761Z] [LOG] [InstanceLoader] RedisModule dependencies initialized
[2026-08-20T03:49:59.761Z] [LOG] [InstanceLoader] ConfigModule dependencies initialized
[2026-08-20T03:49:59.761Z] [LOG] [InstanceLoader] TypeOrmCoreModule dependencies initialized
[2026-08-20T03:49:59.761Z] [LOG] [InstanceLoader] AppModule dependencies initialized
[2026-08-20T03:49:59.761Z] [LOG] [InstanceLoader] TypeOrmModule dependencies initialized
[2026-08-20T03:49:59.761Z] [LOG] [InstanceLoader] JwtModule dependencies initialized
[2026-08-20T03:49:59.762Z] [LOG] [InstanceLoader] TypeOrmModule dependencies initialized
[2026-08-20T03:49:59.762Z] [LOG] [InstanceLoader] AuthModule dependencies initialized
[2026-08-20T03:49:59.762Z] [LOG] [InstanceLoader] TypeOrmModule dependencies initialized
[2026-08-20T03:49:59.762Z] [LOG] [InstanceLoader] SupplierModule dependencies initialized
[2026-08-20T03:49:59.762Z] [LOG] [InstanceLoader] TypeOrmModule dependencies initialized
[2026-08-20T03:49:59.762Z] [LOG] [InstanceLoader] SupplierGroupModule dependencies initialized
[2026-08-20T03:49:59.762Z] [LOG] [InstanceLoader] AttendanceModule dependencies initialized
[2026-08-20T03:49:59.762Z] [LOG] [RoutesResolver] AppController {/}:
[2026-08-20T03:49:59.762Z] [LOG] [RouterExplorer] Mapped {/, GET} route
[2026-08-20T03:49:59.763Z] [LOG] [RoutesResolver] UserController {/users}:
[2026-08-20T03:49:59.762Z] [LOG] [InstanceLoader] UserModule dependencies initialized
[2026-08-20T03:49:59.763Z] [LOG] [RouterExplorer] Mapped {/users, GET} route
[2026-08-20T03:49:59.763Z] [LOG] [RouterExplorer] Mapped {/users, POST} route
[2026-08-20T03:49:59.763Z] [LOG] [RoutesResolver] AuthController {/auth}:
[2026-08-20T03:49:59.763Z] [LOG] [RouterExplorer] Mapped {/users/:id/status, PUT} route
[2026-08-20T03:49:59.763Z] [LOG] [RouterExplorer] Mapped {/auth/login, POST} route
[2026-08-20T03:49:59.763Z] [LOG] [RouterExplorer] Mapped {/auth/refresh, POST} route
[2026-08-20T03:49:59.763Z] [LOG] [RouterExplorer] Mapped {/users/:id, GET} route
[2026-08-20T03:49:59.763Z] [LOG] [RouterExplorer] Mapped {/auth/logout, POST} route
[2026-08-20T03:49:59.764Z] [LOG] [RouterExplorer] Mapped {/suppliers, POST} route
[2026-08-20T03:49:59.764Z] [LOG] [RoutesResolver] SupplierController {/suppliers}:
[2026-08-20T03:49:59.764Z] [LOG] [RouterExplorer] Mapped {/suppliers/:id, GET} route
[2026-08-20T03:49:59.763Z] [LOG] [RouterExplorer] Mapped {/auth/me, GET} route
[2026-08-20T03:49:59.764Z] [LOG] [RouterExplorer] Mapped {/suppliers, GET} route
[2026-08-20T03:49:59.764Z] [LOG] [RouterExplorer] Mapped {/supplier-groups, POST} route
[2026-08-20T03:49:59.764Z] [LOG] [RoutesResolver] SupplierGroupController {/supplier-groups}:
[2026-08-20T03:49:59.764Z] [LOG] [RouterExplorer] Mapped {/supplier-groups/:id, PUT} route
[2026-08-20T03:49:59.764Z] [LOG] [RouterExplorer] Mapped {/supplier-groups/:id, GET} route
[2026-08-20T03:49:59.764Z] [LOG] [RouterExplorer] Mapped {/supplier-groups/:id/status, PUT} route
[2026-08-20T03:49:59.764Z] [LOG] [RouterExplorer] Mapped {/supplier-groups/:id/assign-suppliers, POST} route
[2026-08-20T03:49:59.764Z] [LOG] [RoutesResolver] AttendanceController {/attendances}:
[2026-08-20T03:49:59.765Z] [LOG] [RouterExplorer] Mapped {/attendances, GET} route
[2026-08-20T03:49:59.765Z] [LOG] [RouterExplorer] Mapped {/attendances, POST} route
[2026-08-20T03:49:59.764Z] [LOG] [RouterExplorer] Mapped {/supplier-groups, GET} route
[2026-08-20T03:49:59.765Z] [LOG] [RouterExplorer] Mapped {/attendances/:id, GET} route
[2026-08-20T03:49:59.765Z] [LOG] [NestApplication] Nest application successfully started
[2026-08-20T03:53:20.383Z] [LOG] [NestFactory] Starting Nest application...
[2026-08-20T03:53:20.383Z] [LOG] [InstanceLoader] TypeOrmModule dependencies initialized
[2026-08-20T03:53:20.384Z] [LOG] [InstanceLoader] ConfigHostModule dependencies initialized
[2026-08-20T03:53:20.384Z] [LOG] [InstanceLoader] AppModule dependencies initialized
[2026-08-20T03:53:20.384Z] [LOG] [InstanceLoader] TokenModule dependencies initialized
[2026-08-20T03:53:20.384Z] [LOG] [InstanceLoader] ConfigModule dependencies initialized
[2026-08-20T03:53:20.384Z] [LOG] [InstanceLoader] JwtModule dependencies initialized
[2026-08-20T03:53:20.384Z] [LOG] [InstanceLoader] ConfigModule dependencies initialized
[2026-08-20T03:53:20.385Z] [LOG] [InstanceLoader] TypeOrmModule dependencies initialized
[2026-08-20T03:53:20.385Z] [LOG] [InstanceLoader] TypeOrmCoreModule dependencies initialized
[2026-08-20T03:53:20.385Z] [LOG] [InstanceLoader] TypeOrmModule dependencies initialized
[2026-08-20T03:53:20.385Z] [LOG] [InstanceLoader] TypeOrmModule dependencies initialized
[2026-08-20T03:53:20.384Z] [LOG] [InstanceLoader] RedisModule dependencies initialized
[2026-08-20T03:53:20.385Z] [LOG] [InstanceLoader] TypeOrmModule dependencies initialized
[2026-08-20T03:53:20.385Z] [LOG] [InstanceLoader] AuthModule dependencies initialized
[2026-08-20T03:53:20.385Z] [LOG] [InstanceLoader] UserModule dependencies initialized
[2026-08-20T03:53:20.385Z] [LOG] [InstanceLoader] SupplierModule dependencies initialized
[2026-08-20T03:53:20.385Z] [LOG] [InstanceLoader] SupplierGroupModule dependencies initialized
[2026-08-20T03:53:20.386Z] [LOG] [RoutesResolver] AppController {/}:
[2026-08-20T03:53:20.385Z] [LOG] [InstanceLoader] AttendanceModule dependencies initialized
[2026-08-20T03:53:20.386Z] [LOG] [RouterExplorer] Mapped {/, GET} route
[2026-08-20T03:53:20.386Z] [LOG] [RoutesResolver] UserController {/users}:
[2026-08-20T03:53:20.386Z] [LOG] [RouterExplorer] Mapped {/users, POST} route
[2026-08-20T03:53:20.386Z] [LOG] [RouterExplorer] Mapped {/users/:id, GET} route
[2026-08-20T03:53:20.386Z] [LOG] [RouterExplorer] Mapped {/users/:id/status, PUT} route
[2026-08-20T03:53:20.386Z] [LOG] [RouterExplorer] Mapped {/auth/login, POST} route
[2026-08-20T03:53:20.386Z] [LOG] [RouterExplorer] Mapped {/auth/refresh, POST} route
[2026-08-20T03:53:20.386Z] [LOG] [RouterExplorer] Mapped {/users, GET} route
[2026-08-20T03:53:20.387Z] [LOG] [RouterExplorer] Mapped {/auth/logout, POST} route
[2026-08-20T03:53:20.387Z] [LOG] [RoutesResolver] SupplierController {/suppliers}:
[2026-08-20T03:53:20.387Z] [LOG] [RouterExplorer] Mapped {/suppliers, POST} route
[2026-08-20T03:53:20.387Z] [LOG] [RouterExplorer] Mapped {/suppliers, GET} route
[2026-08-20T03:53:20.387Z] [LOG] [RouterExplorer] Mapped {/auth/me, GET} route
[2026-08-20T03:53:20.387Z] [LOG] [RouterExplorer] Mapped {/suppliers/:id, GET} route
[2026-08-20T03:53:20.387Z] [LOG] [RoutesResolver] SupplierGroupController {/supplier-groups}:
[2026-08-20T03:53:20.387Z] [LOG] [RouterExplorer] Mapped {/supplier-groups, GET} route
[2026-08-20T03:53:20.387Z] [LOG] [RouterExplorer] Mapped {/supplier-groups, POST} route
[2026-08-20T03:53:20.387Z] [LOG] [RouterExplorer] Mapped {/supplier-groups/:id, PUT} route
[2026-08-20T03:53:20.388Z] [LOG] [RouterExplorer] Mapped {/supplier-groups/:id/status, PUT} route
[2026-08-20T03:53:20.387Z] [LOG] [RouterExplorer] Mapped {/supplier-groups/:id, GET} route
[2026-08-20T03:53:20.388Z] [LOG] [RoutesResolver] AttendanceController {/attendances}:
[2026-08-20T03:53:20.388Z] [LOG] [RouterExplorer] Mapped {/supplier-groups/:id/assign-suppliers, POST} route
[2026-08-20T03:53:20.388Z] [LOG] [RouterExplorer] Mapped {/attendances, GET} route
[2026-08-20T03:53:20.388Z] [LOG] [RouterExplorer] Mapped {/attendances, POST} route
[2026-08-20T03:53:20.388Z] [LOG] [RouterExplorer] Mapped {/attendances/:id, GET} route
[2026-08-20T03:53:20.386Z] [LOG] [RoutesResolver] AuthController {/auth}:
[2026-08-20T03:53:20.388Z] [LOG] [NestApplication] Nest application successfully started
[2026-08-20T04:04:15.159Z] [LOG] [NestFactory] Starting Nest application...
[2026-08-20T04:04:15.159Z] [LOG] [InstanceLoader] TypeOrmModule dependencies initialized
[2026-08-20T04:04:15.160Z] [LOG] [InstanceLoader] ConfigHostModule dependencies initialized
[2026-08-20T04:04:15.160Z] [LOG] [InstanceLoader] ConfigModule dependencies initialized
[2026-08-20T04:04:15.160Z] [LOG] [InstanceLoader] AppModule dependencies initialized
[2026-08-20T04:04:15.160Z] [LOG] [InstanceLoader] ConfigModule dependencies initialized
[2026-08-20T04:04:15.160Z] [LOG] [InstanceLoader] JwtModule dependencies initialized
[2026-08-20T04:04:15.159Z] [LOG] [InstanceLoader] TokenModule dependencies initialized
[2026-08-20T04:04:15.160Z] [LOG] [InstanceLoader] TypeOrmCoreModule dependencies initialized
[2026-08-20T04:04:15.160Z] [LOG] [InstanceLoader] TypeOrmModule dependencies initialized
[2026-08-20T04:04:15.160Z] [LOG] [InstanceLoader] TypeOrmModule dependencies initialized
[2026-08-20T04:04:15.160Z] [LOG] [InstanceLoader] TypeOrmModule dependencies initialized
[2026-08-20T04:04:15.160Z] [LOG] [InstanceLoader] RedisModule dependencies initialized
[2026-08-20T04:04:15.160Z] [LOG] [InstanceLoader] TypeOrmModule dependencies initialized
[2026-08-20T04:04:15.161Z] [LOG] [InstanceLoader] SupplierModule dependencies initialized
[2026-08-20T04:04:15.161Z] [LOG] [InstanceLoader] UserModule dependencies initialized
[2026-08-20T04:04:15.161Z] [LOG] [InstanceLoader] SupplierGroupModule dependencies initialized
[2026-08-20T04:04:15.161Z] [LOG] [InstanceLoader] AttendanceModule dependencies initialized
[2026-08-20T04:04:15.161Z] [LOG] [RoutesResolver] AppController {/}:
[2026-08-20T04:04:15.161Z] [LOG] [RouterExplorer] Mapped {/, GET} route
[2026-08-20T04:04:15.161Z] [LOG] [RouterExplorer] Mapped {/users, POST} route
[2026-08-20T04:04:15.160Z] [LOG] [InstanceLoader] AuthModule dependencies initialized
[2026-08-20T04:04:15.161Z] [LOG] [RouterExplorer] Mapped {/users/:id, GET} route
[2026-08-20T04:04:15.161Z] [LOG] [RouterExplorer] Mapped {/users, GET} route
[2026-08-20T04:04:15.161Z] [LOG] [RouterExplorer] Mapped {/users/:id/status, PUT} route
[2026-08-20T04:04:15.161Z] [LOG] [RoutesResolver] AuthController {/auth}:
[2026-08-20T04:04:15.161Z] [LOG] [RoutesResolver] UserController {/users}:
[2026-08-20T04:04:15.161Z] [LOG] [RouterExplorer] Mapped {/auth/refresh, POST} route
[2026-08-20T04:04:15.162Z] [LOG] [RouterExplorer] Mapped {/auth/me, GET} route
[2026-08-20T04:04:15.162Z] [LOG] [RouterExplorer] Mapped {/auth/logout, POST} route
[2026-08-20T04:04:15.162Z] [LOG] [RoutesResolver] SupplierController {/suppliers}:
[2026-08-20T04:04:15.161Z] [LOG] [RouterExplorer] Mapped {/auth/login, POST} route
[2026-08-20T04:04:15.162Z] [LOG] [RouterExplorer] Mapped {/suppliers, POST} route
[2026-08-20T04:04:15.162Z] [LOG] [RouterExplorer] Mapped {/suppliers/:id, GET} route
[2026-08-20T04:04:15.162Z] [LOG] [RoutesResolver] SupplierGroupController {/supplier-groups}:
[2026-08-20T04:04:15.162Z] [LOG] [RouterExplorer] Mapped {/supplier-groups, GET} route
[2026-08-20T04:04:15.162Z] [LOG] [RouterExplorer] Mapped {/supplier-groups, POST} route
[2026-08-20T04:04:15.162Z] [LOG] [RouterExplorer] Mapped {/supplier-groups/:id, PUT} route
[2026-08-20T04:04:15.162Z] [LOG] [RouterExplorer] Mapped {/suppliers, GET} route
[2026-08-20T04:04:15.162Z] [LOG] [RouterExplorer] Mapped {/supplier-groups/:id, GET} route
[2026-08-20T04:04:15.162Z] [LOG] [RouterExplorer] Mapped {/supplier-groups/:id/assign-suppliers, POST} route
[2026-08-20T04:04:15.163Z] [LOG] [RouterExplorer] Mapped {/attendances, POST} route
[2026-08-20T04:04:15.162Z] [LOG] [RouterExplorer] Mapped {/supplier-groups/:id/status, PUT} route
[2026-08-20T04:04:15.163Z] [LOG] [RouterExplorer] Mapped {/attendances/:id, GET} route
[2026-08-20T04:04:15.163Z] [LOG] [RoutesResolver] AttendanceController {/attendances}:
[2026-08-20T04:04:15.163Z] [LOG] [NestApplication] Nest application successfully started
[2026-08-20T04:04:15.163Z] [LOG] [RouterExplorer] Mapped {/attendances, GET} route
[2026-08-20T04:19:42.978Z] [LOG] [NestFactory] Starting Nest application...
[2026-08-20T04:19:42.978Z] [LOG] [InstanceLoader] ConfigHostModule dependencies initialized
[2026-08-20T04:19:42.978Z] [LOG] [InstanceLoader] TokenModule dependencies initialized
[2026-08-20T04:19:42.978Z] [LOG] [InstanceLoader] TypeOrmModule dependencies initialized
[2026-08-20T04:19:42.979Z] [LOG] [InstanceLoader] ConfigModule dependencies initialized
[2026-08-20T04:19:42.979Z] [LOG] [InstanceLoader] ConfigModule dependencies initialized
[2026-08-20T04:19:42.979Z] [LOG] [InstanceLoader] JwtModule dependencies initialized
[2026-08-20T04:19:42.979Z] [LOG] [InstanceLoader] AppModule dependencies initialized
[2026-08-20T04:19:42.979Z] [LOG] [InstanceLoader] RedisModule dependencies initialized
[2026-08-20T04:19:42.979Z] [LOG] [InstanceLoader] TypeOrmModule dependencies initialized
[2026-08-20T04:19:42.979Z] [LOG] [InstanceLoader] TypeOrmModule dependencies initialized
[2026-08-20T04:19:42.979Z] [LOG] [InstanceLoader] TypeOrmCoreModule dependencies initialized
[2026-08-20T04:19:42.979Z] [LOG] [InstanceLoader] TypeOrmModule dependencies initialized
[2026-08-20T04:19:42.979Z] [LOG] [InstanceLoader] UserModule dependencies initialized
[2026-08-20T04:19:42.979Z] [LOG] [InstanceLoader] TypeOrmModule dependencies initialized
[2026-08-20T04:19:42.980Z] [LOG] [InstanceLoader] SupplierModule dependencies initialized
[2026-08-20T04:19:42.980Z] [LOG] [InstanceLoader] SupplierGroupModule dependencies initialized
[2026-08-20T04:19:42.980Z] [LOG] [InstanceLoader] AttendanceModule dependencies initialized
[2026-08-20T04:19:42.979Z] [LOG] [InstanceLoader] AuthModule dependencies initialized
[2026-08-20T04:19:42.980Z] [LOG] [RoutesResolver] AppController {/}:
[2026-08-20T04:19:42.980Z] [LOG] [RoutesResolver] UserController {/users}:
[2026-08-20T04:19:42.980Z] [LOG] [RouterExplorer] Mapped {/users, POST} route
[2026-08-20T04:19:42.980Z] [LOG] [RouterExplorer] Mapped {/users, GET} route
[2026-08-20T04:19:42.980Z] [LOG] [RouterExplorer] Mapped {/users/:id, GET} route
[2026-08-20T04:19:42.980Z] [LOG] [RouterExplorer] Mapped {/users/:id/status, PUT} route
[2026-08-20T04:19:42.980Z] [LOG] [RouterExplorer] Mapped {/auth/login, POST} route
[2026-08-20T04:19:42.980Z] [LOG] [RoutesResolver] AuthController {/auth}:
[2026-08-20T04:19:42.980Z] [LOG] [RouterExplorer] Mapped {/auth/refresh, POST} route
[2026-08-20T04:19:42.980Z] [LOG] [RouterExplorer] Mapped {/auth/me, GET} route
[2026-08-20T04:19:42.980Z] [LOG] [RouterExplorer] Mapped {/auth/logout, POST} route
[2026-08-20T04:19:42.980Z] [LOG] [RoutesResolver] SupplierController {/suppliers}:
[2026-08-20T04:19:42.980Z] [LOG] [RouterExplorer] Mapped {/, GET} route
[2026-08-20T04:19:42.981Z] [LOG] [RouterExplorer] Mapped {/suppliers, GET} route
[2026-08-20T04:19:42.980Z] [LOG] [RouterExplorer] Mapped {/suppliers, POST} route
[2026-08-20T04:19:42.981Z] [LOG] [RouterExplorer] Mapped {/supplier-groups, POST} route
[2026-08-20T04:19:42.981Z] [LOG] [RoutesResolver] SupplierGroupController {/supplier-groups}:
[2026-08-20T04:19:42.981Z] [LOG] [RouterExplorer] Mapped {/supplier-groups/:id, GET} route
[2026-08-20T04:19:42.981Z] [LOG] [RouterExplorer] Mapped {/supplier-groups, GET} route
[2026-08-20T04:19:42.981Z] [LOG] [RouterExplorer] Mapped {/supplier-groups/:id, PUT} route
[2026-08-20T04:19:42.981Z] [LOG] [RouterExplorer] Mapped {/supplier-groups/:id/status, PUT} route
[2026-08-20T04:19:42.981Z] [LOG] [RouterExplorer] Mapped {/supplier-groups/:id/assign-suppliers, POST} route
[2026-08-20T04:19:42.981Z] [LOG] [RouterExplorer] Mapped {/attendances, POST} route
[2026-08-20T04:19:42.981Z] [LOG] [RoutesResolver] AttendanceController {/attendances}:
[2026-08-20T04:19:42.981Z] [LOG] [RouterExplorer] Mapped {/suppliers/:id, GET} route
[2026-08-20T04:19:42.981Z] [LOG] [RouterExplorer] Mapped {/attendances/:id, GET} route
[2026-08-20T04:19:42.981Z] [LOG] [NestApplication] Nest application successfully started
[2026-08-20T04:19:42.981Z] [LOG] [RouterExplorer] Mapped {/attendances, GET} route
[2026-08-20T04:20:11.854Z] [LOG] [NestFactory] Starting Nest application...
[2026-08-20T04:20:11.854Z] [LOG] [InstanceLoader] TypeOrmModule dependencies initialized
[2026-08-20T04:20:11.855Z] [LOG] [InstanceLoader] TokenModule dependencies initialized
[2026-08-20T04:20:11.855Z] [LOG] [InstanceLoader] AppModule dependencies initialized
[2026-08-20T04:20:11.855Z] [LOG] [InstanceLoader] ConfigHostModule dependencies initialized
[2026-08-20T04:20:11.855Z] [LOG] [InstanceLoader] ConfigModule dependencies initialized
[2026-08-20T04:20:11.856Z] [LOG] [InstanceLoader] JwtModule dependencies initialized
[2026-08-20T04:20:11.855Z] [LOG] [InstanceLoader] RedisModule dependencies initialized
[2026-08-20T04:20:11.855Z] [LOG] [InstanceLoader] ConfigModule dependencies initialized
[2026-08-20T04:20:11.856Z] [LOG] [InstanceLoader] TypeOrmCoreModule dependencies initialized
[2026-08-20T04:20:11.856Z] [LOG] [InstanceLoader] TypeOrmModule dependencies initialized
[2026-08-20T04:20:11.856Z] [LOG] [InstanceLoader] TypeOrmModule dependencies initialized
[2026-08-20T04:20:11.856Z] [LOG] [InstanceLoader] TypeOrmModule dependencies initialized
[2026-08-20T04:20:11.856Z] [LOG] [InstanceLoader] AuthModule dependencies initialized
[2026-08-20T04:20:11.856Z] [LOG] [InstanceLoader] TypeOrmModule dependencies initialized
[2026-08-20T04:20:11.856Z] [LOG] [InstanceLoader] SupplierModule dependencies initialized
[2026-08-20T04:20:11.856Z] [LOG] [InstanceLoader] SupplierGroupModule dependencies initialized
[2026-08-20T04:20:11.856Z] [LOG] [InstanceLoader] AttendanceModule dependencies initialized
[2026-08-20T04:20:11.857Z] [LOG] [RouterExplorer] Mapped {/, GET} route
[2026-08-20T04:20:11.857Z] [LOG] [RoutesResolver] AppController {/}:
[2026-08-20T04:20:11.856Z] [LOG] [InstanceLoader] UserModule dependencies initialized
[2026-08-20T04:20:11.857Z] [LOG] [RouterExplorer] Mapped {/users, GET} route
[2026-08-20T04:20:11.857Z] [LOG] [RouterExplorer] Mapped {/users, POST} route
[2026-08-20T04:20:11.857Z] [LOG] [RouterExplorer] Mapped {/users/:id/status, PUT} route
[2026-08-20T04:20:11.857Z] [LOG] [RoutesResolver] AuthController {/auth}:
[2026-08-20T04:20:11.857Z] [LOG] [RouterExplorer] Mapped {/users/:id, GET} route
[2026-08-20T04:20:11.857Z] [LOG] [RouterExplorer] Mapped {/auth/login, POST} route
[2026-08-20T04:20:11.857Z] [LOG] [RouterExplorer] Mapped {/auth/refresh, POST} route
[2026-08-20T04:20:11.857Z] [LOG] [RoutesResolver] UserController {/users}:
[2026-08-20T04:20:11.857Z] [LOG] [RouterExplorer] Mapped {/auth/logout, POST} route
[2026-08-20T04:20:11.858Z] [LOG] [RouterExplorer] Mapped {/auth/me, GET} route
[2026-08-20T04:20:11.858Z] [LOG] [RouterExplorer] Mapped {/suppliers, POST} route
[2026-08-20T04:20:11.858Z] [LOG] [RoutesResolver] SupplierController {/suppliers}:
[2026-08-20T04:20:11.858Z] [LOG] [RouterExplorer] Mapped {/suppliers/:id, GET} route
[2026-08-20T04:20:11.858Z] [LOG] [RoutesResolver] SupplierGroupController {/supplier-groups}:
[2026-08-20T04:20:11.858Z] [LOG] [RouterExplorer] Mapped {/supplier-groups, GET} route
[2026-08-20T04:20:11.858Z] [LOG] [RouterExplorer] Mapped {/supplier-groups, POST} route
[2026-08-20T04:20:11.858Z] [LOG] [RouterExplorer] Mapped {/supplier-groups/:id, GET} route
[2026-08-20T04:20:11.858Z] [LOG] [RouterExplorer] Mapped {/supplier-groups/:id/status, PUT} route
[2026-08-20T04:20:11.858Z] [LOG] [RouterExplorer] Mapped {/supplier-groups/:id/assign-suppliers, POST} route
[2026-08-20T04:20:11.858Z] [LOG] [RouterExplorer] Mapped {/supplier-groups/:id, PUT} route
[2026-08-20T04:20:11.859Z] [LOG] [RouterExplorer] Mapped {/attendances, POST} route
[2026-08-20T04:20:11.858Z] [LOG] [RoutesResolver] AttendanceController {/attendances}:
[2026-08-20T04:20:11.858Z] [LOG] [RouterExplorer] Mapped {/suppliers, GET} route
[2026-08-20T04:20:11.859Z] [LOG] [RouterExplorer] Mapped {/attendances/:id, GET} route
[2026-08-20T04:20:11.859Z] [LOG] [NestApplication] Nest application successfully started
[2026-08-20T04:20:11.859Z] [LOG] [RouterExplorer] Mapped {/attendances, GET} route
[2026-08-20T04:20:24.491Z] [LOG] [NestFactory] Starting Nest application...
[2026-08-20T04:20:24.491Z] [LOG] [InstanceLoader] TypeOrmModule dependencies initialized
[2026-08-20T04:20:24.491Z] [LOG] [InstanceLoader] TokenModule dependencies initialized
[2026-08-20T04:20:24.492Z] [LOG] [InstanceLoader] AppModule dependencies initialized
[2026-08-20T04:20:24.491Z] [LOG] [InstanceLoader] ConfigHostModule dependencies initialized
[2026-08-20T04:20:24.492Z] [LOG] [InstanceLoader] RedisModule dependencies initialized
[2026-08-20T04:20:24.492Z] [LOG] [InstanceLoader] ConfigModule dependencies initialized
[2026-08-20T04:20:24.492Z] [LOG] [InstanceLoader] JwtModule dependencies initialized
[2026-08-20T04:20:24.492Z] [LOG] [InstanceLoader] TypeOrmCoreModule dependencies initialized
[2026-08-20T04:20:24.492Z] [LOG] [InstanceLoader] TypeOrmModule dependencies initialized
[2026-08-20T04:20:24.492Z] [LOG] [InstanceLoader] TypeOrmModule dependencies initialized
[2026-08-20T04:20:24.492Z] [LOG] [InstanceLoader] ConfigModule dependencies initialized
[2026-08-20T04:20:24.492Z] [LOG] [InstanceLoader] TypeOrmModule dependencies initialized
[2026-08-20T04:20:24.493Z] [LOG] [InstanceLoader] UserModule dependencies initialized
[2026-08-20T04:20:24.493Z] [LOG] [InstanceLoader] SupplierModule dependencies initialized
[2026-08-20T04:20:24.493Z] [LOG] [InstanceLoader] SupplierGroupModule dependencies initialized
[2026-08-20T04:20:24.493Z] [LOG] [InstanceLoader] TypeOrmModule dependencies initialized
[2026-08-20T04:20:24.493Z] [LOG] [InstanceLoader] AuthModule dependencies initialized
[2026-08-20T04:20:24.493Z] [LOG] [InstanceLoader] AttendanceModule dependencies initialized
[2026-08-20T04:20:24.493Z] [LOG] [RoutesResolver] UserController {/users}:
[2026-08-20T04:20:24.493Z] [LOG] [RouterExplorer] Mapped {/, GET} route
[2026-08-20T04:20:24.493Z] [LOG] [RouterExplorer] Mapped {/users, GET} route
[2026-08-20T04:20:24.493Z] [LOG] [RouterExplorer] Mapped {/users, POST} route
[2026-08-20T04:20:24.493Z] [LOG] [RouterExplorer] Mapped {/users/:id, GET} route
[2026-08-20T04:20:24.493Z] [LOG] [RouterExplorer] Mapped {/users/:id/status, PUT} route
[2026-08-20T04:20:24.493Z] [LOG] [RoutesResolver] AppController {/}:
[2026-08-20T04:20:24.493Z] [LOG] [RoutesResolver] AuthController {/auth}:
[2026-08-20T04:20:24.493Z] [LOG] [RouterExplorer] Mapped {/auth/login, POST} route
[2026-08-20T04:20:24.494Z] [LOG] [RouterExplorer] Mapped {/auth/logout, POST} route
[2026-08-20T04:20:24.494Z] [LOG] [RouterExplorer] Mapped {/auth/refresh, POST} route
[2026-08-20T04:20:24.494Z] [LOG] [RouterExplorer] Mapped {/suppliers, POST} route
[2026-08-20T04:20:24.494Z] [LOG] [RoutesResolver] SupplierController {/suppliers}:
[2026-08-20T04:20:24.494Z] [LOG] [RouterExplorer] Mapped {/suppliers/:id, GET} route
[2026-08-20T04:20:24.494Z] [LOG] [RoutesResolver] SupplierGroupController {/supplier-groups}:
[2026-08-20T04:20:24.494Z] [LOG] [RouterExplorer] Mapped {/auth/me, GET} route
[2026-08-20T04:20:24.494Z] [LOG] [RouterExplorer] Mapped {/suppliers, GET} route
[2026-08-20T04:20:24.494Z] [LOG] [RouterExplorer] Mapped {/supplier-groups, GET} route
[2026-08-20T04:20:24.494Z] [LOG] [RouterExplorer] Mapped {/supplier-groups/:id, GET} route
[2026-08-20T04:20:24.494Z] [LOG] [RouterExplorer] Mapped {/supplier-groups/:id/status, PUT} route
[2026-08-20T04:20:24.494Z] [LOG] [RouterExplorer] Mapped {/supplier-groups/:id/assign-suppliers, POST} route
[2026-08-20T04:20:24.494Z] [LOG] [RouterExplorer] Mapped {/supplier-groups, POST} route
[2026-08-20T04:20:24.494Z] [LOG] [RouterExplorer] Mapped {/supplier-groups/:id, PUT} route
[2026-08-20T04:20:24.495Z] [LOG] [RoutesResolver] AttendanceController {/attendances}:
[2026-08-20T04:20:24.495Z] [LOG] [RouterExplorer] Mapped {/attendances/:id, GET} route
[2026-08-20T04:20:24.495Z] [LOG] [NestApplication] Nest application successfully started
[2026-08-20T04:20:24.495Z] [LOG] [RouterExplorer] Mapped {/attendances, POST} route
[2026-08-20T04:20:24.495Z] [LOG] [RouterExplorer] Mapped {/attendances, GET} route
[2026-08-20T04:20:43.005Z] [LOG] [NestFactory] Starting Nest application...
[2026-08-20T04:20:43.005Z] [LOG] [InstanceLoader] ConfigHostModule dependencies initialized
[2026-08-20T04:20:43.005Z] [LOG] [InstanceLoader] TokenModule dependencies initialized
[2026-08-20T04:20:43.006Z] [LOG] [InstanceLoader] AppModule dependencies initialized
[2026-08-20T04:20:43.005Z] [LOG] [InstanceLoader] TypeOrmModule dependencies initialized
[2026-08-20T04:20:43.006Z] [LOG] [InstanceLoader] RedisModule dependencies initialized
[2026-08-20T04:20:43.006Z] [LOG] [InstanceLoader] ConfigModule dependencies initialized
[2026-08-20T04:20:43.006Z] [LOG] [InstanceLoader] ConfigModule dependencies initialized
[2026-08-20T04:20:43.006Z] [LOG] [InstanceLoader] JwtModule dependencies initialized
[2026-08-20T04:20:43.006Z] [LOG] [InstanceLoader] TypeOrmCoreModule dependencies initialized
[2026-08-20T04:20:43.007Z] [LOG] [InstanceLoader] TypeOrmModule dependencies initialized
[2026-08-20T04:20:43.007Z] [LOG] [InstanceLoader] TypeOrmModule dependencies initialized
[2026-08-20T04:20:43.007Z] [LOG] [InstanceLoader] TypeOrmModule dependencies initialized
[2026-08-20T04:20:43.007Z] [LOG] [InstanceLoader] TypeOrmModule dependencies initialized
[2026-08-20T04:20:43.007Z] [LOG] [InstanceLoader] AuthModule dependencies initialized
[2026-08-20T04:20:43.007Z] [LOG] [InstanceLoader] UserModule dependencies initialized
[2026-08-20T04:20:43.007Z] [LOG] [InstanceLoader] SupplierModule dependencies initialized
[2026-08-20T04:20:43.007Z] [LOG] [InstanceLoader] SupplierGroupModule dependencies initialized
[2026-08-20T04:20:43.007Z] [LOG] [InstanceLoader] AttendanceModule dependencies initialized
[2026-08-20T04:20:43.007Z] [LOG] [RoutesResolver] AppController {/}:
[2026-08-20T04:20:43.008Z] [LOG] [RouterExplorer] Mapped {/, GET} route
[2026-08-20T04:20:43.008Z] [LOG] [RoutesResolver] UserController {/users}:
[2026-08-20T04:20:43.008Z] [LOG] [RouterExplorer] Mapped {/users, POST} route
[2026-08-20T04:20:43.008Z] [LOG] [RouterExplorer] Mapped {/users/:id/status, PUT} route
[2026-08-20T04:20:43.008Z] [LOG] [RouterExplorer] Mapped {/users, GET} route
[2026-08-20T04:20:43.008Z] [LOG] [RouterExplorer] Mapped {/users/:id, GET} route
[2026-08-20T04:20:43.008Z] [LOG] [RouterExplorer] Mapped {/auth/login, POST} route
[2026-08-20T04:20:43.008Z] [LOG] [RouterExplorer] Mapped {/auth/refresh, POST} route
[2026-08-20T04:20:43.008Z] [LOG] [RouterExplorer] Mapped {/auth/me, GET} route
[2026-08-20T04:20:43.008Z] [LOG] [RouterExplorer] Mapped {/auth/logout, POST} route
[2026-08-20T04:20:43.008Z] [LOG] [RouterExplorer] Mapped {/suppliers, POST} route
[2026-08-20T04:20:43.008Z] [LOG] [RoutesResolver] SupplierController {/suppliers}:
[2026-08-20T04:20:43.009Z] [LOG] [RouterExplorer] Mapped {/suppliers/:id, GET} route
[2026-08-20T04:20:43.009Z] [LOG] [RouterExplorer] Mapped {/suppliers, GET} route
[2026-08-20T04:20:43.008Z] [LOG] [RoutesResolver] AuthController {/auth}:
[2026-08-20T04:20:43.009Z] [LOG] [RouterExplorer] Mapped {/supplier-groups, POST} route
[2026-08-20T04:20:43.009Z] [LOG] [RouterExplorer] Mapped {/supplier-groups/:id, GET} route
[2026-08-20T04:20:43.009Z] [LOG] [RoutesResolver] SupplierGroupController {/supplier-groups}:
[2026-08-20T04:20:43.009Z] [LOG] [RouterExplorer] Mapped {/supplier-groups/:id/status, PUT} route
[2026-08-20T04:20:43.009Z] [LOG] [RouterExplorer] Mapped {/supplier-groups/:id/assign-suppliers, POST} route
[2026-08-20T04:20:43.009Z] [LOG] [RoutesResolver] AttendanceController {/attendances}:
[2026-08-20T04:20:43.009Z] [LOG] [RouterExplorer] Mapped {/supplier-groups, GET} route
[2026-08-20T04:20:43.009Z] [LOG] [RouterExplorer] Mapped {/supplier-groups/:id, PUT} route
[2026-08-20T04:20:43.009Z] [LOG] [RouterExplorer] Mapped {/attendances/:id, GET} route
[2026-08-20T04:20:43.009Z] [LOG] [NestApplication] Nest application successfully started
[2026-08-20T04:20:43.009Z] [LOG] [RouterExplorer] Mapped {/attendances, GET} route
[2026-08-20T04:20:43.009Z] [LOG] [RouterExplorer] Mapped {/attendances, POST} route
[2026-08-20T04:21:05.049Z] [LOG] [NestFactory] Starting Nest application...
[2026-08-20T04:21:05.050Z] [LOG] [InstanceLoader] ConfigHostModule dependencies initialized
[2026-08-20T04:21:05.050Z] [LOG] [InstanceLoader] TokenModule dependencies initialized
[2026-08-20T04:21:05.050Z] [LOG] [InstanceLoader] TypeOrmModule dependencies initialized
[2026-08-20T04:21:05.050Z] [LOG] [InstanceLoader] ConfigModule dependencies initialized
[2026-08-20T04:21:05.050Z] [LOG] [InstanceLoader] ConfigModule dependencies initialized
[2026-08-20T04:21:05.050Z] [LOG] [InstanceLoader] AppModule dependencies initialized
[2026-08-20T04:21:05.050Z] [LOG] [InstanceLoader] RedisModule dependencies initialized
[2026-08-20T04:21:05.051Z] [LOG] [InstanceLoader] TypeOrmCoreModule dependencies initialized
[2026-08-20T04:21:05.051Z] [LOG] [InstanceLoader] TypeOrmModule dependencies initialized
[2026-08-20T04:21:05.051Z] [LOG] [InstanceLoader] TypeOrmModule dependencies initialized
[2026-08-20T04:21:05.050Z] [LOG] [InstanceLoader] JwtModule dependencies initialized
[2026-08-20T04:21:05.051Z] [LOG] [InstanceLoader] TypeOrmModule dependencies initialized
[2026-08-20T04:21:05.051Z] [LOG] [InstanceLoader] TypeOrmModule dependencies initialized
[2026-08-20T04:21:05.051Z] [LOG] [InstanceLoader] SupplierModule dependencies initialized
[2026-08-20T04:21:05.051Z] [LOG] [InstanceLoader] UserModule dependencies initialized
[2026-08-20T04:21:05.051Z] [LOG] [InstanceLoader] SupplierGroupModule dependencies initialized
[2026-08-20T04:21:05.051Z] [LOG] [InstanceLoader] AuthModule dependencies initialized
[2026-08-20T04:21:05.051Z] [LOG] [InstanceLoader] AttendanceModule dependencies initialized
[2026-08-20T04:21:05.051Z] [LOG] [RouterExplorer] Mapped {/, GET} route
[2026-08-20T04:21:05.051Z] [LOG] [RoutesResolver] UserController {/users}:
[2026-08-20T04:21:05.051Z] [LOG] [RouterExplorer] Mapped {/users, POST} route
[2026-08-20T04:21:05.052Z] [LOG] [RouterExplorer] Mapped {/users/:id, GET} route
[2026-08-20T04:21:05.052Z] [LOG] [RouterExplorer] Mapped {/users/:id/status, PUT} route
[2026-08-20T04:21:05.051Z] [LOG] [RoutesResolver] AppController {/}:
[2026-08-20T04:21:05.052Z] [LOG] [RouterExplorer] Mapped {/users, GET} route
[2026-08-20T04:21:05.052Z] [LOG] [RouterExplorer] Mapped {/auth/login, POST} route
[2026-08-20T04:21:05.052Z] [LOG] [RouterExplorer] Mapped {/auth/refresh, POST} route
[2026-08-20T04:21:05.052Z] [LOG] [RouterExplorer] Mapped {/auth/me, GET} route
[2026-08-20T04:21:05.052Z] [LOG] [RouterExplorer] Mapped {/auth/logout, POST} route
[2026-08-20T04:21:05.052Z] [LOG] [RoutesResolver] AuthController {/auth}:
[2026-08-20T04:21:05.052Z] [LOG] [RoutesResolver] SupplierController {/suppliers}:
[2026-08-20T04:21:05.052Z] [LOG] [RouterExplorer] Mapped {/suppliers, GET} route
[2026-08-20T04:21:05.052Z] [LOG] [RouterExplorer] Mapped {/suppliers, POST} route
[2026-08-20T04:21:05.052Z] [LOG] [RoutesResolver] SupplierGroupController {/supplier-groups}:
[2026-08-20T04:21:05.052Z] [LOG] [RouterExplorer] Mapped {/supplier-groups, GET} route
[2026-08-20T04:21:05.052Z] [LOG] [RouterExplorer] Mapped {/supplier-groups, POST} route
[2026-08-20T04:21:05.052Z] [LOG] [RouterExplorer] Mapped {/supplier-groups/:id, GET} route
[2026-08-20T04:21:05.052Z] [LOG] [RouterExplorer] Mapped {/suppliers/:id, GET} route
[2026-08-20T04:21:05.053Z] [LOG] [RouterExplorer] Mapped {/supplier-groups/:id/status, PUT} route
[2026-08-20T04:21:05.053Z] [LOG] [RouterExplorer] Mapped {/supplier-groups/:id/assign-suppliers, POST} route
[2026-08-20T04:21:05.053Z] [LOG] [RoutesResolver] AttendanceController {/attendances}:
[2026-08-20T04:21:05.052Z] [LOG] [RouterExplorer] Mapped {/supplier-groups/:id, PUT} route
[2026-08-20T04:21:05.053Z] [LOG] [RouterExplorer] Mapped {/attendances/:id, GET} route
[2026-08-20T04:21:05.053Z] [LOG] [RouterExplorer] Mapped {/attendances, POST} route
[2026-08-20T04:21:05.053Z] [LOG] [NestApplication] Nest application successfully started
[2026-08-20T04:21:05.053Z] [LOG] [RouterExplorer] Mapped {/attendances, GET} route
[2026-08-20T04:22:05.937Z] [LOG] [NestFactory] Starting Nest application...
[2026-08-20T04:22:05.937Z] [LOG] [InstanceLoader] TypeOrmModule dependencies initialized
[2026-08-20T04:22:05.937Z] [LOG] [InstanceLoader] TokenModule dependencies initialized
[2026-08-20T04:22:05.938Z] [LOG] [InstanceLoader] AppModule dependencies initialized
[2026-08-20T04:22:05.938Z] [LOG] [InstanceLoader] ConfigHostModule dependencies initialized
[2026-08-20T04:22:05.938Z] [LOG] [InstanceLoader] ConfigModule dependencies initialized
[2026-08-20T04:22:05.938Z] [LOG] [InstanceLoader] JwtModule dependencies initialized
[2026-08-20T04:22:05.938Z] [LOG] [InstanceLoader] ConfigModule dependencies initialized
[2026-08-20T04:22:05.938Z] [LOG] [InstanceLoader] TypeOrmCoreModule dependencies initialized
[2026-08-20T04:22:05.938Z] [LOG] [InstanceLoader] RedisModule dependencies initialized
[2026-08-20T04:22:05.938Z] [LOG] [InstanceLoader] TypeOrmModule dependencies initialized
[2026-08-20T04:22:05.938Z] [LOG] [InstanceLoader] TypeOrmModule dependencies initialized
[2026-08-20T04:22:05.938Z] [LOG] [InstanceLoader] TypeOrmModule dependencies initialized
[2026-08-20T04:22:05.938Z] [LOG] [InstanceLoader] AuthModule dependencies initialized
[2026-08-20T04:22:05.938Z] [LOG] [InstanceLoader] TypeOrmModule dependencies initialized
[2026-08-20T04:22:05.939Z] [LOG] [InstanceLoader] SupplierGroupModule dependencies initialized
[2026-08-20T04:22:05.938Z] [LOG] [InstanceLoader] UserModule dependencies initialized
[2026-08-20T04:22:05.939Z] [LOG] [InstanceLoader] SupplierModule dependencies initialized
[2026-08-20T04:22:05.939Z] [LOG] [InstanceLoader] AttendanceModule dependencies initialized
[2026-08-20T04:22:05.939Z] [LOG] [RoutesResolver] AppController {/}:
[2026-08-20T04:22:05.939Z] [LOG] [RoutesResolver] UserController {/users}:
[2026-08-20T04:22:05.939Z] [LOG] [RouterExplorer] Mapped {/users, POST} route
[2026-08-20T04:22:05.939Z] [LOG] [RouterExplorer] Mapped {/, GET} route
[2026-08-20T04:22:05.939Z] [LOG] [RouterExplorer] Mapped {/users, GET} route
[2026-08-20T04:22:05.939Z] [LOG] [RouterExplorer] Mapped {/users/:id, GET} route
[2026-08-20T04:22:05.939Z] [LOG] [RouterExplorer] Mapped {/auth/login, POST} route
[2026-08-20T04:22:05.939Z] [LOG] [RouterExplorer] Mapped {/users/:id/status, PUT} route
[2026-08-20T04:22:05.939Z] [LOG] [RouterExplorer] Mapped {/auth/logout, POST} route
[2026-08-20T04:22:05.939Z] [LOG] [RouterExplorer] Mapped {/auth/refresh, POST} route
[2026-08-20T04:22:05.940Z] [LOG] [RoutesResolver] SupplierController {/suppliers}:
[2026-08-20T04:22:05.939Z] [LOG] [RoutesResolver] AuthController {/auth}:
[2026-08-20T04:22:05.939Z] [LOG] [RouterExplorer] Mapped {/auth/me, GET} route
[2026-08-20T04:22:05.940Z] [LOG] [RouterExplorer] Mapped {/suppliers, POST} route
[2026-08-20T04:22:05.940Z] [LOG] [RouterExplorer] Mapped {/suppliers/:id, GET} route
[2026-08-20T04:22:05.940Z] [LOG] [RoutesResolver] SupplierGroupController {/supplier-groups}:
[2026-08-20T04:22:05.940Z] [LOG] [RouterExplorer] Mapped {/suppliers, GET} route
[2026-08-20T04:22:05.940Z] [LOG] [RouterExplorer] Mapped {/supplier-groups/:id, GET} route
[2026-08-20T04:22:05.940Z] [LOG] [RouterExplorer] Mapped {/supplier-groups/:id, PUT} route
[2026-08-20T04:22:05.940Z] [LOG] [RouterExplorer] Mapped {/supplier-groups, GET} route
[2026-08-20T04:22:05.940Z] [LOG] [RouterExplorer] Mapped {/supplier-groups, POST} route
[2026-08-20T04:22:05.940Z] [LOG] [RoutesResolver] AttendanceController {/attendances}:
[2026-08-20T04:22:05.940Z] [LOG] [RouterExplorer] Mapped {/supplier-groups/:id/assign-suppliers, POST} route
[2026-08-20T04:22:05.940Z] [LOG] [RouterExplorer] Mapped {/attendances, GET} route
[2026-08-20T04:22:05.940Z] [LOG] [RouterExplorer] Mapped {/supplier-groups/:id/status, PUT} route
[2026-08-20T04:22:05.940Z] [LOG] [NestApplication] Nest application successfully started
[2026-08-20T04:22:05.940Z] [LOG] [RouterExplorer] Mapped {/attendances, POST} route
[2026-08-20T04:22:05.940Z] [LOG] [RouterExplorer] Mapped {/attendances/:id, GET} route
[2026-08-20T04:23:10.006Z] [LOG] [NestFactory] Starting Nest application...
[2026-08-20T04:23:10.006Z] [LOG] [InstanceLoader] TypeOrmModule dependencies initialized
[2026-08-20T04:23:10.007Z] [LOG] [InstanceLoader] ConfigHostModule dependencies initialized
[2026-08-20T04:23:10.007Z] [LOG] [InstanceLoader] AppModule dependencies initialized
[2026-08-20T04:23:10.007Z] [LOG] [InstanceLoader] TokenModule dependencies initialized
[2026-08-20T04:23:10.007Z] [LOG] [InstanceLoader] ConfigModule dependencies initialized
[2026-08-20T04:23:10.007Z] [LOG] [InstanceLoader] ConfigModule dependencies initialized
[2026-08-20T04:23:10.007Z] [LOG] [InstanceLoader] TypeOrmCoreModule dependencies initialized
[2026-08-20T04:23:10.007Z] [LOG] [InstanceLoader] JwtModule dependencies initialized
[2026-08-20T04:23:10.007Z] [LOG] [InstanceLoader] RedisModule dependencies initialized
[2026-08-20T04:23:10.007Z] [LOG] [InstanceLoader] TypeOrmModule dependencies initialized
[2026-08-20T04:23:10.007Z] [LOG] [InstanceLoader] TypeOrmModule dependencies initialized
[2026-08-20T04:23:10.008Z] [LOG] [InstanceLoader] AuthModule dependencies initialized
[2026-08-20T04:23:10.008Z] [LOG] [InstanceLoader] TypeOrmModule dependencies initialized
[2026-08-20T04:23:10.008Z] [LOG] [InstanceLoader] SupplierModule dependencies initialized
[2026-08-20T04:23:10.008Z] [LOG] [InstanceLoader] TypeOrmModule dependencies initialized
[2026-08-20T04:23:10.008Z] [LOG] [InstanceLoader] UserModule dependencies initialized
[2026-08-20T04:23:10.008Z] [LOG] [InstanceLoader] SupplierGroupModule dependencies initialized
[2026-08-20T04:23:10.008Z] [LOG] [InstanceLoader] AttendanceModule dependencies initialized
[2026-08-20T04:23:10.008Z] [LOG] [RoutesResolver] UserController {/users}:
[2026-08-20T04:23:10.009Z] [LOG] [RouterExplorer] Mapped {/users, POST} route
[2026-08-20T04:23:10.008Z] [LOG] [RouterExplorer] Mapped {/, GET} route
[2026-08-20T04:23:10.009Z] [LOG] [RouterExplorer] Mapped {/users, GET} route
[2026-08-20T04:23:10.009Z] [LOG] [RouterExplorer] Mapped {/users/:id, GET} route
[2026-08-20T04:23:10.008Z] [LOG] [RoutesResolver] AppController {/}:
[2026-08-20T04:23:10.009Z] [LOG] [RoutesResolver] AuthController {/auth}:
[2026-08-20T04:23:10.009Z] [LOG] [RouterExplorer] Mapped {/users/:id/status, PUT} route
[2026-08-20T04:23:10.009Z] [LOG] [RouterExplorer] Mapped {/auth/login, POST} route
[2026-08-20T04:23:10.009Z] [LOG] [RouterExplorer] Mapped {/auth/refresh, POST} route
[2026-08-20T04:23:10.009Z] [LOG] [RouterExplorer] Mapped {/auth/me, GET} route
[2026-08-20T04:23:10.009Z] [LOG] [RoutesResolver] SupplierController {/suppliers}:
[2026-08-20T04:23:10.009Z] [LOG] [RouterExplorer] Mapped {/auth/logout, POST} route
[2026-08-20T04:23:10.009Z] [LOG] [RouterExplorer] Mapped {/suppliers, POST} route
[2026-08-20T04:23:10.010Z] [LOG] [RouterExplorer] Mapped {/suppliers/:id, GET} route
[2026-08-20T04:23:10.010Z] [LOG] [RoutesResolver] SupplierGroupController {/supplier-groups}:
[2026-08-20T04:23:10.010Z] [LOG] [RouterExplorer] Mapped {/suppliers, GET} route
[2026-08-20T04:23:10.010Z] [LOG] [RouterExplorer] Mapped {/supplier-groups, GET} route
[2026-08-20T04:23:10.010Z] [LOG] [RouterExplorer] Mapped {/supplier-groups/:id, GET} route
[2026-08-20T04:23:10.010Z] [LOG] [RouterExplorer] Mapped {/supplier-groups/:id/status, PUT} route
[2026-08-20T04:23:10.010Z] [LOG] [RouterExplorer] Mapped {/supplier-groups/:id, PUT} route
[2026-08-20T04:23:10.010Z] [LOG] [RouterExplorer] Mapped {/supplier-groups/:id/assign-suppliers, POST} route
[2026-08-20T04:23:10.010Z] [LOG] [RoutesResolver] AttendanceController {/attendances}:
[2026-08-20T04:23:10.010Z] [LOG] [RouterExplorer] Mapped {/supplier-groups, POST} route
[2026-08-20T04:23:10.010Z] [LOG] [RouterExplorer] Mapped {/attendances/:id, GET} route
[2026-08-20T04:23:10.010Z] [LOG] [RouterExplorer] Mapped {/attendances, GET} route
[2026-08-20T04:23:10.010Z] [LOG] [RouterExplorer] Mapped {/attendances, POST} route
[2026-08-20T04:23:10.010Z] [LOG] [NestApplication] Nest application successfully started
[2026-08-20T04:23:23.399Z] [LOG] [NestFactory] Starting Nest application...
[2026-08-20T04:23:23.399Z] [LOG] [InstanceLoader] TypeOrmModule dependencies initialized
[2026-08-20T04:23:23.399Z] [LOG] [InstanceLoader] ConfigHostModule dependencies initialized
[2026-08-20T04:23:23.399Z] [LOG] [InstanceLoader] AppModule dependencies initialized
[2026-08-20T04:23:23.399Z] [LOG] [InstanceLoader] TokenModule dependencies initialized
[2026-08-20T04:23:23.400Z] [LOG] [InstanceLoader] ConfigModule dependencies initialized
[2026-08-20T04:23:23.400Z] [LOG] [InstanceLoader] ConfigModule dependencies initialized
[2026-08-20T04:23:23.400Z] [LOG] [InstanceLoader] TypeOrmCoreModule dependencies initialized
[2026-08-20T04:23:23.400Z] [LOG] [InstanceLoader] RedisModule dependencies initialized
[2026-08-20T04:23:23.400Z] [LOG] [InstanceLoader] TypeOrmModule dependencies initialized
[2026-08-20T04:23:23.400Z] [LOG] [InstanceLoader] TypeOrmModule dependencies initialized
[2026-08-20T04:23:23.400Z] [LOG] [InstanceLoader] TypeOrmModule dependencies initialized
[2026-08-20T04:23:23.400Z] [LOG] [InstanceLoader] JwtModule dependencies initialized
[2026-08-20T04:23:23.400Z] [LOG] [InstanceLoader] TypeOrmModule dependencies initialized
[2026-08-20T04:23:23.401Z] [LOG] [InstanceLoader] AuthModule dependencies initialized
[2026-08-20T04:23:23.401Z] [LOG] [InstanceLoader] SupplierModule dependencies initialized
[2026-08-20T04:23:23.401Z] [LOG] [InstanceLoader] AttendanceModule dependencies initialized
[2026-08-20T04:23:23.401Z] [LOG] [InstanceLoader] SupplierGroupModule dependencies initialized
[2026-08-20T04:23:23.401Z] [LOG] [RouterExplorer] Mapped {/, GET} route
[2026-08-20T04:23:23.401Z] [LOG] [InstanceLoader] UserModule dependencies initialized
[2026-08-20T04:23:23.401Z] [LOG] [RoutesResolver] UserController {/users}:
[2026-08-20T04:23:23.401Z] [LOG] [RoutesResolver] AppController {/}:
[2026-08-20T04:23:23.401Z] [LOG] [RouterExplorer] Mapped {/users, POST} route
[2026-08-20T04:23:23.401Z] [LOG] [RouterExplorer] Mapped {/users/:id, GET} route
[2026-08-20T04:23:23.401Z] [LOG] [RouterExplorer] Mapped {/users/:id/status, PUT} route
[2026-08-20T04:23:23.401Z] [LOG] [RouterExplorer] Mapped {/auth/login, POST} route
[2026-08-20T04:23:23.401Z] [LOG] [RoutesResolver] AuthController {/auth}:
[2026-08-20T04:23:23.401Z] [LOG] [RouterExplorer] Mapped {/auth/refresh, POST} route
[2026-08-20T04:23:23.401Z] [LOG] [RouterExplorer] Mapped {/users, GET} route
[2026-08-20T04:23:23.401Z] [LOG] [RouterExplorer] Mapped {/auth/logout, POST} route
[2026-08-20T04:23:23.402Z] [LOG] [RouterExplorer] Mapped {/suppliers, POST} route
[2026-08-20T04:23:23.402Z] [LOG] [RouterExplorer] Mapped {/auth/me, GET} route
[2026-08-20T04:23:23.402Z] [LOG] [RoutesResolver] SupplierController {/suppliers}:
[2026-08-20T04:23:23.402Z] [LOG] [RouterExplorer] Mapped {/suppliers/:id, GET} route
[2026-08-20T04:23:23.402Z] [LOG] [RoutesResolver] SupplierGroupController {/supplier-groups}:
[2026-08-20T04:23:23.402Z] [LOG] [RouterExplorer] Mapped {/supplier-groups, GET} route
[2026-08-20T04:23:23.402Z] [LOG] [RouterExplorer] Mapped {/suppliers, GET} route
[2026-08-20T04:23:23.402Z] [LOG] [RouterExplorer] Mapped {/supplier-groups, POST} route
[2026-08-20T04:23:23.402Z] [LOG] [RouterExplorer] Mapped {/supplier-groups/:id, GET} route
[2026-08-20T04:23:23.402Z] [LOG] [RouterExplorer] Mapped {/supplier-groups/:id/status, PUT} route
[2026-08-20T04:23:23.402Z] [LOG] [RouterExplorer] Mapped {/supplier-groups/:id/assign-suppliers, POST} route
[2026-08-20T04:23:23.402Z] [LOG] [RoutesResolver] AttendanceController {/attendances}:
[2026-08-20T04:23:23.402Z] [LOG] [RouterExplorer] Mapped {/supplier-groups/:id, PUT} route
[2026-08-20T04:23:23.402Z] [LOG] [RouterExplorer] Mapped {/attendances, GET} route
[2026-08-20T04:23:23.402Z] [LOG] [RouterExplorer] Mapped {/attendances, POST} route
[2026-08-20T04:23:23.403Z] [LOG] [NestApplication] Nest application successfully started
[2026-08-20T04:23:23.403Z] [LOG] [RouterExplorer] Mapped {/attendances/:id, GET} route
[2026-08-20T04:44:24.382Z] [LOG] [NestFactory] Starting Nest application...
[2026-08-20T04:44:24.382Z] [LOG] [InstanceLoader] TypeOrmModule dependencies initialized
[2026-08-20T04:44:24.383Z] [LOG] [InstanceLoader] ConfigHostModule dependencies initialized
[2026-08-20T04:44:24.383Z] [LOG] [InstanceLoader] TokenModule dependencies initialized
[2026-08-20T04:44:24.383Z] [LOG] [InstanceLoader] ConfigModule dependencies initialized
[2026-08-20T04:44:24.383Z] [LOG] [InstanceLoader] RedisModule dependencies initialized
[2026-08-20T04:44:24.383Z] [LOG] [InstanceLoader] ConfigModule dependencies initialized
[2026-08-20T04:44:24.383Z] [LOG] [InstanceLoader] JwtModule dependencies initialized
[2026-08-20T04:44:24.383Z] [LOG] [InstanceLoader] TypeOrmCoreModule dependencies initialized
[2026-08-20T04:44:24.383Z] [LOG] [InstanceLoader] AppModule dependencies initialized
[2026-08-20T04:44:24.383Z] [LOG] [InstanceLoader] TypeOrmModule dependencies initialized
[2026-08-20T04:44:24.384Z] [LOG] [InstanceLoader] TypeOrmModule dependencies initialized
[2026-08-20T04:44:24.384Z] [LOG] [InstanceLoader] TypeOrmModule dependencies initialized
[2026-08-20T04:44:24.384Z] [LOG] [InstanceLoader] AuthModule dependencies initialized
[2026-08-20T04:44:24.384Z] [LOG] [InstanceLoader] TypeOrmModule dependencies initialized
[2026-08-20T04:44:24.384Z] [LOG] [InstanceLoader] SupplierModule dependencies initialized
[2026-08-20T04:44:24.384Z] [LOG] [InstanceLoader] TypeOrmModule dependencies initialized
[2026-08-20T04:44:24.384Z] [LOG] [InstanceLoader] SupplierGroupModule dependencies initialized
[2026-08-20T04:44:24.384Z] [LOG] [InstanceLoader] UserModule dependencies initialized
[2026-08-20T04:44:24.384Z] [LOG] [InstanceLoader] DepartmentModule dependencies initialized
[2026-08-20T04:44:24.384Z] [LOG] [InstanceLoader] AttendanceModule dependencies initialized
[2026-08-20T04:44:24.384Z] [LOG] [RouterExplorer] Mapped {/, GET} route
[2026-08-20T04:44:24.384Z] [LOG] [RoutesResolver] UserController {/users}:
[2026-08-20T04:44:24.384Z] [LOG] [RouterExplorer] Mapped {/users, GET} route
[2026-08-20T04:44:24.384Z] [LOG] [RouterExplorer] Mapped {/users, POST} route
[2026-08-20T04:44:24.385Z] [LOG] [RouterExplorer] Mapped {/users/:id, GET} route
[2026-08-20T04:44:24.385Z] [LOG] [RouterExplorer] Mapped {/users/:id/status, PUT} route
[2026-08-20T04:44:24.385Z] [LOG] [RouterExplorer] Mapped {/auth/login, POST} route
[2026-08-20T04:44:24.385Z] [LOG] [RoutesResolver] AuthController {/auth}:
[2026-08-20T04:44:24.385Z] [LOG] [RouterExplorer] Mapped {/auth/refresh, POST} route
[2026-08-20T04:44:24.385Z] [LOG] [RouterExplorer] Mapped {/auth/me, GET} route
[2026-08-20T04:44:24.385Z] [LOG] [RoutesResolver] SupplierController {/suppliers}:
[2026-08-20T04:44:24.385Z] [LOG] [RouterExplorer] Mapped {/auth/logout, POST} route
[2026-08-20T04:44:24.385Z] [LOG] [RouterExplorer] Mapped {/suppliers, GET} route
[2026-08-20T04:44:24.385Z] [LOG] [RouterExplorer] Mapped {/suppliers, POST} route
[2026-08-20T04:44:24.385Z] [LOG] [RouterExplorer] Mapped {/suppliers/:id, GET} route
[2026-08-20T04:44:24.385Z] [LOG] [RoutesResolver] SupplierGroupController {/supplier-groups}:
[2026-08-20T04:44:24.385Z] [LOG] [RouterExplorer] Mapped {/supplier-groups, GET} route
[2026-08-20T04:44:24.385Z] [LOG] [RouterExplorer] Mapped {/supplier-groups, POST} route
[2026-08-20T04:44:24.385Z] [LOG] [RouterExplorer] Mapped {/supplier-groups/:id, GET} route
[2026-08-20T04:44:24.385Z] [LOG] [RouterExplorer] Mapped {/supplier-groups/:id/status, PUT} route
[2026-08-20T04:44:24.386Z] [LOG] [RouterExplorer] Mapped {/supplier-groups/:id/assign-suppliers, POST} route
[2026-08-20T04:44:24.385Z] [LOG] [RouterExplorer] Mapped {/supplier-groups/:id, PUT} route
[2026-08-20T04:44:24.384Z] [LOG] [RoutesResolver] AppController {/}:
[2026-08-20T04:44:24.386Z] [LOG] [RoutesResolver] AttendanceController {/attendances}:
[2026-08-20T04:44:24.386Z] [LOG] [RouterExplorer] Mapped {/attendances/:id, GET} route
[2026-08-20T04:44:24.386Z] [LOG] [RouterExplorer] Mapped {/attendances, POST} route
[2026-08-20T04:44:24.386Z] [LOG] [RoutesResolver] DepartmentController {/departments}:
[2026-08-20T04:44:24.386Z] [LOG] [RouterExplorer] Mapped {/departments, GET} route
[2026-08-20T04:44:24.386Z] [LOG] [RouterExplorer] Mapped {/departments, POST} route
[2026-08-20T04:44:24.386Z] [LOG] [RouterExplorer] Mapped {/departments/:id, GET} route
[2026-08-20T04:44:24.386Z] [LOG] [RouterExplorer] Mapped {/attendances, GET} route
[2026-08-20T04:44:24.386Z] [LOG] [RouterExplorer] Mapped {/departments/:id/status, PUT} route
[2026-08-20T04:44:24.386Z] [LOG] [RouterExplorer] Mapped {/departments/:id, PUT} route
[2026-08-20T04:44:24.386Z] [LOG] [NestApplication] Nest application successfully started
[2026-08-20T04:46:34.536Z] [ERROR] [ExceptionsHandler] Unknown column 'user.department_id' in 'field list' — QueryFailedError: Unknown column 'user.department_id' in 'field list'
    at Query.onResult (C:\ERP\erp-fcvn\node_modules\typeorm\driver\src\driver\mysql\MysqlQueryRunner.ts:248:33)
    at Query.execute (C:\ERP\erp-fcvn\node_modules\mysql2\lib\commands\command.js:36:14)
    at PoolConnection.handlePacket (C:\ERP\erp-fcvn\node_modules\mysql2\lib\base\connection.js:555:34)
    at PacketParser.onPacket (C:\ERP\erp-fcvn\node_modules\mysql2\lib\base\connection.js:104:12)
    at PacketParser.executeStart (C:\ERP\erp-fcvn\node_modules\mysql2\lib\packet_parser.js:75:16)
    at Socket.<anonymous> (C:\ERP\erp-fcvn\node_modules\mysql2\lib\base\connection.js:112:25)
    at Socket.emit (node:events:509:28)
    at addChunk (node:internal/streams/readable:563:12)
    at readableAddChunkPushByteMode (node:internal/streams/readable:514:3)
    at Readable.push (node:internal/streams/readable:394:5)
[2026-08-20T04:46:48.536Z] [ERROR] [ExceptionsHandler] Unknown column 'user.department_id' in 'field list' — QueryFailedError: Unknown column 'user.department_id' in 'field list'
    at Query.onResult (C:\ERP\erp-fcvn\node_modules\typeorm\driver\src\driver\mysql\MysqlQueryRunner.ts:248:33)
    at Query.execute (C:\ERP\erp-fcvn\node_modules\mysql2\lib\commands\command.js:36:14)
    at PoolConnection.handlePacket (C:\ERP\erp-fcvn\node_modules\mysql2\lib\base\connection.js:555:34)
    at PacketParser.onPacket (C:\ERP\erp-fcvn\node_modules\mysql2\lib\base\connection.js:104:12)
    at PacketParser.executeStart (C:\ERP\erp-fcvn\node_modules\mysql2\lib\packet_parser.js:75:16)
    at Socket.<anonymous> (C:\ERP\erp-fcvn\node_modules\mysql2\lib\base\connection.js:112:25)
    at Socket.emit (node:events:509:28)
    at addChunk (node:internal/streams/readable:563:12)
    at readableAddChunkPushByteMode (node:internal/streams/readable:514:3)
    at Readable.push (node:internal/streams/readable:394:5)
[2026-08-20T04:47:39.865Z] [LOG] [NestFactory] Starting Nest application...
[2026-08-20T04:47:39.865Z] [LOG] [InstanceLoader] TypeOrmModule dependencies initialized
[2026-08-20T04:47:39.865Z] [LOG] [InstanceLoader] TokenModule dependencies initialized
[2026-08-20T04:47:39.865Z] [LOG] [InstanceLoader] AppModule dependencies initialized
[2026-08-20T04:47:39.865Z] [LOG] [InstanceLoader] RedisModule dependencies initialized
[2026-08-20T04:47:39.865Z] [LOG] [InstanceLoader] ConfigHostModule dependencies initialized
[2026-08-20T04:47:39.865Z] [LOG] [InstanceLoader] ConfigModule dependencies initialized
[2026-08-20T04:47:39.866Z] [LOG] [InstanceLoader] TypeOrmCoreModule dependencies initialized
[2026-08-20T04:47:39.866Z] [LOG] [InstanceLoader] JwtModule dependencies initialized
[2026-08-20T04:47:39.865Z] [LOG] [InstanceLoader] ConfigModule dependencies initialized
[2026-08-20T04:47:39.866Z] [LOG] [InstanceLoader] TypeOrmModule dependencies initialized
[2026-08-20T04:47:39.866Z] [LOG] [InstanceLoader] TypeOrmModule dependencies initialized
[2026-08-20T04:47:39.866Z] [LOG] [InstanceLoader] TypeOrmModule dependencies initialized
[2026-08-20T04:47:39.866Z] [LOG] [InstanceLoader] AuthModule dependencies initialized
[2026-08-20T04:47:39.866Z] [LOG] [InstanceLoader] TypeOrmModule dependencies initialized
[2026-08-20T04:47:39.866Z] [LOG] [InstanceLoader] SupplierModule dependencies initialized
[2026-08-20T04:47:39.866Z] [LOG] [InstanceLoader] SupplierGroupModule dependencies initialized
[2026-08-20T04:47:39.866Z] [LOG] [InstanceLoader] AttendanceModule dependencies initialized
[2026-08-20T04:47:39.866Z] [LOG] [InstanceLoader] TypeOrmModule dependencies initialized
[2026-08-20T04:47:39.867Z] [LOG] [RoutesResolver] AppController {/}:
[2026-08-20T04:47:39.866Z] [LOG] [InstanceLoader] DepartmentModule dependencies initialized
[2026-08-20T04:47:39.866Z] [LOG] [InstanceLoader] UserModule dependencies initialized
[2026-08-20T04:47:39.867Z] [LOG] [RoutesResolver] UserController {/users}:
[2026-08-20T04:47:39.867Z] [LOG] [RouterExplorer] Mapped {/users, POST} route
[2026-08-20T04:47:39.867Z] [LOG] [RouterExplorer] Mapped {/users/:id, GET} route
[2026-08-20T04:47:39.867Z] [LOG] [RouterExplorer] Mapped {/users, GET} route
[2026-08-20T04:47:39.867Z] [LOG] [RouterExplorer] Mapped {/users/:id/status, PUT} route
[2026-08-20T04:47:39.867Z] [LOG] [RouterExplorer] Mapped {/, GET} route
[2026-08-20T04:47:39.867Z] [LOG] [RouterExplorer] Mapped {/auth/login, POST} route
[2026-08-20T04:47:39.867Z] [LOG] [RoutesResolver] AuthController {/auth}:
[2026-08-20T04:47:39.867Z] [LOG] [RouterExplorer] Mapped {/auth/refresh, POST} route
[2026-08-20T04:47:39.867Z] [LOG] [RouterExplorer] Mapped {/auth/me, GET} route
[2026-08-20T04:47:39.867Z] [LOG] [RouterExplorer] Mapped {/auth/logout, POST} route
[2026-08-20T04:47:39.867Z] [LOG] [RoutesResolver] SupplierController {/suppliers}:
[2026-08-20T04:47:39.868Z] [LOG] [RouterExplorer] Mapped {/suppliers/:id, GET} route
[2026-08-20T04:47:39.867Z] [LOG] [RouterExplorer] Mapped {/suppliers, POST} route
[2026-08-20T04:47:39.868Z] [LOG] [RouterExplorer] Mapped {/supplier-groups, POST} route
[2026-08-20T04:47:39.868Z] [LOG] [RoutesResolver] SupplierGroupController {/supplier-groups}:
[2026-08-20T04:47:39.868Z] [LOG] [RouterExplorer] Mapped {/supplier-groups, GET} route
[2026-08-20T04:47:39.868Z] [LOG] [RouterExplorer] Mapped {/supplier-groups/:id, GET} route
[2026-08-20T04:47:39.868Z] [LOG] [RouterExplorer] Mapped {/supplier-groups/:id/status, PUT} route
[2026-08-20T04:47:39.868Z] [LOG] [RouterExplorer] Mapped {/supplier-groups/:id/assign-suppliers, POST} route
[2026-08-20T04:47:39.868Z] [LOG] [RouterExplorer] Mapped {/supplier-groups/:id, PUT} route
[2026-08-20T04:47:39.868Z] [LOG] [RouterExplorer] Mapped {/attendances, POST} route
[2026-08-20T04:47:39.868Z] [LOG] [RoutesResolver] AttendanceController {/attendances}:
[2026-08-20T04:47:39.868Z] [LOG] [RouterExplorer] Mapped {/attendances, GET} route
[2026-08-20T04:47:39.868Z] [LOG] [RouterExplorer] Mapped {/attendances/:id, GET} route
[2026-08-20T04:47:39.868Z] [LOG] [RoutesResolver] DepartmentController {/departments}:
[2026-08-20T04:47:39.867Z] [LOG] [RouterExplorer] Mapped {/suppliers, GET} route
[2026-08-20T04:47:39.868Z] [LOG] [RouterExplorer] Mapped {/departments, POST} route
[2026-08-20T04:47:39.868Z] [LOG] [RouterExplorer] Mapped {/departments/:id, GET} route
[2026-08-20T04:47:39.868Z] [LOG] [RouterExplorer] Mapped {/departments/:id/status, PUT} route
[2026-08-20T04:47:39.868Z] [LOG] [RouterExplorer] Mapped {/departments/:id, PUT} route
[2026-08-20T04:47:39.869Z] [LOG] [NestApplication] Nest application successfully started
[2026-08-20T04:47:39.868Z] [LOG] [RouterExplorer] Mapped {/departments, GET} route
[2026-08-20T04:47:41.743Z] [LOG] [NestFactory] Starting Nest application...
[2026-08-20T04:47:41.743Z] [LOG] [InstanceLoader] TypeOrmModule dependencies initialized
[2026-08-20T04:47:41.743Z] [LOG] [InstanceLoader] TokenModule dependencies initialized
[2026-08-20T04:47:41.743Z] [LOG] [InstanceLoader] ConfigHostModule dependencies initialized
[2026-08-20T04:47:41.744Z] [LOG] [InstanceLoader] ConfigModule dependencies initialized
[2026-08-20T04:47:41.744Z] [LOG] [InstanceLoader] ConfigModule dependencies initialized
[2026-08-20T04:47:41.744Z] [LOG] [InstanceLoader] JwtModule dependencies initialized
[2026-08-20T04:47:41.744Z] [LOG] [InstanceLoader] RedisModule dependencies initialized
[2026-08-20T04:47:41.744Z] [LOG] [InstanceLoader] TypeOrmCoreModule dependencies initialized
[2026-08-20T04:47:41.744Z] [LOG] [InstanceLoader] TypeOrmModule dependencies initialized
[2026-08-20T04:47:41.743Z] [LOG] [InstanceLoader] AppModule dependencies initialized
[2026-08-20T04:47:41.744Z] [LOG] [InstanceLoader] TypeOrmModule dependencies initialized
[2026-08-20T04:47:41.744Z] [LOG] [InstanceLoader] TypeOrmModule dependencies initialized
[2026-08-20T04:47:41.744Z] [LOG] [InstanceLoader] TypeOrmModule dependencies initialized
[2026-08-20T04:47:41.744Z] [LOG] [InstanceLoader] TypeOrmModule dependencies initialized
[2026-08-20T04:47:41.745Z] [LOG] [InstanceLoader] SupplierModule dependencies initialized
[2026-08-20T04:47:41.745Z] [LOG] [InstanceLoader] UserModule dependencies initialized
[2026-08-20T04:47:41.745Z] [LOG] [InstanceLoader] SupplierGroupModule dependencies initialized
[2026-08-20T04:47:41.745Z] [LOG] [InstanceLoader] DepartmentModule dependencies initialized
[2026-08-20T04:47:41.745Z] [LOG] [InstanceLoader] AttendanceModule dependencies initialized
[2026-08-20T04:47:41.745Z] [LOG] [RouterExplorer] Mapped {/, GET} route
[2026-08-20T04:47:41.745Z] [LOG] [RoutesResolver] AppController {/}:
[2026-08-20T04:47:41.745Z] [LOG] [InstanceLoader] AuthModule dependencies initialized
[2026-08-20T04:47:41.745Z] [LOG] [RouterExplorer] Mapped {/users, GET} route
[2026-08-20T04:47:41.745Z] [LOG] [RouterExplorer] Mapped {/users, POST} route
[2026-08-20T04:47:41.746Z] [LOG] [RouterExplorer] Mapped {/users/:id, GET} route
[2026-08-20T04:47:41.746Z] [LOG] [RoutesResolver] AuthController {/auth}:
[2026-08-20T04:47:41.746Z] [LOG] [RouterExplorer] Mapped {/users/:id/status, PUT} route
[2026-08-20T04:47:41.746Z] [LOG] [RouterExplorer] Mapped {/auth/refresh, POST} route
[2026-08-20T04:47:41.746Z] [LOG] [RouterExplorer] Mapped {/auth/login, POST} route
[2026-08-20T04:47:41.746Z] [LOG] [RouterExplorer] Mapped {/auth/logout, POST} route
[2026-08-20T04:47:41.746Z] [LOG] [RouterExplorer] Mapped {/auth/me, GET} route
[2026-08-20T04:47:41.746Z] [LOG] [RoutesResolver] SupplierController {/suppliers}:
[2026-08-20T04:47:41.746Z] [LOG] [RouterExplorer] Mapped {/suppliers, POST} route
[2026-08-20T04:47:41.746Z] [LOG] [RouterExplorer] Mapped {/suppliers, GET} route
[2026-08-20T04:47:41.746Z] [LOG] [RouterExplorer] Mapped {/suppliers/:id, GET} route
[2026-08-20T04:47:41.745Z] [LOG] [RoutesResolver] UserController {/users}:
[2026-08-20T04:47:41.746Z] [LOG] [RoutesResolver] SupplierGroupController {/supplier-groups}:
[2026-08-20T04:47:41.747Z] [LOG] [RouterExplorer] Mapped {/supplier-groups/:id, GET} route
[2026-08-20T04:47:41.746Z] [LOG] [RouterExplorer] Mapped {/supplier-groups, GET} route
[2026-08-20T04:47:41.746Z] [LOG] [RouterExplorer] Mapped {/supplier-groups, POST} route
[2026-08-20T04:47:41.747Z] [LOG] [RouterExplorer] Mapped {/supplier-groups/:id, PUT} route
[2026-08-20T04:47:41.747Z] [LOG] [RouterExplorer] Mapped {/supplier-groups/:id/assign-suppliers, POST} route
[2026-08-20T04:47:41.747Z] [LOG] [RouterExplorer] Mapped {/supplier-groups/:id/status, PUT} route
[2026-08-20T04:47:41.747Z] [LOG] [RoutesResolver] AttendanceController {/attendances}:
[2026-08-20T04:47:41.747Z] [LOG] [RouterExplorer] Mapped {/attendances/:id, GET} route
[2026-08-20T04:47:41.747Z] [LOG] [RouterExplorer] Mapped {/attendances, POST} route
[2026-08-20T04:47:41.747Z] [LOG] [RoutesResolver] DepartmentController {/departments}:
[2026-08-20T04:47:41.747Z] [LOG] [RouterExplorer] Mapped {/departments, POST} route
[2026-08-20T04:47:41.747Z] [LOG] [RouterExplorer] Mapped {/departments/:id, GET} route
[2026-08-20T04:47:41.747Z] [LOG] [RouterExplorer] Mapped {/attendances, GET} route
[2026-08-20T04:47:41.747Z] [LOG] [RouterExplorer] Mapped {/departments/:id, PUT} route
[2026-08-20T04:47:41.747Z] [LOG] [NestApplication] Nest application successfully started
[2026-08-20T04:47:41.747Z] [LOG] [RouterExplorer] Mapped {/departments/:id/status, PUT} route
[2026-08-20T04:47:41.747Z] [LOG] [RouterExplorer] Mapped {/departments, GET} route
[2026-08-20T04:47:43.407Z] [ERROR] [ExceptionsHandler] Unknown column 'user.department_id' in 'field list' — QueryFailedError: Unknown column 'user.department_id' in 'field list'
    at Query.onResult (C:\ERP\erp-fcvn\node_modules\typeorm\driver\src\driver\mysql\MysqlQueryRunner.ts:248:33)
    at Query.execute (C:\ERP\erp-fcvn\node_modules\mysql2\lib\commands\command.js:36:14)
    at PoolConnection.handlePacket (C:\ERP\erp-fcvn\node_modules\mysql2\lib\base\connection.js:555:34)
    at PacketParser.onPacket (C:\ERP\erp-fcvn\node_modules\mysql2\lib\base\connection.js:104:12)
    at PacketParser.executeStart (C:\ERP\erp-fcvn\node_modules\mysql2\lib\packet_parser.js:75:16)
    at Socket.<anonymous> (C:\ERP\erp-fcvn\node_modules\mysql2\lib\base\connection.js:112:25)
    at Socket.emit (node:events:509:28)
    at addChunk (node:internal/streams/readable:563:12)
    at readableAddChunkPushByteMode (node:internal/streams/readable:514:3)
    at Readable.push (node:internal/streams/readable:394:5)
[2026-08-20T04:48:50.824Z] [LOG] [NestFactory] Starting Nest application...
[2026-08-20T04:48:50.825Z] [LOG] [InstanceLoader] TypeOrmModule dependencies initialized
[2026-08-20T04:48:50.825Z] [LOG] [InstanceLoader] ConfigHostModule dependencies initialized
[2026-08-20T04:48:50.825Z] [LOG] [InstanceLoader] ConfigModule dependencies initialized
[2026-08-20T04:48:50.825Z] [LOG] [InstanceLoader] ConfigModule dependencies initialized
[2026-08-20T04:48:50.825Z] [LOG] [InstanceLoader] TokenModule dependencies initialized
[2026-08-20T04:48:50.825Z] [LOG] [InstanceLoader] RedisModule dependencies initialized
[2026-08-20T04:48:50.825Z] [LOG] [InstanceLoader] AppModule dependencies initialized
[2026-08-20T04:48:50.826Z] [LOG] [InstanceLoader] TypeOrmCoreModule dependencies initialized
[2026-08-20T04:48:50.826Z] [LOG] [InstanceLoader] TypeOrmModule dependencies initialized
[2026-08-20T04:48:50.826Z] [LOG] [InstanceLoader] JwtModule dependencies initialized
[2026-08-20T04:48:50.826Z] [LOG] [InstanceLoader] TypeOrmModule dependencies initialized
[2026-08-20T04:48:50.826Z] [LOG] [InstanceLoader] TypeOrmModule dependencies initialized
[2026-08-20T04:48:50.826Z] [LOG] [InstanceLoader] TypeOrmModule dependencies initialized
[2026-08-20T04:48:50.826Z] [LOG] [InstanceLoader] TypeOrmModule dependencies initialized
[2026-08-20T04:48:50.826Z] [LOG] [InstanceLoader] SupplierModule dependencies initialized
[2026-08-20T04:48:50.827Z] [LOG] [InstanceLoader] SupplierGroupModule dependencies initialized
[2026-08-20T04:48:50.826Z] [LOG] [InstanceLoader] UserModule dependencies initialized
[2026-08-20T04:48:50.827Z] [LOG] [InstanceLoader] AttendanceModule dependencies initialized
[2026-08-20T04:48:50.826Z] [LOG] [InstanceLoader] AuthModule dependencies initialized
[2026-08-20T04:48:50.827Z] [LOG] [InstanceLoader] DepartmentModule dependencies initialized
[2026-08-20T04:48:50.827Z] [LOG] [RoutesResolver] UserController {/users}:
[2026-08-20T04:48:50.827Z] [LOG] [RouterExplorer] Mapped {/, GET} route
[2026-08-20T04:48:50.827Z] [LOG] [RouterExplorer] Mapped {/users, GET} route
[2026-08-20T04:48:50.827Z] [LOG] [RouterExplorer] Mapped {/users, POST} route
[2026-08-20T04:48:50.827Z] [LOG] [RouterExplorer] Mapped {/users/:id, GET} route
[2026-08-20T04:48:50.827Z] [LOG] [RoutesResolver] AuthController {/auth}:
[2026-08-20T04:48:50.827Z] [LOG] [RouterExplorer] Mapped {/users/:id/status, PUT} route
[2026-08-20T04:48:50.827Z] [LOG] [RouterExplorer] Mapped {/auth/login, POST} route
[2026-08-20T04:48:50.827Z] [LOG] [RoutesResolver] AppController {/}:
[2026-08-20T04:48:50.827Z] [LOG] [RouterExplorer] Mapped {/auth/refresh, POST} route
[2026-08-20T04:48:50.828Z] [LOG] [RoutesResolver] SupplierController {/suppliers}:
[2026-08-20T04:48:50.828Z] [LOG] [RouterExplorer] Mapped {/auth/logout, POST} route
[2026-08-20T04:48:50.828Z] [LOG] [RouterExplorer] Mapped {/suppliers, GET} route
[2026-08-20T04:48:50.828Z] [LOG] [RouterExplorer] Mapped {/auth/me, GET} route
[2026-08-20T04:48:50.828Z] [LOG] [RouterExplorer] Mapped {/suppliers/:id, GET} route
[2026-08-20T04:48:50.828Z] [LOG] [RoutesResolver] SupplierGroupController {/supplier-groups}:
[2026-08-20T04:48:50.828Z] [LOG] [RouterExplorer] Mapped {/supplier-groups, GET} route
[2026-08-20T04:48:50.828Z] [LOG] [RouterExplorer] Mapped {/supplier-groups, POST} route
[2026-08-20T04:48:50.828Z] [LOG] [RouterExplorer] Mapped {/supplier-groups/:id, PUT} route
[2026-08-20T04:48:50.828Z] [LOG] [RouterExplorer] Mapped {/suppliers, POST} route
[2026-08-20T04:48:50.828Z] [LOG] [RouterExplorer] Mapped {/supplier-groups/:id/status, PUT} route
[2026-08-20T04:48:50.828Z] [LOG] [RouterExplorer] Mapped {/supplier-groups/:id/assign-suppliers, POST} route
[2026-08-20T04:48:50.828Z] [LOG] [RouterExplorer] Mapped {/attendances, POST} route
[2026-08-20T04:48:50.828Z] [LOG] [RoutesResolver] AttendanceController {/attendances}:
[2026-08-20T04:48:50.828Z] [LOG] [RouterExplorer] Mapped {/attendances/:id, GET} route
[2026-08-20T04:48:50.828Z] [LOG] [RouterExplorer] Mapped {/supplier-groups/:id, GET} route
[2026-08-20T04:48:50.828Z] [LOG] [RouterExplorer] Mapped {/attendances, GET} route
[2026-08-20T04:48:50.829Z] [LOG] [RoutesResolver] DepartmentController {/departments}:
[2026-08-20T04:48:50.829Z] [LOG] [RouterExplorer] Mapped {/departments, POST} route
[2026-08-20T04:48:50.829Z] [LOG] [RouterExplorer] Mapped {/departments/:id, GET} route
[2026-08-20T04:48:50.829Z] [LOG] [RouterExplorer] Mapped {/departments/:id/status, PUT} route
[2026-08-20T04:48:50.829Z] [LOG] [NestApplication] Nest application successfully started
[2026-08-20T04:48:50.829Z] [LOG] [RouterExplorer] Mapped {/departments, GET} route
[2026-08-20T04:48:50.829Z] [LOG] [RouterExplorer] Mapped {/departments/:id, PUT} route
[2026-08-20T04:51:07.882Z] [LOG] [NestFactory] Starting Nest application...
[2026-08-20T04:51:07.883Z] [LOG] [InstanceLoader] TypeOrmModule dependencies initialized
[2026-08-20T04:51:07.883Z] [LOG] [InstanceLoader] ConfigHostModule dependencies initialized
[2026-08-20T04:51:07.883Z] [LOG] [InstanceLoader] TokenModule dependencies initialized
[2026-08-20T04:51:07.883Z] [LOG] [InstanceLoader] ConfigModule dependencies initialized
[2026-08-20T04:51:07.883Z] [LOG] [InstanceLoader] RedisModule dependencies initialized
[2026-08-20T04:51:07.883Z] [LOG] [InstanceLoader] ConfigModule dependencies initialized
[2026-08-20T04:51:07.883Z] [LOG] [InstanceLoader] TypeOrmCoreModule dependencies initialized
[2026-08-20T04:51:07.883Z] [LOG] [InstanceLoader] AppModule dependencies initialized
[2026-08-20T04:51:07.883Z] [LOG] [InstanceLoader] TypeOrmModule dependencies initialized
[2026-08-20T04:51:07.883Z] [LOG] [InstanceLoader] JwtModule dependencies initialized
[2026-08-20T04:51:07.884Z] [LOG] [InstanceLoader] TypeOrmModule dependencies initialized
[2026-08-20T04:51:07.884Z] [LOG] [InstanceLoader] TypeOrmModule dependencies initialized
[2026-08-20T04:51:07.884Z] [LOG] [InstanceLoader] TypeOrmModule dependencies initialized
[2026-08-20T04:51:07.884Z] [LOG] [InstanceLoader] UserModule dependencies initialized
[2026-08-20T04:51:07.884Z] [LOG] [InstanceLoader] AuthModule dependencies initialized
[2026-08-20T04:51:07.884Z] [LOG] [InstanceLoader] TypeOrmModule dependencies initialized
[2026-08-20T04:51:07.884Z] [LOG] [InstanceLoader] SupplierGroupModule dependencies initialized
[2026-08-20T04:51:07.884Z] [LOG] [InstanceLoader] DepartmentModule dependencies initialized
[2026-08-20T04:51:07.884Z] [LOG] [InstanceLoader] SupplierModule dependencies initialized
[2026-08-20T04:51:07.884Z] [LOG] [InstanceLoader] AttendanceModule dependencies initialized
[2026-08-20T04:51:07.885Z] [LOG] [RoutesResolver] UserController {/users}:
[2026-08-20T04:51:07.885Z] [LOG] [RoutesResolver] AppController {/}:
[2026-08-20T04:51:07.885Z] [LOG] [RouterExplorer] Mapped {/, GET} route
[2026-08-20T04:51:07.885Z] [LOG] [RouterExplorer] Mapped {/users, GET} route
[2026-08-20T04:51:07.885Z] [LOG] [RouterExplorer] Mapped {/users/:id/status, PUT} route
[2026-08-20T04:51:07.885Z] [LOG] [RouterExplorer] Mapped {/users/:id, GET} route
[2026-08-20T04:51:07.885Z] [LOG] [RouterExplorer] Mapped {/auth/login, POST} route
[2026-08-20T04:51:07.885Z] [LOG] [RouterExplorer] Mapped {/users, POST} route
[2026-08-20T04:51:07.885Z] [LOG] [RouterExplorer] Mapped {/auth/refresh, POST} route
[2026-08-20T04:51:07.885Z] [LOG] [RouterExplorer] Mapped {/auth/me, GET} route
[2026-08-20T04:51:07.885Z] [LOG] [RouterExplorer] Mapped {/auth/logout, POST} route
[2026-08-20T04:51:07.885Z] [LOG] [RoutesResolver] SupplierController {/suppliers}:
[2026-08-20T04:51:07.885Z] [LOG] [RoutesResolver] AuthController {/auth}:
[2026-08-20T04:51:07.886Z] [LOG] [RouterExplorer] Mapped {/suppliers, GET} route
[2026-08-20T04:51:07.886Z] [LOG] [RouterExplorer] Mapped {/suppliers/:id, GET} route
[2026-08-20T04:51:07.886Z] [LOG] [RoutesResolver] SupplierGroupController {/supplier-groups}:
[2026-08-20T04:51:07.886Z] [LOG] [RouterExplorer] Mapped {/supplier-groups, GET} route
[2026-08-20T04:51:07.886Z] [LOG] [RouterExplorer] Mapped {/supplier-groups, POST} route
[2026-08-20T04:51:07.886Z] [LOG] [RouterExplorer] Mapped {/supplier-groups/:id, GET} route
[2026-08-20T04:51:07.886Z] [LOG] [RouterExplorer] Mapped {/suppliers, POST} route
[2026-08-20T04:51:07.886Z] [LOG] [RouterExplorer] Mapped {/supplier-groups/:id, PUT} route
[2026-08-20T04:51:07.886Z] [LOG] [RouterExplorer] Mapped {/supplier-groups/:id/status, PUT} route
[2026-08-20T04:51:07.886Z] [LOG] [RouterExplorer] Mapped {/supplier-groups/:id/assign-suppliers, POST} route
[2026-08-20T04:51:07.886Z] [LOG] [RouterExplorer] Mapped {/attendances, GET} route
[2026-08-20T04:51:07.886Z] [LOG] [RouterExplorer] Mapped {/attendances, POST} route
[2026-08-20T04:51:07.886Z] [LOG] [RoutesResolver] AttendanceController {/attendances}:
[2026-08-20T04:51:07.886Z] [LOG] [RoutesResolver] DepartmentController {/departments}:
[2026-08-20T04:51:07.887Z] [LOG] [RouterExplorer] Mapped {/departments, GET} route
[2026-08-20T04:51:07.887Z] [LOG] [RouterExplorer] Mapped {/departments, POST} route
[2026-08-20T04:51:07.886Z] [LOG] [RouterExplorer] Mapped {/attendances/:id, GET} route
[2026-08-20T04:51:07.887Z] [LOG] [RouterExplorer] Mapped {/departments/:id/status, PUT} route
[2026-08-20T04:51:07.887Z] [LOG] [NestApplication] Nest application successfully started
[2026-08-20T04:51:07.887Z] [LOG] [RouterExplorer] Mapped {/departments/:id, PUT} route
[2026-08-20T04:51:07.887Z] [LOG] [RouterExplorer] Mapped {/departments/:id, GET} route
[2026-08-20T04:51:33.167Z] [LOG] [NestFactory] Starting Nest application...
[2026-08-20T04:51:33.168Z] [LOG] [InstanceLoader] ConfigHostModule dependencies initialized
[2026-08-20T04:51:33.167Z] [LOG] [InstanceLoader] TypeOrmModule dependencies initialized
[2026-08-20T04:51:33.168Z] [LOG] [InstanceLoader] AppModule dependencies initialized
[2026-08-20T04:51:33.168Z] [LOG] [InstanceLoader] TokenModule dependencies initialized
[2026-08-20T04:51:33.168Z] [LOG] [InstanceLoader] ConfigModule dependencies initialized
[2026-08-20T04:51:33.168Z] [LOG] [InstanceLoader] JwtModule dependencies initialized
[2026-08-20T04:51:33.168Z] [LOG] [InstanceLoader] ConfigModule dependencies initialized
[2026-08-20T04:51:33.168Z] [LOG] [InstanceLoader] RedisModule dependencies initialized
[2026-08-20T04:51:33.168Z] [LOG] [InstanceLoader] TypeOrmModule dependencies initialized
[2026-08-20T04:51:33.169Z] [LOG] [InstanceLoader] TypeOrmModule dependencies initialized
[2026-08-20T04:51:33.168Z] [LOG] [InstanceLoader] TypeOrmCoreModule dependencies initialized
[2026-08-20T04:51:33.169Z] [LOG] [InstanceLoader] TypeOrmModule dependencies initialized
[2026-08-20T04:51:33.169Z] [LOG] [InstanceLoader] TypeOrmModule dependencies initialized
[2026-08-20T04:51:33.169Z] [LOG] [InstanceLoader] UserModule dependencies initialized
[2026-08-20T04:51:33.169Z] [LOG] [InstanceLoader] AuthModule dependencies initialized
[2026-08-20T04:51:33.169Z] [LOG] [InstanceLoader] TypeOrmModule dependencies initialized
[2026-08-20T04:51:33.169Z] [LOG] [InstanceLoader] SupplierGroupModule dependencies initialized
[2026-08-20T04:51:33.169Z] [LOG] [InstanceLoader] DepartmentModule dependencies initialized
[2026-08-20T04:51:33.169Z] [LOG] [InstanceLoader] AttendanceModule dependencies initialized
[2026-08-20T04:51:33.169Z] [LOG] [RouterExplorer] Mapped {/, GET} route
[2026-08-20T04:51:33.169Z] [LOG] [InstanceLoader] SupplierModule dependencies initialized
[2026-08-20T04:51:33.169Z] [LOG] [RoutesResolver] AppController {/}:
[2026-08-20T04:51:33.169Z] [LOG] [RoutesResolver] UserController {/users}:
[2026-08-20T04:51:33.170Z] [LOG] [RouterExplorer] Mapped {/users, GET} route
[2026-08-20T04:51:33.170Z] [LOG] [RouterExplorer] Mapped {/users/:id, GET} route
[2026-08-20T04:51:33.170Z] [LOG] [RouterExplorer] Mapped {/users/:id/status, PUT} route
[2026-08-20T04:51:33.170Z] [LOG] [RoutesResolver] AuthController {/auth}:
[2026-08-20T04:51:33.170Z] [LOG] [RouterExplorer] Mapped {/auth/login, POST} route
[2026-08-20T04:51:33.170Z] [LOG] [RouterExplorer] Mapped {/auth/refresh, POST} route
[2026-08-20T04:51:33.169Z] [LOG] [RouterExplorer] Mapped {/users, POST} route
[2026-08-20T04:51:33.170Z] [LOG] [RouterExplorer] Mapped {/auth/logout, POST} route
[2026-08-20T04:51:33.170Z] [LOG] [RouterExplorer] Mapped {/suppliers, POST} route
[2026-08-20T04:51:33.170Z] [LOG] [RouterExplorer] Mapped {/auth/me, GET} route
[2026-08-20T04:51:33.170Z] [LOG] [RoutesResolver] SupplierController {/suppliers}:
[2026-08-20T04:51:33.170Z] [LOG] [RouterExplorer] Mapped {/suppliers/:id, GET} route
[2026-08-20T04:51:33.170Z] [LOG] [RoutesResolver] SupplierGroupController {/supplier-groups}:
[2026-08-20T04:51:33.170Z] [LOG] [RouterExplorer] Mapped {/suppliers, GET} route
[2026-08-20T04:51:33.170Z] [LOG] [RouterExplorer] Mapped {/supplier-groups, GET} route
[2026-08-20T04:51:33.170Z] [LOG] [RouterExplorer] Mapped {/supplier-groups, POST} route
[2026-08-20T04:51:33.170Z] [LOG] [RouterExplorer] Mapped {/supplier-groups/:id, GET} route
[2026-08-20T04:51:33.171Z] [LOG] [RouterExplorer] Mapped {/supplier-groups/:id, PUT} route
[2026-08-20T04:51:33.171Z] [LOG] [RouterExplorer] Mapped {/supplier-groups/:id/status, PUT} route
[2026-08-20T04:51:33.171Z] [LOG] [RouterExplorer] Mapped {/supplier-groups/:id/assign-suppliers, POST} route
[2026-08-20T04:51:33.171Z] [LOG] [RoutesResolver] AttendanceController {/attendances}:
[2026-08-20T04:51:33.171Z] [LOG] [RouterExplorer] Mapped {/attendances/:id, GET} route
[2026-08-20T04:51:33.171Z] [LOG] [RouterExplorer] Mapped {/attendances, GET} route
[2026-08-20T04:51:33.171Z] [LOG] [RouterExplorer] Mapped {/attendances, POST} route
[2026-08-20T04:51:33.171Z] [LOG] [RoutesResolver] DepartmentController {/departments}:
[2026-08-20T04:51:33.171Z] [LOG] [RouterExplorer] Mapped {/departments/:id, GET} route
[2026-08-20T04:51:33.171Z] [LOG] [RouterExplorer] Mapped {/departments, POST} route
[2026-08-20T04:51:33.171Z] [LOG] [RouterExplorer] Mapped {/departments/:id, PUT} route
[2026-08-20T04:51:33.171Z] [LOG] [RouterExplorer] Mapped {/departments, GET} route
[2026-08-20T04:51:33.171Z] [LOG] [RouterExplorer] Mapped {/departments/:id/status, PUT} route
[2026-08-20T04:51:33.171Z] [LOG] [NestApplication] Nest application successfully started
[2026-08-20T04:51:51.122Z] [LOG] [NestFactory] Starting Nest application...
[2026-08-20T04:51:51.123Z] [LOG] [InstanceLoader] TypeOrmModule dependencies initialized
[2026-08-20T04:51:51.123Z] [LOG] [InstanceLoader] TokenModule dependencies initialized
[2026-08-20T04:51:51.123Z] [LOG] [InstanceLoader] AppModule dependencies initialized
[2026-08-20T04:51:51.123Z] [LOG] [InstanceLoader] ConfigHostModule dependencies initialized
[2026-08-20T04:51:51.123Z] [LOG] [InstanceLoader] ConfigModule dependencies initialized
[2026-08-20T04:51:51.123Z] [LOG] [InstanceLoader] RedisModule dependencies initialized
[2026-08-20T04:51:51.123Z] [LOG] [InstanceLoader] ConfigModule dependencies initialized
[2026-08-20T04:51:51.124Z] [LOG] [InstanceLoader] TypeOrmCoreModule dependencies initialized
[2026-08-20T04:51:51.124Z] [LOG] [InstanceLoader] TypeOrmModule dependencies initialized
[2026-08-20T04:51:51.124Z] [LOG] [InstanceLoader] TypeOrmModule dependencies initialized
[2026-08-20T04:51:51.123Z] [LOG] [InstanceLoader] JwtModule dependencies initialized
[2026-08-20T04:51:51.124Z] [LOG] [InstanceLoader] TypeOrmModule dependencies initialized
[2026-08-20T04:51:51.124Z] [LOG] [InstanceLoader] TypeOrmModule dependencies initialized
[2026-08-20T04:51:51.124Z] [LOG] [InstanceLoader] UserModule dependencies initialized
[2026-08-20T04:51:51.124Z] [LOG] [InstanceLoader] TypeOrmModule dependencies initialized
[2026-08-20T04:51:51.124Z] [LOG] [InstanceLoader] SupplierModule dependencies initialized
[2026-08-20T04:51:51.124Z] [LOG] [InstanceLoader] SupplierGroupModule dependencies initialized
[2026-08-20T04:51:51.124Z] [LOG] [InstanceLoader] AuthModule dependencies initialized
[2026-08-20T04:51:51.124Z] [LOG] [InstanceLoader] AttendanceModule dependencies initialized
[2026-08-20T04:51:51.124Z] [LOG] [InstanceLoader] DepartmentModule dependencies initialized
[2026-08-20T04:51:51.124Z] [LOG] [RoutesResolver] UserController {/users}:
[2026-08-20T04:51:51.124Z] [LOG] [RoutesResolver] AppController {/}:
[2026-08-20T04:51:51.124Z] [LOG] [RouterExplorer] Mapped {/, GET} route
[2026-08-20T04:51:51.125Z] [LOG] [RouterExplorer] Mapped {/users, POST} route
[2026-08-20T04:51:51.125Z] [LOG] [RouterExplorer] Mapped {/users/:id, GET} route
[2026-08-20T04:51:51.125Z] [LOG] [RouterExplorer] Mapped {/users/:id/status, PUT} route
[2026-08-20T04:51:51.125Z] [LOG] [RouterExplorer] Mapped {/auth/login, POST} route
[2026-08-20T04:51:51.125Z] [LOG] [RouterExplorer] Mapped {/users, GET} route
[2026-08-20T04:51:51.125Z] [LOG] [RouterExplorer] Mapped {/auth/logout, POST} route
[2026-08-20T04:51:51.125Z] [LOG] [RouterExplorer] Mapped {/auth/refresh, POST} route
[2026-08-20T04:51:51.125Z] [LOG] [RoutesResolver] AuthController {/auth}:
[2026-08-20T04:51:51.125Z] [LOG] [RouterExplorer] Mapped {/auth/me, GET} route
[2026-08-20T04:51:51.125Z] [LOG] [RouterExplorer] Mapped {/suppliers, POST} route
[2026-08-20T04:51:51.125Z] [LOG] [RoutesResolver] SupplierController {/suppliers}:
[2026-08-20T04:51:51.125Z] [LOG] [RouterExplorer] Mapped {/suppliers/:id, GET} route
[2026-08-20T04:51:51.125Z] [LOG] [RoutesResolver] SupplierGroupController {/supplier-groups}:
[2026-08-20T04:51:51.125Z] [LOG] [RouterExplorer] Mapped {/suppliers, GET} route
[2026-08-20T04:51:51.125Z] [LOG] [RouterExplorer] Mapped {/supplier-groups, POST} route
[2026-08-20T04:51:51.126Z] [LOG] [RouterExplorer] Mapped {/supplier-groups/:id, GET} route
[2026-08-20T04:51:51.126Z] [LOG] [RouterExplorer] Mapped {/supplier-groups, GET} route
[2026-08-20T04:51:51.126Z] [LOG] [RouterExplorer] Mapped {/supplier-groups/:id/status, PUT} route
[2026-08-20T04:51:51.126Z] [LOG] [RouterExplorer] Mapped {/supplier-groups/:id/assign-suppliers, POST} route
[2026-08-20T04:51:51.126Z] [LOG] [RouterExplorer] Mapped {/attendances, POST} route
[2026-08-20T04:51:51.126Z] [LOG] [RouterExplorer] Mapped {/supplier-groups/:id, PUT} route
[2026-08-20T04:51:51.126Z] [LOG] [RouterExplorer] Mapped {/attendances, GET} route
[2026-08-20T04:51:51.126Z] [LOG] [RoutesResolver] AttendanceController {/attendances}:
[2026-08-20T04:51:51.126Z] [LOG] [RouterExplorer] Mapped {/departments, POST} route
[2026-08-20T04:51:51.126Z] [LOG] [RouterExplorer] Mapped {/attendances/:id, GET} route
[2026-08-20T04:51:51.126Z] [LOG] [RoutesResolver] DepartmentController {/departments}:
[2026-08-20T04:51:51.126Z] [LOG] [RouterExplorer] Mapped {/departments/:id, GET} route
[2026-08-20T04:51:51.127Z] [LOG] [RouterExplorer] Mapped {/departments/:id/status, PUT} route
[2026-08-20T04:51:51.126Z] [LOG] [RouterExplorer] Mapped {/departments, GET} route
[2026-08-20T04:51:51.127Z] [LOG] [RouterExplorer] Mapped {/departments/:id, PUT} route
[2026-08-20T04:51:51.127Z] [LOG] [NestApplication] Nest application successfully started
[2026-08-20T04:55:48.026Z] [LOG] [NestFactory] Starting Nest application...
[2026-08-20T04:55:48.026Z] [LOG] [InstanceLoader] TypeOrmModule dependencies initialized
[2026-08-20T04:55:48.026Z] [LOG] [InstanceLoader] ConfigHostModule dependencies initialized
[2026-08-20T04:55:48.026Z] [LOG] [InstanceLoader] TokenModule dependencies initialized
[2026-08-20T04:55:48.027Z] [LOG] [InstanceLoader] ConfigModule dependencies initialized
[2026-08-20T04:55:48.027Z] [LOG] [InstanceLoader] RedisModule dependencies initialized
[2026-08-20T04:55:48.027Z] [LOG] [InstanceLoader] ConfigModule dependencies initialized
[2026-08-20T04:55:48.027Z] [LOG] [InstanceLoader] TypeOrmCoreModule dependencies initialized
[2026-08-20T04:55:48.027Z] [LOG] [InstanceLoader] AppModule dependencies initialized
[2026-08-20T04:55:48.027Z] [LOG] [InstanceLoader] TypeOrmModule dependencies initialized
[2026-08-20T04:55:48.027Z] [LOG] [InstanceLoader] TypeOrmModule dependencies initialized
[2026-08-20T04:55:48.027Z] [LOG] [InstanceLoader] TypeOrmModule dependencies initialized
[2026-08-20T04:55:48.028Z] [LOG] [InstanceLoader] TypeOrmModule dependencies initialized
[2026-08-20T04:55:48.027Z] [LOG] [InstanceLoader] JwtModule dependencies initialized
[2026-08-20T04:55:48.028Z] [LOG] [InstanceLoader] TypeOrmModule dependencies initialized
[2026-08-20T04:55:48.028Z] [LOG] [InstanceLoader] AuthModule dependencies initialized
[2026-08-20T04:55:48.028Z] [LOG] [InstanceLoader] UserModule dependencies initialized
[2026-08-20T04:55:48.028Z] [LOG] [InstanceLoader] SupplierModule dependencies initialized
[2026-08-20T04:55:48.028Z] [LOG] [InstanceLoader] SupplierGroupModule dependencies initialized
[2026-08-20T04:55:48.028Z] [LOG] [RoutesResolver] AppController {/}:
[2026-08-20T04:55:48.028Z] [LOG] [InstanceLoader] DepartmentModule dependencies initialized
[2026-08-20T04:55:48.028Z] [LOG] [RouterExplorer] Mapped {/, GET} route
[2026-08-20T04:55:48.028Z] [LOG] [RoutesResolver] UserController {/users}:
[2026-08-20T04:55:48.028Z] [LOG] [InstanceLoader] AttendanceModule dependencies initialized
[2026-08-20T04:55:48.028Z] [LOG] [RouterExplorer] Mapped {/users, POST} route
[2026-08-20T04:55:48.028Z] [LOG] [RouterExplorer] Mapped {/users/:id, GET} route
[2026-08-20T04:55:48.028Z] [LOG] [RouterExplorer] Mapped {/users/:id/status, PUT} route
[2026-08-20T04:55:48.028Z] [LOG] [RouterExplorer] Mapped {/auth/login, POST} route
[2026-08-20T04:55:48.028Z] [LOG] [RoutesResolver] AuthController {/auth}:
[2026-08-20T04:55:48.028Z] [LOG] [RouterExplorer] Mapped {/users, GET} route
[2026-08-20T04:55:48.029Z] [LOG] [RouterExplorer] Mapped {/auth/refresh, POST} route
[2026-08-20T04:55:48.029Z] [LOG] [RoutesResolver] SupplierController {/suppliers}:
[2026-08-20T04:55:48.029Z] [LOG] [RouterExplorer] Mapped {/auth/logout, POST} route
[2026-08-20T04:55:48.029Z] [LOG] [RouterExplorer] Mapped {/suppliers, GET} route
[2026-08-20T04:55:48.029Z] [LOG] [RouterExplorer] Mapped {/auth/me, GET} route
[2026-08-20T04:55:48.029Z] [LOG] [RouterExplorer] Mapped {/suppliers, POST} route
[2026-08-20T04:55:48.029Z] [LOG] [RoutesResolver] SupplierGroupController {/supplier-groups}:
[2026-08-20T04:55:48.029Z] [LOG] [RouterExplorer] Mapped {/supplier-groups, GET} route
[2026-08-20T04:55:48.029Z] [LOG] [RouterExplorer] Mapped {/supplier-groups, POST} route
[2026-08-20T04:55:48.029Z] [LOG] [RouterExplorer] Mapped {/supplier-groups/:id, PUT} route
[2026-08-20T04:55:48.029Z] [LOG] [RouterExplorer] Mapped {/suppliers/:id, GET} route
[2026-08-20T04:55:48.029Z] [LOG] [RouterExplorer] Mapped {/supplier-groups/:id/status, PUT} route
[2026-08-20T04:55:48.029Z] [LOG] [RouterExplorer] Mapped {/supplier-groups/:id/assign-suppliers, POST} route
[2026-08-20T04:55:48.029Z] [LOG] [RoutesResolver] AttendanceController {/attendances}:
[2026-08-20T04:55:48.029Z] [LOG] [RouterExplorer] Mapped {/supplier-groups/:id, GET} route
[2026-08-20T04:55:48.030Z] [LOG] [RouterExplorer] Mapped {/attendances/:id, GET} route
[2026-08-20T04:55:48.029Z] [LOG] [RouterExplorer] Mapped {/attendances, POST} route
[2026-08-20T04:55:48.030Z] [LOG] [RoutesResolver] DepartmentController {/departments}:
[2026-08-20T04:55:48.030Z] [LOG] [RouterExplorer] Mapped {/departments, GET} route
[2026-08-20T04:55:48.030Z] [LOG] [RouterExplorer] Mapped {/departments, POST} route
[2026-08-20T04:55:48.030Z] [LOG] [RouterExplorer] Mapped {/departments/:id, PUT} route
[2026-08-20T04:55:48.030Z] [LOG] [RouterExplorer] Mapped {/departments/:id, GET} route
[2026-08-20T04:55:48.030Z] [LOG] [NestApplication] Nest application successfully started
[2026-08-20T04:55:48.030Z] [LOG] [RouterExplorer] Mapped {/departments/:id/status, PUT} route
[2026-08-20T04:55:48.029Z] [LOG] [RouterExplorer] Mapped {/attendances, GET} route
[2026-08-20T04:59:55.116Z] [LOG] [NestFactory] Starting Nest application...
[2026-08-20T04:59:55.117Z] [LOG] [InstanceLoader] TypeOrmModule dependencies initialized
[2026-08-20T04:59:55.117Z] [LOG] [InstanceLoader] ConfigHostModule dependencies initialized
[2026-08-20T04:59:55.117Z] [LOG] [InstanceLoader] AppModule dependencies initialized
[2026-08-20T04:59:55.117Z] [LOG] [InstanceLoader] TokenModule dependencies initialized
[2026-08-20T04:59:55.117Z] [LOG] [InstanceLoader] ConfigModule dependencies initialized
[2026-08-20T04:59:55.117Z] [LOG] [InstanceLoader] ConfigModule dependencies initialized
[2026-08-20T04:59:55.118Z] [LOG] [InstanceLoader] TypeOrmCoreModule dependencies initialized
[2026-08-20T04:59:55.118Z] [LOG] [InstanceLoader] RedisModule dependencies initialized
[2026-08-20T04:59:55.118Z] [LOG] [InstanceLoader] TypeOrmModule dependencies initialized
[2026-08-20T04:59:55.118Z] [LOG] [InstanceLoader] TypeOrmModule dependencies initialized
[2026-08-20T04:59:55.118Z] [LOG] [InstanceLoader] TypeOrmModule dependencies initialized
[2026-08-20T04:59:55.118Z] [LOG] [InstanceLoader] JwtModule dependencies initialized
[2026-08-20T04:59:55.118Z] [LOG] [InstanceLoader] TypeOrmModule dependencies initialized
[2026-08-20T04:59:55.118Z] [LOG] [InstanceLoader] TypeOrmModule dependencies initialized
[2026-08-20T04:59:55.118Z] [LOG] [InstanceLoader] UserModule dependencies initialized
[2026-08-20T04:59:55.118Z] [LOG] [InstanceLoader] AuthModule dependencies initialized
[2026-08-20T04:59:55.119Z] [LOG] [InstanceLoader] SupplierGroupModule dependencies initialized
[2026-08-20T04:59:55.119Z] [LOG] [InstanceLoader] SupplierModule dependencies initialized
[2026-08-20T04:59:55.119Z] [LOG] [InstanceLoader] AttendanceModule dependencies initialized
[2026-08-20T04:59:55.119Z] [LOG] [RouterExplorer] Mapped {/, GET} route
[2026-08-20T04:59:55.119Z] [LOG] [InstanceLoader] DepartmentModule dependencies initialized
[2026-08-20T04:59:55.119Z] [LOG] [RoutesResolver] UserController {/users}:
[2026-08-20T04:59:55.119Z] [LOG] [RouterExplorer] Mapped {/users, POST} route
[2026-08-20T04:59:55.119Z] [LOG] [RouterExplorer] Mapped {/users/:id, GET} route
[2026-08-20T04:59:55.119Z] [LOG] [RouterExplorer] Mapped {/users, GET} route
[2026-08-20T04:59:55.119Z] [LOG] [RouterExplorer] Mapped {/users/:id/status, PUT} route
[2026-08-20T04:59:55.119Z] [LOG] [RouterExplorer] Mapped {/auth/login, POST} route
[2026-08-20T04:59:55.119Z] [LOG] [RoutesResolver] AuthController {/auth}:
[2026-08-20T04:59:55.120Z] [LOG] [RouterExplorer] Mapped {/auth/refresh, POST} route
[2026-08-20T04:59:55.120Z] [LOG] [RouterExplorer] Mapped {/auth/me, GET} route
[2026-08-20T04:59:55.120Z] [LOG] [RouterExplorer] Mapped {/auth/logout, POST} route
[2026-08-20T04:59:55.120Z] [LOG] [RouterExplorer] Mapped {/suppliers, POST} route
[2026-08-20T04:59:55.119Z] [LOG] [RoutesResolver] AppController {/}:
[2026-08-20T04:59:55.120Z] [LOG] [RouterExplorer] Mapped {/suppliers/:id, GET} route
[2026-08-20T04:59:55.120Z] [LOG] [RoutesResolver] SupplierGroupController {/supplier-groups}:
[2026-08-20T04:59:55.120Z] [LOG] [RouterExplorer] Mapped {/suppliers, GET} route
[2026-08-20T04:59:55.120Z] [LOG] [RouterExplorer] Mapped {/supplier-groups, POST} route
[2026-08-20T04:59:55.120Z] [LOG] [RouterExplorer] Mapped {/supplier-groups/:id, GET} route
[2026-08-20T04:59:55.120Z] [LOG] [RouterExplorer] Mapped {/supplier-groups, GET} route
[2026-08-20T04:59:55.120Z] [LOG] [RouterExplorer] Mapped {/supplier-groups/:id, PUT} route
[2026-08-20T04:59:55.120Z] [LOG] [RouterExplorer] Mapped {/supplier-groups/:id/status, PUT} route
[2026-08-20T04:59:55.121Z] [LOG] [RouterExplorer] Mapped {/supplier-groups/:id/assign-suppliers, POST} route
[2026-08-20T04:59:55.120Z] [LOG] [RoutesResolver] SupplierController {/suppliers}:
[2026-08-20T04:59:55.121Z] [LOG] [RoutesResolver] AttendanceController {/attendances}:
[2026-08-20T04:59:55.121Z] [LOG] [RouterExplorer] Mapped {/attendances/:id, GET} route
[2026-08-20T04:59:55.121Z] [LOG] [RouterExplorer] Mapped {/attendances, POST} route
[2026-08-20T04:59:55.121Z] [LOG] [RoutesResolver] DepartmentController {/departments}:
[2026-08-20T04:59:55.121Z] [LOG] [RouterExplorer] Mapped {/departments, POST} route
[2026-08-20T04:59:55.121Z] [LOG] [RouterExplorer] Mapped {/attendances, GET} route
[2026-08-20T04:59:55.121Z] [LOG] [RouterExplorer] Mapped {/departments/:id, GET} route
[2026-08-20T04:59:55.122Z] [LOG] [RouterExplorer] Mapped {/departments/:id/status, PUT} route
[2026-08-20T04:59:55.121Z] [LOG] [RouterExplorer] Mapped {/departments, GET} route
[2026-08-20T04:59:55.121Z] [LOG] [RouterExplorer] Mapped {/departments/:id, PUT} route
[2026-08-20T04:59:55.122Z] [LOG] [NestApplication] Nest application successfully started
[2026-08-20T06:44:54.555Z] [LOG] [NestFactory] Starting Nest application...
[2026-08-20T06:44:54.556Z] [LOG] [InstanceLoader] TokenModule dependencies initialized
[2026-08-20T06:44:54.556Z] [LOG] [InstanceLoader] TypeOrmModule dependencies initialized
[2026-08-20T06:44:54.556Z] [LOG] [InstanceLoader] AppModule dependencies initialized
[2026-08-20T06:44:54.556Z] [LOG] [InstanceLoader] ConfigHostModule dependencies initialized
[2026-08-20T06:44:54.557Z] [LOG] [InstanceLoader] ConfigModule dependencies initialized
[2026-08-20T06:44:54.557Z] [LOG] [InstanceLoader] RedisModule dependencies initialized
[2026-08-20T06:44:54.556Z] [LOG] [InstanceLoader] ConfigModule dependencies initialized
[2026-08-20T06:44:54.557Z] [LOG] [InstanceLoader] TypeOrmModule dependencies initialized
[2026-08-20T06:44:54.557Z] [LOG] [InstanceLoader] TypeOrmCoreModule dependencies initialized
[2026-08-20T06:44:54.557Z] [LOG] [InstanceLoader] TypeOrmModule dependencies initialized
[2026-08-20T06:44:54.557Z] [LOG] [InstanceLoader] TypeOrmModule dependencies initialized
[2026-08-20T06:44:54.557Z] [LOG] [InstanceLoader] JwtModule dependencies initialized
[2026-08-20T06:44:54.557Z] [LOG] [InstanceLoader] TypeOrmModule dependencies initialized
[2026-08-20T06:44:54.558Z] [LOG] [InstanceLoader] TypeOrmModule dependencies initialized
[2026-08-20T06:44:54.558Z] [LOG] [InstanceLoader] UserModule dependencies initialized
[2026-08-20T06:44:54.558Z] [LOG] [InstanceLoader] AuthModule dependencies initialized
[2026-08-20T06:44:54.558Z] [LOG] [InstanceLoader] SupplierModule dependencies initialized
[2026-08-20T06:44:54.558Z] [LOG] [InstanceLoader] AttendanceModule dependencies initialized
[2026-08-20T06:44:54.558Z] [LOG] [InstanceLoader] SupplierGroupModule dependencies initialized
[2026-08-20T06:44:54.558Z] [LOG] [RouterExplorer] Mapped {/, GET} route
[2026-08-20T06:44:54.558Z] [LOG] [InstanceLoader] DepartmentModule dependencies initialized
[2026-08-20T06:44:54.558Z] [LOG] [RoutesResolver] UserController {/users}:
[2026-08-20T06:44:54.558Z] [LOG] [RouterExplorer] Mapped {/users, POST} route
[2026-08-20T06:44:54.559Z] [LOG] [RouterExplorer] Mapped {/users/:id, GET} route
[2026-08-20T06:44:54.559Z] [LOG] [RouterExplorer] Mapped {/users/:id/status, PUT} route
[2026-08-20T06:44:54.558Z] [LOG] [RoutesResolver] AppController {/}:
[2026-08-20T06:44:54.558Z] [LOG] [RouterExplorer] Mapped {/users, GET} route
[2026-08-20T06:44:54.559Z] [LOG] [RouterExplorer] Mapped {/auth/login, POST} route
[2026-08-20T06:44:54.559Z] [LOG] [RouterExplorer] Mapped {/auth/refresh, POST} route
[2026-08-20T06:44:54.559Z] [LOG] [RouterExplorer] Mapped {/auth/me, GET} route
[2026-08-20T06:44:54.559Z] [LOG] [RouterExplorer] Mapped {/auth/logout, POST} route
[2026-08-20T06:44:54.559Z] [LOG] [RouterExplorer] Mapped {/suppliers, POST} route
[2026-08-20T06:44:54.559Z] [LOG] [RoutesResolver] SupplierController {/suppliers}:
[2026-08-20T06:44:54.559Z] [LOG] [RouterExplorer] Mapped {/suppliers/:id, GET} route
[2026-08-20T06:44:54.559Z] [LOG] [RoutesResolver] SupplierGroupController {/supplier-groups}:
[2026-08-20T06:44:54.559Z] [LOG] [RouterExplorer] Mapped {/suppliers, GET} route
[2026-08-20T06:44:54.559Z] [LOG] [RouterExplorer] Mapped {/supplier-groups, POST} route
[2026-08-20T06:44:54.560Z] [LOG] [RouterExplorer] Mapped {/supplier-groups/:id, GET} route
[2026-08-20T06:44:54.560Z] [LOG] [RouterExplorer] Mapped {/supplier-groups, GET} route
[2026-08-20T06:44:54.560Z] [LOG] [RouterExplorer] Mapped {/supplier-groups/:id, PUT} route
[2026-08-20T06:44:54.560Z] [LOG] [RouterExplorer] Mapped {/supplier-groups/:id/status, PUT} route
[2026-08-20T06:44:54.560Z] [LOG] [RouterExplorer] Mapped {/supplier-groups/:id/assign-suppliers, POST} route
[2026-08-20T06:44:54.560Z] [LOG] [RouterExplorer] Mapped {/attendances, POST} route
[2026-08-20T06:44:54.560Z] [LOG] [RoutesResolver] AttendanceController {/attendances}:
[2026-08-20T06:44:54.560Z] [LOG] [RouterExplorer] Mapped {/attendances, GET} route
[2026-08-20T06:44:54.560Z] [LOG] [RouterExplorer] Mapped {/attendances/:id, GET} route
[2026-08-20T06:44:54.560Z] [LOG] [RouterExplorer] Mapped {/departments, POST} route
[2026-08-20T06:44:54.560Z] [LOG] [RoutesResolver] DepartmentController {/departments}:
[2026-08-20T06:44:54.560Z] [LOG] [RouterExplorer] Mapped {/departments, GET} route
[2026-08-20T06:44:54.561Z] [LOG] [RouterExplorer] Mapped {/departments/:id, GET} route
[2026-08-20T06:44:54.561Z] [LOG] [RouterExplorer] Mapped {/departments/:id, PUT} route
[2026-08-20T06:44:54.561Z] [LOG] [RouterExplorer] Mapped {/departments/:id/status, PUT} route
[2026-08-20T06:44:54.561Z] [LOG] [NestApplication] Nest application successfully started
[2026-08-20T06:44:54.559Z] [LOG] [RoutesResolver] AuthController {/auth}:
[2026-08-20T06:44:56.389Z] [LOG] [NestFactory] Starting Nest application...
[2026-08-20T06:44:56.390Z] [LOG] [InstanceLoader] TypeOrmModule dependencies initialized
[2026-08-20T06:44:56.390Z] [LOG] [InstanceLoader] ConfigHostModule dependencies initialized
[2026-08-20T06:44:56.390Z] [LOG] [InstanceLoader] TokenModule dependencies initialized
[2026-08-20T06:44:56.390Z] [LOG] [InstanceLoader] ConfigModule dependencies initialized
[2026-08-20T06:44:56.390Z] [LOG] [InstanceLoader] RedisModule dependencies initialized
[2026-08-20T06:44:56.390Z] [LOG] [InstanceLoader] ConfigModule dependencies initialized
[2026-08-20T06:44:56.391Z] [LOG] [InstanceLoader] TypeOrmCoreModule dependencies initialized
[2026-08-20T06:44:56.391Z] [LOG] [InstanceLoader] JwtModule dependencies initialized
[2026-08-20T06:44:56.391Z] [LOG] [InstanceLoader] TypeOrmModule dependencies initialized
[2026-08-20T06:44:56.391Z] [LOG] [InstanceLoader] TypeOrmModule dependencies initialized
[2026-08-20T06:44:56.391Z] [LOG] [InstanceLoader] TypeOrmModule dependencies initialized
[2026-08-20T06:44:56.390Z] [LOG] [InstanceLoader] AppModule dependencies initialized
[2026-08-20T06:44:56.391Z] [LOG] [InstanceLoader] TypeOrmModule dependencies initialized
[2026-08-20T06:44:56.391Z] [LOG] [InstanceLoader] UserModule dependencies initialized
[2026-08-20T06:44:56.391Z] [LOG] [InstanceLoader] AuthModule dependencies initialized
[2026-08-20T06:44:56.391Z] [LOG] [InstanceLoader] TypeOrmModule dependencies initialized
[2026-08-20T06:44:56.392Z] [LOG] [InstanceLoader] SupplierModule dependencies initialized
[2026-08-20T06:44:56.392Z] [LOG] [InstanceLoader] AttendanceModule dependencies initialized
[2026-08-20T06:44:56.392Z] [LOG] [RoutesResolver] AppController {/}:
[2026-08-20T06:44:56.392Z] [LOG] [InstanceLoader] SupplierGroupModule dependencies initialized
[2026-08-20T06:44:56.392Z] [LOG] [InstanceLoader] DepartmentModule dependencies initialized
[2026-08-20T06:44:56.392Z] [LOG] [RouterExplorer] Mapped {/users, POST} route
[2026-08-20T06:44:56.392Z] [LOG] [RoutesResolver] UserController {/users}:
[2026-08-20T06:44:56.392Z] [LOG] [RouterExplorer] Mapped {/users, GET} route
[2026-08-20T06:44:56.392Z] [LOG] [RouterExplorer] Mapped {/users/:id, GET} route
[2026-08-20T06:44:56.392Z] [LOG] [RoutesResolver] AuthController {/auth}:
[2026-08-20T06:44:56.392Z] [LOG] [RouterExplorer] Mapped {/users/:id/status, PUT} route
[2026-08-20T06:44:56.392Z] [LOG] [RouterExplorer] Mapped {/auth/login, POST} route
[2026-08-20T06:44:56.393Z] [LOG] [RouterExplorer] Mapped {/auth/refresh, POST} route
[2026-08-20T06:44:56.393Z] [LOG] [RouterExplorer] Mapped {/auth/logout, POST} route
[2026-08-20T06:44:56.393Z] [LOG] [RouterExplorer] Mapped {/auth/me, GET} route
[2026-08-20T06:44:56.393Z] [LOG] [RoutesResolver] SupplierController {/suppliers}:
[2026-08-20T06:44:56.393Z] [LOG] [RouterExplorer] Mapped {/suppliers, GET} route
[2026-08-20T06:44:56.393Z] [LOG] [RouterExplorer] Mapped {/suppliers, POST} route
[2026-08-20T06:44:56.393Z] [LOG] [RouterExplorer] Mapped {/suppliers/:id, GET} route
[2026-08-20T06:44:56.393Z] [LOG] [RoutesResolver] SupplierGroupController {/supplier-groups}:
[2026-08-20T06:44:56.392Z] [LOG] [RouterExplorer] Mapped {/, GET} route
[2026-08-20T06:44:56.393Z] [LOG] [RouterExplorer] Mapped {/supplier-groups, GET} route
[2026-08-20T06:44:56.393Z] [LOG] [RouterExplorer] Mapped {/supplier-groups/:id, GET} route
[2026-08-20T06:44:56.393Z] [LOG] [RouterExplorer] Mapped {/supplier-groups/:id/status, PUT} route
[2026-08-20T06:44:56.393Z] [LOG] [RouterExplorer] Mapped {/supplier-groups/:id, PUT} route
[2026-08-20T06:44:56.393Z] [LOG] [RouterExplorer] Mapped {/supplier-groups/:id/assign-suppliers, POST} route
[2026-08-20T06:44:56.394Z] [LOG] [RoutesResolver] AttendanceController {/attendances}:
[2026-08-20T06:44:56.393Z] [LOG] [RouterExplorer] Mapped {/supplier-groups, POST} route
[2026-08-20T06:44:56.394Z] [LOG] [RouterExplorer] Mapped {/attendances, POST} route
[2026-08-20T06:44:56.394Z] [LOG] [RouterExplorer] Mapped {/attendances/:id, GET} route
[2026-08-20T06:44:56.394Z] [LOG] [RouterExplorer] Mapped {/attendances, GET} route
[2026-08-20T06:44:56.394Z] [LOG] [RoutesResolver] DepartmentController {/departments}:
[2026-08-20T06:44:56.394Z] [LOG] [RouterExplorer] Mapped {/departments, POST} route
[2026-08-20T06:44:56.394Z] [LOG] [RouterExplorer] Mapped {/departments/:id, GET} route
[2026-08-20T06:44:56.394Z] [LOG] [RouterExplorer] Mapped {/departments/:id/status, PUT} route
[2026-08-20T06:44:56.394Z] [LOG] [RouterExplorer] Mapped {/departments/:id, PUT} route
[2026-08-20T06:44:56.394Z] [LOG] [NestApplication] Nest application successfully started
[2026-08-20T06:44:56.394Z] [LOG] [RouterExplorer] Mapped {/departments, GET} route
[2026-08-20T06:45:40.906Z] [LOG] [NestFactory] Starting Nest application...
[2026-08-20T06:45:40.906Z] [LOG] [InstanceLoader] TokenModule dependencies initialized
[2026-08-20T06:45:40.906Z] [LOG] [InstanceLoader] TypeOrmModule dependencies initialized
[2026-08-20T06:45:40.906Z] [LOG] [InstanceLoader] ConfigHostModule dependencies initialized
[2026-08-20T06:45:40.906Z] [LOG] [InstanceLoader] ConfigModule dependencies initialized
[2026-08-20T06:45:40.907Z] [LOG] [InstanceLoader] RedisModule dependencies initialized
[2026-08-20T06:45:40.906Z] [LOG] [InstanceLoader] ConfigModule dependencies initialized
[2026-08-20T06:45:40.907Z] [LOG] [InstanceLoader] JwtModule dependencies initialized
[2026-08-20T06:45:40.907Z] [LOG] [InstanceLoader] TypeOrmCoreModule dependencies initialized
[2026-08-20T06:45:40.907Z] [LOG] [InstanceLoader] TypeOrmModule dependencies initialized
[2026-08-20T06:45:40.906Z] [LOG] [InstanceLoader] AppModule dependencies initialized
[2026-08-20T06:45:40.907Z] [LOG] [InstanceLoader] TypeOrmModule dependencies initialized
[2026-08-20T06:45:40.907Z] [LOG] [InstanceLoader] TypeOrmModule dependencies initialized
[2026-08-20T06:45:40.907Z] [LOG] [InstanceLoader] AuthModule dependencies initialized
[2026-08-20T06:45:40.907Z] [LOG] [InstanceLoader] TypeOrmModule dependencies initialized
[2026-08-20T06:45:40.907Z] [LOG] [InstanceLoader] SupplierModule dependencies initialized
[2026-08-20T06:45:40.907Z] [LOG] [InstanceLoader] SupplierGroupModule dependencies initialized
[2026-08-20T06:45:40.908Z] [LOG] [InstanceLoader] AttendanceModule dependencies initialized
[2026-08-20T06:45:40.907Z] [LOG] [InstanceLoader] UserModule dependencies initialized
[2026-08-20T06:45:40.907Z] [LOG] [InstanceLoader] TypeOrmModule dependencies initialized
[2026-08-20T06:45:40.908Z] [LOG] [InstanceLoader] DepartmentModule dependencies initialized
[2026-08-20T06:45:40.908Z] [LOG] [RoutesResolver] UserController {/users}:
[2026-08-20T06:45:40.908Z] [LOG] [RoutesResolver] AppController {/}:
[2026-08-20T06:45:40.908Z] [LOG] [RouterExplorer] Mapped {/, GET} route
[2026-08-20T06:45:40.908Z] [LOG] [RouterExplorer] Mapped {/users, GET} route
[2026-08-20T06:45:40.908Z] [LOG] [RouterExplorer] Mapped {/users/:id/status, PUT} route
[2026-08-20T06:45:40.908Z] [LOG] [RouterExplorer] Mapped {/users, POST} route
[2026-08-20T06:45:40.908Z] [LOG] [RouterExplorer] Mapped {/users/:id, GET} route
[2026-08-20T06:45:40.908Z] [LOG] [RouterExplorer] Mapped {/auth/login, POST} route
[2026-08-20T06:45:40.908Z] [LOG] [RouterExplorer] Mapped {/auth/refresh, POST} route
[2026-08-20T06:45:40.908Z] [LOG] [RouterExplorer] Mapped {/auth/me, GET} route
[2026-08-20T06:45:40.908Z] [LOG] [RouterExplorer] Mapped {/auth/logout, POST} route
[2026-08-20T06:45:40.908Z] [LOG] [RouterExplorer] Mapped {/suppliers, POST} route
[2026-08-20T06:45:40.908Z] [LOG] [RoutesResolver] AuthController {/auth}:
[2026-08-20T06:45:40.908Z] [LOG] [RoutesResolver] SupplierController {/suppliers}:
[2026-08-20T06:45:40.909Z] [LOG] [RouterExplorer] Mapped {/suppliers/:id, GET} route
[2026-08-20T06:45:40.909Z] [LOG] [RoutesResolver] SupplierGroupController {/supplier-groups}:
[2026-08-20T06:45:40.909Z] [LOG] [RouterExplorer] Mapped {/supplier-groups, GET} route
[2026-08-20T06:45:40.909Z] [LOG] [RouterExplorer] Mapped {/supplier-groups, POST} route
[2026-08-20T06:45:40.909Z] [LOG] [RouterExplorer] Mapped {/supplier-groups/:id, GET} route
[2026-08-20T06:45:40.908Z] [LOG] [RouterExplorer] Mapped {/suppliers, GET} route
[2026-08-20T06:45:40.909Z] [LOG] [RouterExplorer] Mapped {/supplier-groups/:id/status, PUT} route
[2026-08-20T06:45:40.909Z] [LOG] [RouterExplorer] Mapped {/supplier-groups/:id/assign-suppliers, POST} route
[2026-08-20T06:45:40.909Z] [LOG] [RouterExplorer] Mapped {/attendances, POST} route
[2026-08-20T06:45:40.909Z] [LOG] [RouterExplorer] Mapped {/supplier-groups/:id, PUT} route
[2026-08-20T06:45:40.909Z] [LOG] [RouterExplorer] Mapped {/attendances, GET} route
[2026-08-20T06:45:40.909Z] [LOG] [RoutesResolver] AttendanceController {/attendances}:
[2026-08-20T06:45:40.909Z] [LOG] [RouterExplorer] Mapped {/attendances/:id, GET} route
[2026-08-20T06:45:40.909Z] [LOG] [RouterExplorer] Mapped {/departments, POST} route
[2026-08-20T06:45:40.909Z] [LOG] [RoutesResolver] DepartmentController {/departments}:
[2026-08-20T06:45:40.909Z] [LOG] [RouterExplorer] Mapped {/departments/:id, PUT} route
[2026-08-20T06:45:40.909Z] [LOG] [RouterExplorer] Mapped {/departments/:id, GET} route
[2026-08-20T06:45:40.909Z] [LOG] [RouterExplorer] Mapped {/departments/:id/status, PUT} route
[2026-08-20T06:45:40.909Z] [LOG] [RouterExplorer] Mapped {/departments, GET} route
[2026-08-20T06:45:40.910Z] [LOG] [NestApplication] Nest application successfully started
[2026-08-20T06:45:49.032Z] [LOG] [NestFactory] Starting Nest application...
[2026-08-20T06:45:49.033Z] [LOG] [InstanceLoader] TypeOrmModule dependencies initialized
[2026-08-20T06:45:49.033Z] [LOG] [InstanceLoader] ConfigHostModule dependencies initialized
[2026-08-20T06:45:49.033Z] [LOG] [InstanceLoader] ConfigModule dependencies initialized
[2026-08-20T06:45:49.033Z] [LOG] [InstanceLoader] TokenModule dependencies initialized
[2026-08-20T06:45:49.033Z] [LOG] [InstanceLoader] ConfigModule dependencies initialized
[2026-08-20T06:45:49.034Z] [LOG] [InstanceLoader] JwtModule dependencies initialized
[2026-08-20T06:45:49.034Z] [LOG] [InstanceLoader] RedisModule dependencies initialized
[2026-08-20T06:45:49.034Z] [LOG] [InstanceLoader] TypeOrmCoreModule dependencies initialized
[2026-08-20T06:45:49.033Z] [LOG] [InstanceLoader] AppModule dependencies initialized
[2026-08-20T06:45:49.034Z] [LOG] [InstanceLoader] TypeOrmModule dependencies initialized
[2026-08-20T06:45:49.034Z] [LOG] [InstanceLoader] TypeOrmModule dependencies initialized
[2026-08-20T06:45:49.034Z] [LOG] [InstanceLoader] TypeOrmModule dependencies initialized
[2026-08-20T06:45:49.034Z] [LOG] [InstanceLoader] TypeOrmModule dependencies initialized
[2026-08-20T06:45:49.034Z] [LOG] [InstanceLoader] TypeOrmModule dependencies initialized
[2026-08-20T06:45:49.034Z] [LOG] [InstanceLoader] AuthModule dependencies initialized
[2026-08-20T06:45:49.034Z] [LOG] [InstanceLoader] UserModule dependencies initialized
[2026-08-20T06:45:49.035Z] [LOG] [InstanceLoader] SupplierModule dependencies initialized
[2026-08-20T06:45:49.035Z] [LOG] [InstanceLoader] AttendanceModule dependencies initialized
[2026-08-20T06:45:49.035Z] [LOG] [InstanceLoader] SupplierGroupModule dependencies initialized
[2026-08-20T06:45:49.035Z] [LOG] [RouterExplorer] Mapped {/, GET} route
[2026-08-20T06:45:49.035Z] [LOG] [RoutesResolver] AppController {/}:
[2026-08-20T06:45:49.035Z] [LOG] [InstanceLoader] DepartmentModule dependencies initialized
[2026-08-20T06:45:49.035Z] [LOG] [RoutesResolver] UserController {/users}:
[2026-08-20T06:45:49.035Z] [LOG] [RouterExplorer] Mapped {/users, POST} route
[2026-08-20T06:45:49.035Z] [LOG] [RouterExplorer] Mapped {/users/:id/status, PUT} route
[2026-08-20T06:45:49.035Z] [LOG] [RouterExplorer] Mapped {/users, GET} route
[2026-08-20T06:45:49.035Z] [LOG] [RouterExplorer] Mapped {/users/:id, GET} route
[2026-08-20T06:45:49.036Z] [LOG] [RouterExplorer] Mapped {/auth/refresh, POST} route
[2026-08-20T06:45:49.036Z] [LOG] [RouterExplorer] Mapped {/auth/login, POST} route
[2026-08-20T06:45:49.036Z] [LOG] [RouterExplorer] Mapped {/auth/me, GET} route
[2026-08-20T06:45:49.036Z] [LOG] [RouterExplorer] Mapped {/auth/logout, POST} route
[2026-08-20T06:45:49.036Z] [LOG] [RouterExplorer] Mapped {/suppliers, POST} route
[2026-08-20T06:45:49.035Z] [LOG] [RoutesResolver] AuthController {/auth}:
[2026-08-20T06:45:49.036Z] [LOG] [RoutesResolver] SupplierController {/suppliers}:
[2026-08-20T06:45:49.036Z] [LOG] [RouterExplorer] Mapped {/suppliers/:id, GET} route
[2026-08-20T06:45:49.036Z] [LOG] [RoutesResolver] SupplierGroupController {/supplier-groups}:
[2026-08-20T06:45:49.036Z] [LOG] [RouterExplorer] Mapped {/supplier-groups, GET} route
[2026-08-20T06:45:49.036Z] [LOG] [RouterExplorer] Mapped {/supplier-groups, POST} route
[2026-08-20T06:45:49.036Z] [LOG] [RouterExplorer] Mapped {/supplier-groups/:id, GET} route
[2026-08-20T06:45:49.036Z] [LOG] [RouterExplorer] Mapped {/supplier-groups/:id/status, PUT} route
[2026-08-20T06:45:49.036Z] [LOG] [RouterExplorer] Mapped {/supplier-groups/:id, PUT} route
[2026-08-20T06:45:49.037Z] [LOG] [RouterExplorer] Mapped {/supplier-groups/:id/assign-suppliers, POST} route
[2026-08-20T06:45:49.037Z] [LOG] [RoutesResolver] AttendanceController {/attendances}:
[2026-08-20T06:45:49.037Z] [LOG] [RouterExplorer] Mapped {/attendances, POST} route
[2026-08-20T06:45:49.036Z] [LOG] [RouterExplorer] Mapped {/suppliers, GET} route
[2026-08-20T06:45:49.037Z] [LOG] [RouterExplorer] Mapped {/attendances/:id, GET} route
[2026-08-20T06:45:49.037Z] [LOG] [RouterExplorer] Mapped {/departments, POST} route
[2026-08-20T06:45:49.037Z] [LOG] [RoutesResolver] DepartmentController {/departments}:
[2026-08-20T06:45:49.037Z] [LOG] [RouterExplorer] Mapped {/departments/:id, GET} route
[2026-08-20T06:45:49.037Z] [LOG] [RouterExplorer] Mapped {/departments, GET} route
[2026-08-20T06:45:49.037Z] [LOG] [RouterExplorer] Mapped {/departments/:id, PUT} route
[2026-08-20T06:45:49.037Z] [LOG] [RouterExplorer] Mapped {/departments/:id/status, PUT} route
[2026-08-20T06:45:49.037Z] [LOG] [NestApplication] Nest application successfully started
[2026-08-20T06:45:49.037Z] [LOG] [RouterExplorer] Mapped {/attendances, GET} route
[2026-08-20T06:46:29.167Z] [LOG] [NestFactory] Starting Nest application...
[2026-08-20T06:46:29.167Z] [LOG] [InstanceLoader] TypeOrmModule dependencies initialized
[2026-08-20T06:46:29.167Z] [LOG] [InstanceLoader] TokenModule dependencies initialized
[2026-08-20T06:46:29.167Z] [LOG] [InstanceLoader] ConfigHostModule dependencies initialized
[2026-08-20T06:46:29.167Z] [LOG] [InstanceLoader] AppModule dependencies initialized
[2026-08-20T06:46:29.167Z] [LOG] [InstanceLoader] ConfigModule dependencies initialized
[2026-08-20T06:46:29.168Z] [LOG] [InstanceLoader] JwtModule dependencies initialized
[2026-08-20T06:46:29.168Z] [LOG] [InstanceLoader] RedisModule dependencies initialized
[2026-08-20T06:46:29.168Z] [LOG] [InstanceLoader] ConfigModule dependencies initialized
[2026-08-20T06:46:29.168Z] [LOG] [InstanceLoader] TypeOrmModule dependencies initialized
[2026-08-20T06:46:29.168Z] [LOG] [InstanceLoader] TypeOrmCoreModule dependencies initialized
[2026-08-20T06:46:29.168Z] [LOG] [InstanceLoader] TypeOrmModule dependencies initialized
[2026-08-20T06:46:29.168Z] [LOG] [InstanceLoader] TypeOrmModule dependencies initialized
[2026-08-20T06:46:29.168Z] [LOG] [InstanceLoader] TypeOrmModule dependencies initialized
[2026-08-20T06:46:29.168Z] [LOG] [InstanceLoader] AuthModule dependencies initialized
[2026-08-20T06:46:29.168Z] [LOG] [InstanceLoader] TypeOrmModule dependencies initialized
[2026-08-20T06:46:29.168Z] [LOG] [InstanceLoader] SupplierModule dependencies initialized
[2026-08-20T06:46:29.168Z] [LOG] [InstanceLoader] SupplierGroupModule dependencies initialized
[2026-08-20T06:46:29.168Z] [LOG] [InstanceLoader] UserModule dependencies initialized
[2026-08-20T06:46:29.169Z] [LOG] [InstanceLoader] DepartmentModule dependencies initialized
[2026-08-20T06:46:29.169Z] [LOG] [RouterExplorer] Mapped {/, GET} route
[2026-08-20T06:46:29.168Z] [LOG] [InstanceLoader] AttendanceModule dependencies initialized
[2026-08-20T06:46:29.169Z] [LOG] [RouterExplorer] Mapped {/users, POST} route
[2026-08-20T06:46:29.169Z] [LOG] [RoutesResolver] UserController {/users}:
[2026-08-20T06:46:29.169Z] [LOG] [RouterExplorer] Mapped {/users, GET} route
[2026-08-20T06:46:29.169Z] [LOG] [RouterExplorer] Mapped {/users/:id, GET} route
[2026-08-20T06:46:29.169Z] [LOG] [RoutesResolver] AuthController {/auth}:
[2026-08-20T06:46:29.169Z] [LOG] [RouterExplorer] Mapped {/users/:id/status, PUT} route
[2026-08-20T06:46:29.169Z] [LOG] [RouterExplorer] Mapped {/auth/login, POST} route
[2026-08-20T06:46:29.169Z] [LOG] [RouterExplorer] Mapped {/auth/refresh, POST} route
[2026-08-20T06:46:29.169Z] [LOG] [RoutesResolver] AppController {/}:
[2026-08-20T06:46:29.169Z] [LOG] [RouterExplorer] Mapped {/auth/logout, POST} route
[2026-08-20T06:46:29.169Z] [LOG] [RouterExplorer] Mapped {/suppliers, POST} route
[2026-08-20T06:46:29.169Z] [LOG] [RouterExplorer] Mapped {/auth/me, GET} route
[2026-08-20T06:46:29.169Z] [LOG] [RoutesResolver] SupplierController {/suppliers}:
[2026-08-20T06:46:29.170Z] [LOG] [RouterExplorer] Mapped {/suppliers/:id, GET} route
[2026-08-20T06:46:29.170Z] [LOG] [RoutesResolver] SupplierGroupController {/supplier-groups}:
[2026-08-20T06:46:29.170Z] [LOG] [RouterExplorer] Mapped {/supplier-groups, POST} route
[2026-08-20T06:46:29.170Z] [LOG] [RouterExplorer] Mapped {/supplier-groups/:id, GET} route
[2026-08-20T06:46:29.170Z] [LOG] [RouterExplorer] Mapped {/supplier-groups/:id, PUT} route
[2026-08-20T06:46:29.170Z] [LOG] [RouterExplorer] Mapped {/suppliers, GET} route
[2026-08-20T06:46:29.170Z] [LOG] [RouterExplorer] Mapped {/supplier-groups, GET} route
[2026-08-20T06:46:29.170Z] [LOG] [RouterExplorer] Mapped {/supplier-groups/:id/assign-suppliers, POST} route
[2026-08-20T06:46:29.170Z] [LOG] [RouterExplorer] Mapped {/attendances, POST} route
[2026-08-20T06:46:29.170Z] [LOG] [RoutesResolver] AttendanceController {/attendances}:
[2026-08-20T06:46:29.170Z] [LOG] [RouterExplorer] Mapped {/supplier-groups/:id/status, PUT} route
[2026-08-20T06:46:29.170Z] [LOG] [RoutesResolver] DepartmentController {/departments}:
[2026-08-20T06:46:29.170Z] [LOG] [RouterExplorer] Mapped {/attendances, GET} route
[2026-08-20T06:46:29.170Z] [LOG] [RouterExplorer] Mapped {/attendances/:id, GET} route
[2026-08-20T06:46:29.170Z] [LOG] [RouterExplorer] Mapped {/departments, GET} route
[2026-08-20T06:46:29.170Z] [LOG] [RouterExplorer] Mapped {/departments/:id, GET} route
[2026-08-20T06:46:29.171Z] [LOG] [RouterExplorer] Mapped {/departments/:id/status, PUT} route
[2026-08-20T06:46:29.171Z] [LOG] [RouterExplorer] Mapped {/departments/:id, PUT} route
[2026-08-20T06:46:29.171Z] [LOG] [NestApplication] Nest application successfully started
[2026-08-20T06:46:29.170Z] [LOG] [RouterExplorer] Mapped {/departments, POST} route
[2026-08-20T06:47:01.861Z] [LOG] [NestFactory] Starting Nest application...
[2026-08-20T06:47:01.861Z] [LOG] [InstanceLoader] TypeOrmModule dependencies initialized
[2026-08-20T06:47:01.862Z] [LOG] [InstanceLoader] ConfigHostModule dependencies initialized
[2026-08-20T06:47:01.862Z] [LOG] [InstanceLoader] ConfigModule dependencies initialized
[2026-08-20T06:47:01.862Z] [LOG] [InstanceLoader] AppModule dependencies initialized
[2026-08-20T06:47:01.861Z] [LOG] [InstanceLoader] TokenModule dependencies initialized
[2026-08-20T06:47:01.862Z] [LOG] [InstanceLoader] ConfigModule dependencies initialized
[2026-08-20T06:47:01.863Z] [LOG] [InstanceLoader] TypeOrmCoreModule dependencies initialized
[2026-08-20T06:47:01.863Z] [LOG] [InstanceLoader] TypeOrmModule dependencies initialized
[2026-08-20T06:47:01.862Z] [LOG] [InstanceLoader] JwtModule dependencies initialized
[2026-08-20T06:47:01.862Z] [LOG] [InstanceLoader] RedisModule dependencies initialized
[2026-08-20T06:47:01.863Z] [LOG] [InstanceLoader] TypeOrmModule dependencies initialized
[2026-08-20T06:47:01.863Z] [LOG] [InstanceLoader] TypeOrmModule dependencies initialized
[2026-08-20T06:47:01.863Z] [LOG] [InstanceLoader] AuthModule dependencies initialized
[2026-08-20T06:47:01.863Z] [LOG] [InstanceLoader] TypeOrmModule dependencies initialized
[2026-08-20T06:47:01.863Z] [LOG] [InstanceLoader] UserModule dependencies initialized
[2026-08-20T06:47:01.864Z] [LOG] [InstanceLoader] SupplierModule dependencies initialized
[2026-08-20T06:47:01.864Z] [LOG] [InstanceLoader] AttendanceModule dependencies initialized
[2026-08-20T06:47:01.864Z] [LOG] [InstanceLoader] SupplierGroupModule dependencies initialized
[2026-08-20T06:47:01.864Z] [LOG] [RoutesResolver] AppController {/}:
[2026-08-20T06:47:01.864Z] [LOG] [InstanceLoader] DepartmentModule dependencies initialized
[2026-08-20T06:47:01.864Z] [LOG] [RouterExplorer] Mapped {/, GET} route
[2026-08-20T06:47:01.864Z] [LOG] [RoutesResolver] UserController {/users}:
[2026-08-20T06:47:01.863Z] [LOG] [InstanceLoader] TypeOrmModule dependencies initialized
[2026-08-20T06:47:01.864Z] [LOG] [RouterExplorer] Mapped {/users, GET} route
[2026-08-20T06:47:01.864Z] [LOG] [RouterExplorer] Mapped {/users, POST} route
[2026-08-20T06:47:01.864Z] [LOG] [RoutesResolver] AuthController {/auth}:
[2026-08-20T06:47:01.864Z] [LOG] [RouterExplorer] Mapped {/users/:id, GET} route
[2026-08-20T06:47:01.864Z] [LOG] [RouterExplorer] Mapped {/users/:id/status, PUT} route
[2026-08-20T06:47:01.864Z] [LOG] [RouterExplorer] Mapped {/auth/login, POST} route
[2026-08-20T06:47:01.865Z] [LOG] [RouterExplorer] Mapped {/auth/refresh, POST} route
[2026-08-20T06:47:01.865Z] [LOG] [RouterExplorer] Mapped {/auth/logout, POST} route
[2026-08-20T06:47:01.865Z] [LOG] [RouterExplorer] Mapped {/suppliers, POST} route
[2026-08-20T06:47:01.865Z] [LOG] [RoutesResolver] SupplierController {/suppliers}:
[2026-08-20T06:47:01.865Z] [LOG] [RouterExplorer] Mapped {/suppliers/:id, GET} route
[2026-08-20T06:47:01.865Z] [LOG] [RoutesResolver] SupplierGroupController {/supplier-groups}:
[2026-08-20T06:47:01.865Z] [LOG] [RouterExplorer] Mapped {/auth/me, GET} route
[2026-08-20T06:47:01.865Z] [LOG] [RouterExplorer] Mapped {/suppliers, GET} route
[2026-08-20T06:47:01.865Z] [LOG] [RouterExplorer] Mapped {/supplier-groups/:id, GET} route
[2026-08-20T06:47:01.865Z] [LOG] [RouterExplorer] Mapped {/supplier-groups, GET} route
[2026-08-20T06:47:01.865Z] [LOG] [RouterExplorer] Mapped {/supplier-groups, POST} route
[2026-08-20T06:47:01.865Z] [LOG] [RouterExplorer] Mapped {/supplier-groups/:id/status, PUT} route
[2026-08-20T06:47:01.866Z] [LOG] [RouterExplorer] Mapped {/supplier-groups/:id/assign-suppliers, POST} route
[2026-08-20T06:47:01.866Z] [LOG] [RouterExplorer] Mapped {/attendances, POST} route
[2026-08-20T06:47:01.866Z] [LOG] [RoutesResolver] AttendanceController {/attendances}:
[2026-08-20T06:47:01.865Z] [LOG] [RouterExplorer] Mapped {/supplier-groups/:id, PUT} route
[2026-08-20T06:47:01.866Z] [LOG] [RoutesResolver] DepartmentController {/departments}:
[2026-08-20T06:47:01.866Z] [LOG] [RouterExplorer] Mapped {/attendances, GET} route
[2026-08-20T06:47:01.866Z] [LOG] [RouterExplorer] Mapped {/attendances/:id, GET} route
[2026-08-20T06:47:01.866Z] [LOG] [RouterExplorer] Mapped {/departments/:id, GET} route
[2026-08-20T06:47:01.866Z] [LOG] [RouterExplorer] Mapped {/departments, POST} route
[2026-08-20T06:47:01.866Z] [LOG] [RouterExplorer] Mapped {/departments/:id, PUT} route
[2026-08-20T06:47:01.866Z] [LOG] [RouterExplorer] Mapped {/departments/:id/status, PUT} route
[2026-08-20T06:47:01.866Z] [LOG] [NestApplication] Nest application successfully started
[2026-08-20T06:47:01.866Z] [LOG] [RouterExplorer] Mapped {/departments, GET} route
[2026-08-20T06:47:14.676Z] [LOG] [NestFactory] Starting Nest application...
[2026-08-20T06:47:14.676Z] [LOG] [InstanceLoader] TypeOrmModule dependencies initialized
[2026-08-20T06:47:14.676Z] [LOG] [InstanceLoader] TokenModule dependencies initialized
[2026-08-20T06:47:14.676Z] [LOG] [InstanceLoader] AppModule dependencies initialized
[2026-08-20T06:47:14.676Z] [LOG] [InstanceLoader] ConfigHostModule dependencies initialized
[2026-08-20T06:47:14.676Z] [LOG] [InstanceLoader] ConfigModule dependencies initialized
[2026-08-20T06:47:14.677Z] [LOG] [InstanceLoader] JwtModule dependencies initialized
[2026-08-20T06:47:14.676Z] [LOG] [InstanceLoader] ConfigModule dependencies initialized
[2026-08-20T06:47:14.677Z] [LOG] [InstanceLoader] TypeOrmCoreModule dependencies initialized
[2026-08-20T06:47:14.677Z] [LOG] [InstanceLoader] TypeOrmModule dependencies initialized
[2026-08-20T06:47:14.677Z] [LOG] [InstanceLoader] TypeOrmModule dependencies initialized
[2026-08-20T06:47:14.677Z] [LOG] [InstanceLoader] RedisModule dependencies initialized
[2026-08-20T06:47:14.677Z] [LOG] [InstanceLoader] TypeOrmModule dependencies initialized
[2026-08-20T06:47:14.677Z] [LOG] [InstanceLoader] TypeOrmModule dependencies initialized
[2026-08-20T06:47:14.677Z] [LOG] [InstanceLoader] AuthModule dependencies initialized
[2026-08-20T06:47:14.677Z] [LOG] [InstanceLoader] TypeOrmModule dependencies initialized
[2026-08-20T06:47:14.677Z] [LOG] [InstanceLoader] SupplierModule dependencies initialized
[2026-08-20T06:47:14.677Z] [LOG] [InstanceLoader] SupplierGroupModule dependencies initialized
[2026-08-20T06:47:14.677Z] [LOG] [InstanceLoader] DepartmentModule dependencies initialized
[2026-08-20T06:47:14.677Z] [LOG] [InstanceLoader] AttendanceModule dependencies initialized
[2026-08-20T06:47:14.678Z] [LOG] [RoutesResolver] AppController {/}:
[2026-08-20T06:47:14.678Z] [LOG] [RouterExplorer] Mapped {/, GET} route
[2026-08-20T06:47:14.677Z] [LOG] [InstanceLoader] UserModule dependencies initialized
[2026-08-20T06:47:14.678Z] [LOG] [RouterExplorer] Mapped {/users, GET} route
[2026-08-20T06:47:14.678Z] [LOG] [RouterExplorer] Mapped {/users/:id, GET} route
[2026-08-20T06:47:14.678Z] [LOG] [RouterExplorer] Mapped {/users, POST} route
[2026-08-20T06:47:14.678Z] [LOG] [RouterExplorer] Mapped {/users/:id/status, PUT} route
[2026-08-20T06:47:14.678Z] [LOG] [RoutesResolver] AuthController {/auth}:
[2026-08-20T06:47:14.678Z] [LOG] [RouterExplorer] Mapped {/auth/login, POST} route
[2026-08-20T06:47:14.678Z] [LOG] [RouterExplorer] Mapped {/auth/refresh, POST} route
[2026-08-20T06:47:14.678Z] [LOG] [RouterExplorer] Mapped {/auth/me, GET} route
[2026-08-20T06:47:14.678Z] [LOG] [RouterExplorer] Mapped {/auth/logout, POST} route
[2026-08-20T06:47:14.678Z] [LOG] [RoutesResolver] SupplierController {/suppliers}:
[2026-08-20T06:47:14.678Z] [LOG] [RoutesResolver] UserController {/users}:
[2026-08-20T06:47:14.678Z] [LOG] [RouterExplorer] Mapped {/suppliers, POST} route
[2026-08-20T06:47:14.678Z] [LOG] [RouterExplorer] Mapped {/suppliers/:id, GET} route
[2026-08-20T06:47:14.679Z] [LOG] [RoutesResolver] SupplierGroupController {/supplier-groups}:
[2026-08-20T06:47:14.678Z] [LOG] [RouterExplorer] Mapped {/suppliers, GET} route
[2026-08-20T06:47:14.679Z] [LOG] [RouterExplorer] Mapped {/supplier-groups, POST} route
[2026-08-20T06:47:14.679Z] [LOG] [RouterExplorer] Mapped {/supplier-groups/:id, GET} route
[2026-08-20T06:47:14.679Z] [LOG] [RouterExplorer] Mapped {/supplier-groups/:id/status, PUT} route
[2026-08-20T06:47:14.679Z] [LOG] [RouterExplorer] Mapped {/supplier-groups/:id, PUT} route
[2026-08-20T06:47:14.679Z] [LOG] [RouterExplorer] Mapped {/supplier-groups/:id/assign-suppliers, POST} route
[2026-08-20T06:47:14.679Z] [LOG] [RoutesResolver] AttendanceController {/attendances}:
[2026-08-20T06:47:14.679Z] [LOG] [RouterExplorer] Mapped {/attendances, GET} route
[2026-08-20T06:47:14.679Z] [LOG] [RouterExplorer] Mapped {/attendances, POST} route
[2026-08-20T06:47:14.679Z] [LOG] [RouterExplorer] Mapped {/supplier-groups, GET} route
[2026-08-20T06:47:14.679Z] [LOG] [RouterExplorer] Mapped {/departments, POST} route
[2026-08-20T06:47:14.679Z] [LOG] [RouterExplorer] Mapped {/attendances/:id, GET} route
[2026-08-20T06:47:14.679Z] [LOG] [RouterExplorer] Mapped {/departments/:id, GET} route
[2026-08-20T06:47:14.679Z] [LOG] [RouterExplorer] Mapped {/departments/:id, PUT} route
[2026-08-20T06:47:14.679Z] [LOG] [RoutesResolver] DepartmentController {/departments}:
[2026-08-20T06:47:14.680Z] [LOG] [RouterExplorer] Mapped {/departments/:id/status, PUT} route
[2026-08-20T06:47:14.679Z] [LOG] [RouterExplorer] Mapped {/departments, GET} route
[2026-08-20T06:47:14.680Z] [LOG] [NestApplication] Nest application successfully started
[2026-08-20T06:47:36.679Z] [LOG] [NestFactory] Starting Nest application...
[2026-08-20T06:47:36.679Z] [LOG] [InstanceLoader] TypeOrmModule dependencies initialized
[2026-08-20T06:47:36.680Z] [LOG] [InstanceLoader] ConfigHostModule dependencies initialized
[2026-08-20T06:47:36.680Z] [LOG] [InstanceLoader] ConfigModule dependencies initialized
[2026-08-20T06:47:36.679Z] [LOG] [InstanceLoader] TokenModule dependencies initialized
[2026-08-20T06:47:36.680Z] [LOG] [InstanceLoader] ConfigModule dependencies initialized
[2026-08-20T06:47:36.680Z] [LOG] [InstanceLoader] JwtModule dependencies initialized
[2026-08-20T06:47:36.680Z] [LOG] [InstanceLoader] RedisModule dependencies initialized
[2026-08-20T06:47:36.680Z] [LOG] [InstanceLoader] TypeOrmCoreModule dependencies initialized
[2026-08-20T06:47:36.680Z] [LOG] [InstanceLoader] TypeOrmModule dependencies initialized
[2026-08-20T06:47:36.681Z] [LOG] [InstanceLoader] TypeOrmModule dependencies initialized
[2026-08-20T06:47:36.680Z] [LOG] [InstanceLoader] AppModule dependencies initialized
[2026-08-20T06:47:36.681Z] [LOG] [InstanceLoader] TypeOrmModule dependencies initialized
[2026-08-20T06:47:36.681Z] [LOG] [InstanceLoader] TypeOrmModule dependencies initialized
[2026-08-20T06:47:36.681Z] [LOG] [InstanceLoader] UserModule dependencies initialized
[2026-08-20T06:47:36.681Z] [LOG] [InstanceLoader] TypeOrmModule dependencies initialized
[2026-08-20T06:47:36.681Z] [LOG] [InstanceLoader] SupplierModule dependencies initialized
[2026-08-20T06:47:36.681Z] [LOG] [InstanceLoader] SupplierGroupModule dependencies initialized
[2026-08-20T06:47:36.681Z] [LOG] [InstanceLoader] DepartmentModule dependencies initialized
[2026-08-20T06:47:36.681Z] [LOG] [InstanceLoader] AttendanceModule dependencies initialized
[2026-08-20T06:47:36.681Z] [LOG] [RouterExplorer] Mapped {/, GET} route
[2026-08-20T06:47:36.681Z] [LOG] [InstanceLoader] AuthModule dependencies initialized
[2026-08-20T06:47:36.682Z] [LOG] [RouterExplorer] Mapped {/users, POST} route
[2026-08-20T06:47:36.682Z] [LOG] [RoutesResolver] UserController {/users}:
[2026-08-20T06:47:36.682Z] [LOG] [RouterExplorer] Mapped {/users/:id, GET} route
[2026-08-20T06:47:36.682Z] [LOG] [RouterExplorer] Mapped {/users/:id/status, PUT} route
[2026-08-20T06:47:36.682Z] [LOG] [RoutesResolver] AuthController {/auth}:
[2026-08-20T06:47:36.682Z] [LOG] [RouterExplorer] Mapped {/users, GET} route
[2026-08-20T06:47:36.682Z] [LOG] [RouterExplorer] Mapped {/auth/login, POST} route
[2026-08-20T06:47:36.682Z] [LOG] [RouterExplorer] Mapped {/auth/refresh, POST} route
[2026-08-20T06:47:36.682Z] [LOG] [RouterExplorer] Mapped {/auth/logout, POST} route
[2026-08-20T06:47:36.682Z] [LOG] [RoutesResolver] SupplierController {/suppliers}:
[2026-08-20T06:47:36.681Z] [LOG] [RoutesResolver] AppController {/}:
[2026-08-20T06:47:36.682Z] [LOG] [RouterExplorer] Mapped {/auth/me, GET} route
[2026-08-20T06:47:36.682Z] [LOG] [RouterExplorer] Mapped {/suppliers, POST} route
[2026-08-20T06:47:36.683Z] [LOG] [RouterExplorer] Mapped {/suppliers/:id, GET} route
[2026-08-20T06:47:36.683Z] [LOG] [RoutesResolver] SupplierGroupController {/supplier-groups}:
[2026-08-20T06:47:36.683Z] [LOG] [RouterExplorer] Mapped {/supplier-groups, GET} route
[2026-08-20T06:47:36.683Z] [LOG] [RouterExplorer] Mapped {/supplier-groups, POST} route
[2026-08-20T06:47:36.683Z] [LOG] [RouterExplorer] Mapped {/supplier-groups/:id, GET} route
[2026-08-20T06:47:36.683Z] [LOG] [RouterExplorer] Mapped {/supplier-groups/:id/status, PUT} route
[2026-08-20T06:47:36.683Z] [LOG] [RouterExplorer] Mapped {/supplier-groups/:id, PUT} route
[2026-08-20T06:47:36.683Z] [LOG] [RouterExplorer] Mapped {/supplier-groups/:id/assign-suppliers, POST} route
[2026-08-20T06:47:36.683Z] [LOG] [RouterExplorer] Mapped {/suppliers, GET} route
[2026-08-20T06:47:36.683Z] [LOG] [RouterExplorer] Mapped {/attendances, POST} route
[2026-08-20T06:47:36.683Z] [LOG] [RoutesResolver] AttendanceController {/attendances}:
[2026-08-20T06:47:36.683Z] [LOG] [RouterExplorer] Mapped {/attendances/:id, GET} route
[2026-08-20T06:47:36.683Z] [LOG] [RouterExplorer] Mapped {/attendances, GET} route
[2026-08-20T06:47:36.683Z] [LOG] [RouterExplorer] Mapped {/departments, POST} route
[2026-08-20T06:47:36.684Z] [LOG] [RouterExplorer] Mapped {/departments/:id, GET} route
[2026-08-20T06:47:36.683Z] [LOG] [RoutesResolver] DepartmentController {/departments}:
[2026-08-20T06:47:36.684Z] [LOG] [RouterExplorer] Mapped {/departments/:id/status, PUT} route
[2026-08-20T06:47:36.684Z] [LOG] [RouterExplorer] Mapped {/departments, GET} route
[2026-08-20T06:47:36.684Z] [LOG] [RouterExplorer] Mapped {/departments/:id, PUT} route
[2026-08-20T06:47:36.684Z] [LOG] [NestApplication] Nest application successfully started
[2026-08-20T06:48:07.292Z] [LOG] [InstanceLoader] TypeOrmModule dependencies initialized
[2026-08-20T06:48:07.292Z] [LOG] [NestFactory] Starting Nest application...
[2026-08-20T06:48:07.292Z] [LOG] [InstanceLoader] TokenModule dependencies initialized
[2026-08-20T06:48:07.293Z] [LOG] [InstanceLoader] AppModule dependencies initialized
[2026-08-20T06:48:07.292Z] [LOG] [InstanceLoader] ConfigHostModule dependencies initialized
[2026-08-20T06:48:07.293Z] [LOG] [InstanceLoader] ConfigModule dependencies initialized
[2026-08-20T06:48:07.293Z] [LOG] [InstanceLoader] ConfigModule dependencies initialized
[2026-08-20T06:48:07.293Z] [LOG] [InstanceLoader] RedisModule dependencies initialized
[2026-08-20T06:48:07.293Z] [LOG] [InstanceLoader] TypeOrmCoreModule dependencies initialized
[2026-08-20T06:48:07.293Z] [LOG] [InstanceLoader] JwtModule dependencies initialized
[2026-08-20T06:48:07.293Z] [LOG] [InstanceLoader] TypeOrmModule dependencies initialized
[2026-08-20T06:48:07.293Z] [LOG] [InstanceLoader] TypeOrmModule dependencies initialized
[2026-08-20T06:48:07.293Z] [LOG] [InstanceLoader] TypeOrmModule dependencies initialized
[2026-08-20T06:48:07.294Z] [LOG] [InstanceLoader] TypeOrmModule dependencies initialized
[2026-08-20T06:48:07.293Z] [LOG] [InstanceLoader] TypeOrmModule dependencies initialized
[2026-08-20T06:48:07.294Z] [LOG] [InstanceLoader] UserModule dependencies initialized
[2026-08-20T06:48:07.294Z] [LOG] [InstanceLoader] SupplierModule dependencies initialized
[2026-08-20T06:48:07.294Z] [LOG] [InstanceLoader] SupplierGroupModule dependencies initialized
[2026-08-20T06:48:07.294Z] [LOG] [InstanceLoader] DepartmentModule dependencies initialized
[2026-08-20T06:48:07.294Z] [LOG] [InstanceLoader] AttendanceModule dependencies initialized
[2026-08-20T06:48:07.294Z] [LOG] [RouterExplorer] Mapped {/, GET} route
[2026-08-20T06:48:07.294Z] [LOG] [InstanceLoader] AuthModule dependencies initialized
[2026-08-20T06:48:07.294Z] [LOG] [RoutesResolver] UserController {/users}:
[2026-08-20T06:48:07.294Z] [LOG] [RouterExplorer] Mapped {/users, POST} route
[2026-08-20T06:48:07.295Z] [LOG] [RouterExplorer] Mapped {/users/:id, GET} route
[2026-08-20T06:48:07.294Z] [LOG] [RouterExplorer] Mapped {/users, GET} route
[2026-08-20T06:48:07.294Z] [LOG] [RoutesResolver] AppController {/}:
[2026-08-20T06:48:07.295Z] [LOG] [RouterExplorer] Mapped {/users/:id/status, PUT} route
[2026-08-20T06:48:07.295Z] [LOG] [RouterExplorer] Mapped {/auth/refresh, POST} route
[2026-08-20T06:48:07.295Z] [LOG] [RouterExplorer] Mapped {/auth/login, POST} route
[2026-08-20T06:48:07.295Z] [LOG] [RouterExplorer] Mapped {/auth/logout, POST} route
[2026-08-20T06:48:07.295Z] [LOG] [RouterExplorer] Mapped {/auth/me, GET} route
[2026-08-20T06:48:07.295Z] [LOG] [RoutesResolver] SupplierController {/suppliers}:
[2026-08-20T06:48:07.295Z] [LOG] [RouterExplorer] Mapped {/suppliers, GET} route
[2026-08-20T06:48:07.295Z] [LOG] [RouterExplorer] Mapped {/suppliers, POST} route
[2026-08-20T06:48:07.295Z] [LOG] [RouterExplorer] Mapped {/suppliers/:id, GET} route
[2026-08-20T06:48:07.295Z] [LOG] [RoutesResolver] SupplierGroupController {/supplier-groups}:
[2026-08-20T06:48:07.295Z] [LOG] [RouterExplorer] Mapped {/supplier-groups, POST} route
[2026-08-20T06:48:07.295Z] [LOG] [RoutesResolver] AuthController {/auth}:
[2026-08-20T06:48:07.296Z] [LOG] [RouterExplorer] Mapped {/supplier-groups/:id, GET} route
[2026-08-20T06:48:07.296Z] [LOG] [RouterExplorer] Mapped {/supplier-groups/:id/status, PUT} route
[2026-08-20T06:48:07.296Z] [LOG] [RouterExplorer] Mapped {/supplier-groups, GET} route
[2026-08-20T06:48:07.296Z] [LOG] [RouterExplorer] Mapped {/supplier-groups/:id, PUT} route
[2026-08-20T06:48:07.296Z] [LOG] [RouterExplorer] Mapped {/supplier-groups/:id/assign-suppliers, POST} route
[2026-08-20T06:48:07.296Z] [LOG] [RouterExplorer] Mapped {/attendances, GET} route
[2026-08-20T06:48:07.296Z] [LOG] [RouterExplorer] Mapped {/attendances, POST} route
[2026-08-20T06:48:07.296Z] [LOG] [RouterExplorer] Mapped {/attendances/:id, GET} route
[2026-08-20T06:48:07.296Z] [LOG] [RoutesResolver] AttendanceController {/attendances}:
[2026-08-20T06:48:07.296Z] [LOG] [RouterExplorer] Mapped {/departments, GET} route
[2026-08-20T06:48:07.296Z] [LOG] [RouterExplorer] Mapped {/departments, POST} route
[2026-08-20T06:48:07.296Z] [LOG] [RoutesResolver] DepartmentController {/departments}:
[2026-08-20T06:48:07.297Z] [LOG] [RouterExplorer] Mapped {/departments/:id/status, PUT} route
[2026-08-20T06:48:07.296Z] [LOG] [RouterExplorer] Mapped {/departments/:id, GET} route
[2026-08-20T06:48:07.297Z] [LOG] [NestApplication] Nest application successfully started
[2026-08-20T06:48:07.296Z] [LOG] [RouterExplorer] Mapped {/departments/:id, PUT} route
[2026-08-20T06:48:18.568Z] [LOG] [NestFactory] Starting Nest application...
[2026-08-20T06:48:18.568Z] [LOG] [InstanceLoader] TokenModule dependencies initialized
[2026-08-20T06:48:18.568Z] [LOG] [InstanceLoader] TypeOrmModule dependencies initialized
[2026-08-20T06:48:18.568Z] [LOG] [InstanceLoader] ConfigHostModule dependencies initialized
[2026-08-20T06:48:18.569Z] [LOG] [InstanceLoader] ConfigModule dependencies initialized
[2026-08-20T06:48:18.569Z] [LOG] [InstanceLoader] RedisModule dependencies initialized
[2026-08-20T06:48:18.569Z] [LOG] [InstanceLoader] AppModule dependencies initialized
[2026-08-20T06:48:18.569Z] [LOG] [InstanceLoader] ConfigModule dependencies initialized
[2026-08-20T06:48:18.569Z] [LOG] [InstanceLoader] TypeOrmCoreModule dependencies initialized
[2026-08-20T06:48:18.569Z] [LOG] [InstanceLoader] TypeOrmModule dependencies initialized
[2026-08-20T06:48:18.569Z] [LOG] [InstanceLoader] TypeOrmModule dependencies initialized
[2026-08-20T06:48:18.569Z] [LOG] [InstanceLoader] TypeOrmModule dependencies initialized
[2026-08-20T06:48:18.569Z] [LOG] [InstanceLoader] TypeOrmModule dependencies initialized
[2026-08-20T06:48:18.569Z] [LOG] [InstanceLoader] JwtModule dependencies initialized
[2026-08-20T06:48:18.569Z] [LOG] [InstanceLoader] TypeOrmModule dependencies initialized
[2026-08-20T06:48:18.570Z] [LOG] [InstanceLoader] SupplierModule dependencies initialized
[2026-08-20T06:48:18.570Z] [LOG] [InstanceLoader] SupplierGroupModule dependencies initialized
[2026-08-20T06:48:18.570Z] [LOG] [InstanceLoader] AttendanceModule dependencies initialized
[2026-08-20T06:48:18.569Z] [LOG] [InstanceLoader] AuthModule dependencies initialized
[2026-08-20T06:48:18.570Z] [LOG] [InstanceLoader] DepartmentModule dependencies initialized
[2026-08-20T06:48:18.570Z] [LOG] [RoutesResolver] AppController {/}:
[2026-08-20T06:48:18.569Z] [LOG] [InstanceLoader] UserModule dependencies initialized
[2026-08-20T06:48:18.570Z] [LOG] [RouterExplorer] Mapped {/users, POST} route
[2026-08-20T06:48:18.570Z] [LOG] [RoutesResolver] UserController {/users}:
[2026-08-20T06:48:18.570Z] [LOG] [RouterExplorer] Mapped {/users, GET} route
[2026-08-20T06:48:18.570Z] [LOG] [RouterExplorer] Mapped {/users/:id, GET} route
[2026-08-20T06:48:18.570Z] [LOG] [RouterExplorer] Mapped {/users/:id/status, PUT} route
[2026-08-20T06:48:18.570Z] [LOG] [RouterExplorer] Mapped {/auth/login, POST} route
[2026-08-20T06:48:18.570Z] [LOG] [RoutesResolver] AuthController {/auth}:
[2026-08-20T06:48:18.571Z] [LOG] [RouterExplorer] Mapped {/auth/logout, POST} route
[2026-08-20T06:48:18.570Z] [LOG] [RouterExplorer] Mapped {/auth/refresh, POST} route
[2026-08-20T06:48:18.571Z] [LOG] [RouterExplorer] Mapped {/auth/me, GET} route
[2026-08-20T06:48:18.571Z] [LOG] [RoutesResolver] SupplierController {/suppliers}:
[2026-08-20T06:48:18.571Z] [LOG] [RouterExplorer] Mapped {/suppliers, POST} route
[2026-08-20T06:48:18.571Z] [LOG] [RouterExplorer] Mapped {/suppliers/:id, GET} route
[2026-08-20T06:48:18.570Z] [LOG] [RouterExplorer] Mapped {/, GET} route
[2026-08-20T06:48:18.571Z] [LOG] [RouterExplorer] Mapped {/suppliers, GET} route
[2026-08-20T06:48:18.571Z] [LOG] [RoutesResolver] SupplierGroupController {/supplier-groups}:
[2026-08-20T06:48:18.571Z] [LOG] [RouterExplorer] Mapped {/supplier-groups, POST} route
[2026-08-20T06:48:18.571Z] [LOG] [RouterExplorer] Mapped {/supplier-groups/:id, GET} route
[2026-08-20T06:48:18.571Z] [LOG] [RouterExplorer] Mapped {/supplier-groups/:id/status, PUT} route
[2026-08-20T06:48:18.571Z] [LOG] [RouterExplorer] Mapped {/supplier-groups/:id, PUT} route
[2026-08-20T06:48:18.571Z] [LOG] [RouterExplorer] Mapped {/supplier-groups/:id/assign-suppliers, POST} route
[2026-08-20T06:48:18.571Z] [LOG] [RouterExplorer] Mapped {/attendances, POST} route
[2026-08-20T06:48:18.571Z] [LOG] [RouterExplorer] Mapped {/supplier-groups, GET} route
[2026-08-20T06:48:18.571Z] [LOG] [RoutesResolver] AttendanceController {/attendances}:
[2026-08-20T06:48:18.572Z] [LOG] [RoutesResolver] DepartmentController {/departments}:
[2026-08-20T06:48:18.571Z] [LOG] [RouterExplorer] Mapped {/attendances, GET} route
[2026-08-20T06:48:18.571Z] [LOG] [RouterExplorer] Mapped {/attendances/:id, GET} route
[2026-08-20T06:48:18.572Z] [LOG] [RouterExplorer] Mapped {/departments, POST} route
[2026-08-20T06:48:18.572Z] [LOG] [RouterExplorer] Mapped {/departments/:id, GET} route
[2026-08-20T06:48:18.572Z] [LOG] [RouterExplorer] Mapped {/departments/:id/status, PUT} route
[2026-08-20T06:48:18.572Z] [LOG] [NestApplication] Nest application successfully started
[2026-08-20T06:48:18.572Z] [LOG] [RouterExplorer] Mapped {/departments/:id, PUT} route
[2026-08-20T06:48:18.572Z] [LOG] [RouterExplorer] Mapped {/departments, GET} route
[2026-08-20T06:49:17.127Z] [LOG] [NestFactory] Starting Nest application...
[2026-08-20T06:49:17.128Z] [LOG] [InstanceLoader] ConfigHostModule dependencies initialized
[2026-08-20T06:49:17.128Z] [LOG] [InstanceLoader] TypeOrmModule dependencies initialized
[2026-08-20T06:49:17.128Z] [LOG] [InstanceLoader] AppModule dependencies initialized
[2026-08-20T06:49:17.128Z] [LOG] [InstanceLoader] RedisModule dependencies initialized
[2026-08-20T06:49:17.128Z] [LOG] [InstanceLoader] TokenModule dependencies initialized
[2026-08-20T06:49:17.128Z] [LOG] [InstanceLoader] ConfigModule dependencies initialized
[2026-08-20T06:49:17.129Z] [LOG] [InstanceLoader] TypeOrmCoreModule dependencies initialized
[2026-08-20T06:49:17.129Z] [LOG] [InstanceLoader] TypeOrmModule dependencies initialized
[2026-08-20T06:49:17.128Z] [LOG] [InstanceLoader] ConfigModule dependencies initialized
[2026-08-20T06:49:17.129Z] [LOG] [InstanceLoader] JwtModule dependencies initialized
[2026-08-20T06:49:17.129Z] [LOG] [InstanceLoader] TypeOrmModule dependencies initialized
[2026-08-20T06:49:17.129Z] [LOG] [InstanceLoader] TypeOrmModule dependencies initialized
[2026-08-20T06:49:17.129Z] [LOG] [InstanceLoader] AuthModule dependencies initialized
[2026-08-20T06:49:17.129Z] [LOG] [InstanceLoader] TypeOrmModule dependencies initialized
[2026-08-20T06:49:17.129Z] [LOG] [InstanceLoader] SupplierModule dependencies initialized
[2026-08-20T06:49:17.129Z] [LOG] [InstanceLoader] TypeOrmModule dependencies initialized
[2026-08-20T06:49:17.130Z] [LOG] [InstanceLoader] SupplierGroupModule dependencies initialized
[2026-08-20T06:49:17.130Z] [LOG] [InstanceLoader] DepartmentModule dependencies initialized
[2026-08-20T06:49:17.130Z] [LOG] [RoutesResolver] AppController {/}:
[2026-08-20T06:49:17.130Z] [LOG] [InstanceLoader] AttendanceModule dependencies initialized
[2026-08-20T06:49:17.130Z] [LOG] [RouterExplorer] Mapped {/, GET} route
[2026-08-20T06:49:17.129Z] [LOG] [InstanceLoader] UserModule dependencies initialized
[2026-08-20T06:49:17.130Z] [LOG] [RoutesResolver] UserController {/users}:
[2026-08-20T06:49:17.130Z] [LOG] [RouterExplorer] Mapped {/users, POST} route
[2026-08-20T06:49:17.130Z] [LOG] [RouterExplorer] Mapped {/users/:id, GET} route
[2026-08-20T06:49:17.130Z] [LOG] [RouterExplorer] Mapped {/users/:id/status, PUT} route
[2026-08-20T06:49:17.131Z] [LOG] [RouterExplorer] Mapped {/auth/login, POST} route
[2026-08-20T06:49:17.130Z] [LOG] [RoutesResolver] AuthController {/auth}:
[2026-08-20T06:49:17.130Z] [LOG] [RouterExplorer] Mapped {/users, GET} route
[2026-08-20T06:49:17.131Z] [LOG] [RouterExplorer] Mapped {/auth/refresh, POST} route
[2026-08-20T06:49:17.131Z] [LOG] [RouterExplorer] Mapped {/auth/me, GET} route
[2026-08-20T06:49:17.131Z] [LOG] [RouterExplorer] Mapped {/auth/logout, POST} route
[2026-08-20T06:49:17.131Z] [LOG] [RoutesResolver] SupplierController {/suppliers}:
[2026-08-20T06:49:17.131Z] [LOG] [RouterExplorer] Mapped {/suppliers/:id, GET} route
[2026-08-20T06:49:17.131Z] [LOG] [RouterExplorer] Mapped {/suppliers, POST} route
[2026-08-20T06:49:17.131Z] [LOG] [RoutesResolver] SupplierGroupController {/supplier-groups}:
[2026-08-20T06:49:17.131Z] [LOG] [RouterExplorer] Mapped {/suppliers, GET} route
[2026-08-20T06:49:17.132Z] [LOG] [RouterExplorer] Mapped {/supplier-groups, GET} route
[2026-08-20T06:49:17.132Z] [LOG] [RouterExplorer] Mapped {/supplier-groups/:id, PUT} route
[2026-08-20T06:49:17.131Z] [LOG] [RouterExplorer] Mapped {/supplier-groups, POST} route
[2026-08-20T06:49:17.132Z] [LOG] [RouterExplorer] Mapped {/supplier-groups/:id, GET} route
[2026-08-20T06:49:17.132Z] [LOG] [RouterExplorer] Mapped {/supplier-groups/:id/assign-suppliers, POST} route
[2026-08-20T06:49:17.132Z] [LOG] [RouterExplorer] Mapped {/attendances, POST} route
[2026-08-20T06:49:17.132Z] [LOG] [RoutesResolver] AttendanceController {/attendances}:
[2026-08-20T06:49:17.132Z] [LOG] [RouterExplorer] Mapped {/supplier-groups/:id/status, PUT} route
[2026-08-20T06:49:17.132Z] [LOG] [RouterExplorer] Mapped {/attendances/:id, GET} route
[2026-08-20T06:49:17.132Z] [LOG] [RouterExplorer] Mapped {/departments, POST} route
[2026-08-20T06:49:17.132Z] [LOG] [RoutesResolver] DepartmentController {/departments}:
[2026-08-20T06:49:17.133Z] [LOG] [RouterExplorer] Mapped {/departments/:id, GET} route
[2026-08-20T06:49:17.132Z] [LOG] [RouterExplorer] Mapped {/attendances, GET} route
[2026-08-20T06:49:17.133Z] [LOG] [RouterExplorer] Mapped {/departments/:id, PUT} route
[2026-08-20T06:49:17.133Z] [LOG] [RouterExplorer] Mapped {/departments/:id/status, PUT} route
[2026-08-20T06:49:17.133Z] [LOG] [NestApplication] Nest application successfully started
[2026-08-20T06:49:17.132Z] [LOG] [RouterExplorer] Mapped {/departments, GET} route
[2026-08-20T06:49:49.548Z] [LOG] [NestFactory] Starting Nest application...
[2026-08-20T06:49:49.548Z] [LOG] [InstanceLoader] TypeOrmModule dependencies initialized
[2026-08-20T06:49:49.549Z] [LOG] [InstanceLoader] ConfigHostModule dependencies initialized
[2026-08-20T06:49:49.549Z] [LOG] [InstanceLoader] ConfigModule dependencies initialized
[2026-08-20T06:49:49.548Z] [LOG] [InstanceLoader] TokenModule dependencies initialized
[2026-08-20T06:49:49.549Z] [LOG] [InstanceLoader] ConfigModule dependencies initialized
[2026-08-20T06:49:49.549Z] [LOG] [InstanceLoader] RedisModule dependencies initialized
[2026-08-20T06:49:49.549Z] [LOG] [InstanceLoader] TypeOrmCoreModule dependencies initialized
[2026-08-20T06:49:49.549Z] [LOG] [InstanceLoader] TypeOrmModule dependencies initialized
[2026-08-20T06:49:49.549Z] [LOG] [InstanceLoader] JwtModule dependencies initialized
[2026-08-20T06:49:49.549Z] [LOG] [InstanceLoader] AppModule dependencies initialized
[2026-08-20T06:49:49.550Z] [LOG] [InstanceLoader] TypeOrmModule dependencies initialized
[2026-08-20T06:49:49.550Z] [LOG] [InstanceLoader] TypeOrmModule dependencies initialized
[2026-08-20T06:49:49.550Z] [LOG] [InstanceLoader] TypeOrmModule dependencies initialized
[2026-08-20T06:49:49.550Z] [LOG] [InstanceLoader] UserModule dependencies initialized
[2026-08-20T06:49:49.550Z] [LOG] [InstanceLoader] TypeOrmModule dependencies initialized
[2026-08-20T06:49:49.550Z] [LOG] [InstanceLoader] SupplierModule dependencies initialized
[2026-08-20T06:49:49.550Z] [LOG] [InstanceLoader] SupplierGroupModule dependencies initialized
[2026-08-20T06:49:49.550Z] [LOG] [InstanceLoader] AttendanceModule dependencies initialized
[2026-08-20T06:49:49.550Z] [LOG] [InstanceLoader] AuthModule dependencies initialized
[2026-08-20T06:49:49.550Z] [LOG] [InstanceLoader] DepartmentModule dependencies initialized
[2026-08-20T06:49:49.550Z] [LOG] [RoutesResolver] UserController {/users}:
[2026-08-20T06:49:49.550Z] [LOG] [RoutesResolver] AppController {/}:
[2026-08-20T06:49:49.550Z] [LOG] [RouterExplorer] Mapped {/users, POST} route
[2026-08-20T06:49:49.551Z] [LOG] [RouterExplorer] Mapped {/users/:id, GET} route
[2026-08-20T06:49:49.550Z] [LOG] [RouterExplorer] Mapped {/, GET} route
[2026-08-20T06:49:49.550Z] [LOG] [RouterExplorer] Mapped {/users, GET} route
[2026-08-20T06:49:49.551Z] [LOG] [RouterExplorer] Mapped {/auth/login, POST} route
[2026-08-20T06:49:49.551Z] [LOG] [RouterExplorer] Mapped {/users/:id/status, PUT} route
[2026-08-20T06:49:49.551Z] [LOG] [RoutesResolver] AuthController {/auth}:
[2026-08-20T06:49:49.551Z] [LOG] [RouterExplorer] Mapped {/auth/logout, POST} route
[2026-08-20T06:49:49.551Z] [LOG] [RouterExplorer] Mapped {/auth/refresh, POST} route
[2026-08-20T06:49:49.551Z] [LOG] [RouterExplorer] Mapped {/suppliers, POST} route
[2026-08-20T06:49:49.551Z] [LOG] [RoutesResolver] SupplierController {/suppliers}:
[2026-08-20T06:49:49.551Z] [LOG] [RouterExplorer] Mapped {/suppliers, GET} route
[2026-08-20T06:49:49.551Z] [LOG] [RouterExplorer] Mapped {/suppliers/:id, GET} route
[2026-08-20T06:49:49.552Z] [LOG] [RouterExplorer] Mapped {/supplier-groups, POST} route
[2026-08-20T06:49:49.552Z] [LOG] [RouterExplorer] Mapped {/supplier-groups, GET} route
[2026-08-20T06:49:49.551Z] [LOG] [RoutesResolver] SupplierGroupController {/supplier-groups}:
[2026-08-20T06:49:49.551Z] [LOG] [RouterExplorer] Mapped {/auth/me, GET} route
[2026-08-20T06:49:49.552Z] [LOG] [RouterExplorer] Mapped {/supplier-groups/:id, GET} route
[2026-08-20T06:49:49.552Z] [LOG] [RouterExplorer] Mapped {/supplier-groups/:id/assign-suppliers, POST} route
[2026-08-20T06:49:49.552Z] [LOG] [RoutesResolver] AttendanceController {/attendances}:
[2026-08-20T06:49:49.552Z] [LOG] [RouterExplorer] Mapped {/supplier-groups/:id/status, PUT} route
[2026-08-20T06:49:49.552Z] [LOG] [RouterExplorer] Mapped {/supplier-groups/:id, PUT} route
[2026-08-20T06:49:49.552Z] [LOG] [RouterExplorer] Mapped {/attendances, GET} route
[2026-08-20T06:49:49.552Z] [LOG] [RouterExplorer] Mapped {/attendances/:id, GET} route
[2026-08-20T06:49:49.552Z] [LOG] [RouterExplorer] Mapped {/attendances, POST} route
[2026-08-20T06:49:49.552Z] [LOG] [RoutesResolver] DepartmentController {/departments}:
[2026-08-20T06:49:49.552Z] [LOG] [RouterExplorer] Mapped {/departments/:id, GET} route
[2026-08-20T06:49:49.552Z] [LOG] [RouterExplorer] Mapped {/departments, GET} route
[2026-08-20T06:49:49.552Z] [LOG] [RouterExplorer] Mapped {/departments, POST} route
[2026-08-20T06:49:49.553Z] [LOG] [RouterExplorer] Mapped {/departments/:id, PUT} route
[2026-08-20T06:49:49.553Z] [LOG] [RouterExplorer] Mapped {/departments/:id/status, PUT} route
[2026-08-20T06:49:49.553Z] [LOG] [NestApplication] Nest application successfully started
[2026-08-20T06:56:21.323Z] [LOG] [NestFactory] Starting Nest application...
[2026-08-20T06:56:21.323Z] [LOG] [InstanceLoader] TypeOrmModule dependencies initialized
[2026-08-20T06:56:21.323Z] [LOG] [InstanceLoader] TokenModule dependencies initialized
[2026-08-20T06:56:21.324Z] [LOG] [InstanceLoader] AppModule dependencies initialized
[2026-08-20T06:56:21.323Z] [LOG] [InstanceLoader] ConfigHostModule dependencies initialized
[2026-08-20T06:56:21.324Z] [LOG] [InstanceLoader] ConfigModule dependencies initialized
[2026-08-20T06:56:21.324Z] [LOG] [InstanceLoader] RedisModule dependencies initialized
[2026-08-20T06:56:21.324Z] [LOG] [InstanceLoader] ConfigModule dependencies initialized
[2026-08-20T06:56:21.324Z] [LOG] [InstanceLoader] TypeOrmCoreModule dependencies initialized
[2026-08-20T06:56:21.324Z] [LOG] [InstanceLoader] TypeOrmModule dependencies initialized
[2026-08-20T06:56:21.325Z] [LOG] [InstanceLoader] TypeOrmModule dependencies initialized
[2026-08-20T06:56:21.324Z] [LOG] [InstanceLoader] JwtModule dependencies initialized
[2026-08-20T06:56:21.325Z] [LOG] [InstanceLoader] TypeOrmModule dependencies initialized
[2026-08-20T06:56:21.325Z] [LOG] [InstanceLoader] TypeOrmModule dependencies initialized
[2026-08-20T06:56:21.325Z] [LOG] [InstanceLoader] UserModule dependencies initialized
[2026-08-20T06:56:21.325Z] [LOG] [InstanceLoader] TypeOrmModule dependencies initialized
[2026-08-20T06:56:21.325Z] [LOG] [InstanceLoader] SupplierModule dependencies initialized
[2026-08-20T06:56:21.325Z] [LOG] [InstanceLoader] SupplierGroupModule dependencies initialized
[2026-08-20T06:56:21.325Z] [LOG] [InstanceLoader] DepartmentModule dependencies initialized
[2026-08-20T06:56:21.325Z] [LOG] [InstanceLoader] AuthModule dependencies initialized
[2026-08-20T06:56:21.325Z] [LOG] [InstanceLoader] AttendanceModule dependencies initialized
[2026-08-20T06:56:21.325Z] [LOG] [RoutesResolver] AppController {/}:
[2026-08-20T06:56:21.325Z] [LOG] [RoutesResolver] UserController {/users}:
[2026-08-20T06:56:21.325Z] [LOG] [RouterExplorer] Mapped {/users, POST} route
[2026-08-20T06:56:21.326Z] [LOG] [RouterExplorer] Mapped {/users/:id, GET} route
[2026-08-20T06:56:21.325Z] [LOG] [RouterExplorer] Mapped {/, GET} route
[2026-08-20T06:56:21.325Z] [LOG] [RouterExplorer] Mapped {/users, GET} route
[2026-08-20T06:56:21.326Z] [LOG] [RouterExplorer] Mapped {/auth/login, POST} route
[2026-08-20T06:56:21.326Z] [LOG] [RouterExplorer] Mapped {/users/:id/status, PUT} route
[2026-08-20T06:56:21.326Z] [LOG] [RoutesResolver] AuthController {/auth}:
[2026-08-20T06:56:21.326Z] [LOG] [RouterExplorer] Mapped {/auth/refresh, POST} route
[2026-08-20T06:56:21.326Z] [LOG] [RouterExplorer] Mapped {/auth/logout, POST} route
[2026-08-20T06:56:21.326Z] [LOG] [RouterExplorer] Mapped {/suppliers, POST} route
[2026-08-20T06:56:21.326Z] [LOG] [RouterExplorer] Mapped {/auth/me, GET} route
[2026-08-20T06:56:21.326Z] [LOG] [RoutesResolver] SupplierController {/suppliers}:
[2026-08-20T06:56:21.326Z] [LOG] [RouterExplorer] Mapped {/suppliers/:id, GET} route
[2026-08-20T06:56:21.326Z] [LOG] [RoutesResolver] SupplierGroupController {/supplier-groups}:
[2026-08-20T06:56:21.326Z] [LOG] [RouterExplorer] Mapped {/supplier-groups, GET} route
[2026-08-20T06:56:21.326Z] [LOG] [RouterExplorer] Mapped {/supplier-groups, POST} route
[2026-08-20T06:56:21.326Z] [LOG] [RouterExplorer] Mapped {/supplier-groups/:id, GET} route
[2026-08-20T06:56:21.326Z] [LOG] [RouterExplorer] Mapped {/supplier-groups/:id/status, PUT} route
[2026-08-20T06:56:21.326Z] [LOG] [RouterExplorer] Mapped {/supplier-groups/:id, PUT} route
[2026-08-20T06:56:21.327Z] [LOG] [RouterExplorer] Mapped {/supplier-groups/:id/assign-suppliers, POST} route
[2026-08-20T06:56:21.327Z] [LOG] [RouterExplorer] Mapped {/attendances, POST} route
[2026-08-20T06:56:21.327Z] [LOG] [RoutesResolver] AttendanceController {/attendances}:
[2026-08-20T06:56:21.327Z] [LOG] [RouterExplorer] Mapped {/attendances/:id, GET} route
[2026-08-20T06:56:21.327Z] [LOG] [RouterExplorer] Mapped {/attendances, GET} route
[2026-08-20T06:56:21.327Z] [LOG] [RoutesResolver] DepartmentController {/departments}:
[2026-08-20T06:56:21.327Z] [LOG] [RouterExplorer] Mapped {/departments, POST} route
[2026-08-20T06:56:21.327Z] [LOG] [RouterExplorer] Mapped {/departments/:id, GET} route
[2026-08-20T06:56:21.327Z] [LOG] [RouterExplorer] Mapped {/departments, GET} route
[2026-08-20T06:56:21.327Z] [LOG] [RouterExplorer] Mapped {/departments/:id, PUT} route
[2026-08-20T06:56:21.327Z] [LOG] [NestApplication] Nest application successfully started
[2026-08-20T06:56:21.327Z] [LOG] [RouterExplorer] Mapped {/departments/:id/status, PUT} route
[2026-08-20T06:56:21.326Z] [LOG] [RouterExplorer] Mapped {/suppliers, GET} route
[2026-08-20T06:56:24.742Z] [LOG] [NestFactory] Starting Nest application...
[2026-08-20T06:56:24.743Z] [LOG] [InstanceLoader] TypeOrmModule dependencies initialized
[2026-08-20T06:56:24.743Z] [LOG] [InstanceLoader] TokenModule dependencies initialized
[2026-08-20T06:56:24.743Z] [LOG] [InstanceLoader] ConfigModule dependencies initialized
[2026-08-20T06:56:24.743Z] [LOG] [InstanceLoader] AppModule dependencies initialized
[2026-08-20T06:56:24.743Z] [LOG] [InstanceLoader] ConfigHostModule dependencies initialized
[2026-08-20T06:56:24.743Z] [LOG] [InstanceLoader] ConfigModule dependencies initialized
[2026-08-20T06:56:24.744Z] [LOG] [InstanceLoader] TypeOrmCoreModule dependencies initialized
[2026-08-20T06:56:24.744Z] [LOG] [InstanceLoader] RedisModule dependencies initialized
[2026-08-20T06:56:24.744Z] [LOG] [InstanceLoader] TypeOrmModule dependencies initialized
[2026-08-20T06:56:24.744Z] [LOG] [InstanceLoader] TypeOrmModule dependencies initialized
[2026-08-20T06:56:24.744Z] [LOG] [InstanceLoader] TypeOrmModule dependencies initialized
[2026-08-20T06:56:24.744Z] [LOG] [InstanceLoader] JwtModule dependencies initialized
[2026-08-20T06:56:24.744Z] [LOG] [InstanceLoader] TypeOrmModule dependencies initialized
[2026-08-20T06:56:24.744Z] [LOG] [InstanceLoader] AuthModule dependencies initialized
[2026-08-20T06:56:24.744Z] [LOG] [InstanceLoader] TypeOrmModule dependencies initialized
[2026-08-20T06:56:24.744Z] [LOG] [InstanceLoader] SupplierModule dependencies initialized
[2026-08-20T06:56:24.744Z] [LOG] [InstanceLoader] SupplierGroupModule dependencies initialized
[2026-08-20T06:56:24.745Z] [LOG] [InstanceLoader] DepartmentModule dependencies initialized
[2026-08-20T06:56:24.744Z] [LOG] [InstanceLoader] AttendanceModule dependencies initialized
[2026-08-20T06:56:24.745Z] [LOG] [RoutesResolver] AppController {/}:
[2026-08-20T06:56:24.745Z] [LOG] [RouterExplorer] Mapped {/, GET} route
[2026-08-20T06:56:24.744Z] [LOG] [InstanceLoader] UserModule dependencies initialized
[2026-08-20T06:56:24.745Z] [LOG] [RoutesResolver] UserController {/users}:
[2026-08-20T06:56:24.745Z] [LOG] [RouterExplorer] Mapped {/users, POST} route
[2026-08-20T06:56:24.745Z] [LOG] [RouterExplorer] Mapped {/users/:id, GET} route
[2026-08-20T06:56:24.745Z] [LOG] [RoutesResolver] AuthController {/auth}:
[2026-08-20T06:56:24.745Z] [LOG] [RouterExplorer] Mapped {/users/:id/status, PUT} route
[2026-08-20T06:56:24.745Z] [LOG] [RouterExplorer] Mapped {/auth/login, POST} route
[2026-08-20T06:56:24.745Z] [LOG] [RouterExplorer] Mapped {/users, GET} route
[2026-08-20T06:56:24.745Z] [LOG] [RouterExplorer] Mapped {/auth/refresh, POST} route
[2026-08-20T06:56:24.745Z] [LOG] [RoutesResolver] SupplierController {/suppliers}:
[2026-08-20T06:56:24.745Z] [LOG] [RouterExplorer] Mapped {/auth/logout, POST} route
[2026-08-20T06:56:24.745Z] [LOG] [RouterExplorer] Mapped {/auth/me, GET} route
[2026-08-20T06:56:24.745Z] [LOG] [RouterExplorer] Mapped {/suppliers, POST} route
[2026-08-20T06:56:24.745Z] [LOG] [RouterExplorer] Mapped {/suppliers/:id, GET} route
[2026-08-20T06:56:24.745Z] [LOG] [RoutesResolver] SupplierGroupController {/supplier-groups}:
[2026-08-20T06:56:24.746Z] [LOG] [RouterExplorer] Mapped {/supplier-groups, GET} route
[2026-08-20T06:56:24.746Z] [LOG] [RouterExplorer] Mapped {/supplier-groups, POST} route
[2026-08-20T06:56:24.746Z] [LOG] [RouterExplorer] Mapped {/supplier-groups/:id, GET} route
[2026-08-20T06:56:24.745Z] [LOG] [RouterExplorer] Mapped {/suppliers, GET} route
[2026-08-20T06:56:24.746Z] [LOG] [RouterExplorer] Mapped {/supplier-groups/:id, PUT} route
[2026-08-20T06:56:24.746Z] [LOG] [RouterExplorer] Mapped {/supplier-groups/:id/status, PUT} route
[2026-08-20T06:56:24.746Z] [LOG] [RouterExplorer] Mapped {/attendances, POST} route
[2026-08-20T06:56:24.746Z] [LOG] [RouterExplorer] Mapped {/supplier-groups/:id/assign-suppliers, POST} route
[2026-08-20T06:56:24.746Z] [LOG] [RoutesResolver] AttendanceController {/attendances}:
[2026-08-20T06:56:24.746Z] [LOG] [RouterExplorer] Mapped {/attendances/:id, GET} route
[2026-08-20T06:56:24.746Z] [LOG] [RouterExplorer] Mapped {/attendances, GET} route
[2026-08-20T06:56:24.746Z] [LOG] [RoutesResolver] DepartmentController {/departments}:
[2026-08-20T06:56:24.746Z] [LOG] [RouterExplorer] Mapped {/departments, POST} route
[2026-08-20T06:56:24.747Z] [LOG] [RouterExplorer] Mapped {/departments/:id, GET} route
[2026-08-20T06:56:24.746Z] [LOG] [RouterExplorer] Mapped {/departments, GET} route
[2026-08-20T06:56:24.747Z] [LOG] [RouterExplorer] Mapped {/departments/:id, PUT} route
[2026-08-20T06:56:24.747Z] [LOG] [NestApplication] Nest application successfully started
[2026-08-20T06:56:24.747Z] [LOG] [RouterExplorer] Mapped {/departments/:id/status, PUT} route
[2026-08-20T06:56:46.650Z] [LOG] [NestFactory] Starting Nest application...
[2026-08-20T06:56:46.650Z] [LOG] [InstanceLoader] TypeOrmModule dependencies initialized
[2026-08-20T06:56:46.650Z] [LOG] [InstanceLoader] ConfigHostModule dependencies initialized
[2026-08-20T06:56:46.650Z] [LOG] [InstanceLoader] TokenModule dependencies initialized
[2026-08-20T06:56:46.651Z] [LOG] [InstanceLoader] ConfigModule dependencies initialized
[2026-08-20T06:56:46.651Z] [LOG] [InstanceLoader] RedisModule dependencies initialized
[2026-08-20T06:56:46.651Z] [LOG] [InstanceLoader] ConfigModule dependencies initialized
[2026-08-20T06:56:46.651Z] [LOG] [InstanceLoader] JwtModule dependencies initialized
[2026-08-20T06:56:46.651Z] [LOG] [InstanceLoader] TypeOrmCoreModule dependencies initialized
[2026-08-20T06:56:46.652Z] [LOG] [InstanceLoader] TypeOrmModule dependencies initialized
[2026-08-20T06:56:46.650Z] [LOG] [InstanceLoader] AppModule dependencies initialized
[2026-08-20T06:56:46.651Z] [LOG] [InstanceLoader] TypeOrmModule dependencies initialized
[2026-08-20T06:56:46.652Z] [LOG] [InstanceLoader] TypeOrmModule dependencies initialized
[2026-08-20T06:56:46.652Z] [LOG] [InstanceLoader] TypeOrmModule dependencies initialized
[2026-08-20T06:56:46.652Z] [LOG] [InstanceLoader] TypeOrmModule dependencies initialized
[2026-08-20T06:56:46.652Z] [LOG] [InstanceLoader] AuthModule dependencies initialized
[2026-08-20T06:56:46.652Z] [LOG] [InstanceLoader] TypeOrmModule dependencies initialized
[2026-08-20T06:56:46.652Z] [LOG] [InstanceLoader] SupplierModule dependencies initialized
[2026-08-20T06:56:46.652Z] [LOG] [InstanceLoader] TypeOrmModule dependencies initialized
[2026-08-20T06:56:46.652Z] [LOG] [InstanceLoader] SupplierGroupModule dependencies initialized
[2026-08-20T06:56:46.652Z] [LOG] [InstanceLoader] UserModule dependencies initialized
[2026-08-20T06:56:46.652Z] [LOG] [InstanceLoader] AttendanceModule dependencies initialized
[2026-08-20T06:56:46.652Z] [LOG] [InstanceLoader] KpiModule dependencies initialized
[2026-08-20T06:56:46.652Z] [LOG] [InstanceLoader] TaskModule dependencies initialized
[2026-08-20T06:56:46.652Z] [LOG] [InstanceLoader] DepartmentModule dependencies initialized
[2026-08-20T06:56:46.652Z] [LOG] [RoutesResolver] UserController {/users}:
[2026-08-20T06:56:46.652Z] [LOG] [RoutesResolver] AppController {/}:
[2026-08-20T06:56:46.652Z] [LOG] [RouterExplorer] Mapped {/, GET} route
[2026-08-20T06:56:46.653Z] [LOG] [RouterExplorer] Mapped {/users, GET} route
[2026-08-20T06:56:46.653Z] [LOG] [RouterExplorer] Mapped {/users/:id, GET} route
[2026-08-20T06:56:46.653Z] [LOG] [RouterExplorer] Mapped {/users/:id/status, PUT} route
[2026-08-20T06:56:46.653Z] [LOG] [RouterExplorer] Mapped {/users, POST} route
[2026-08-20T06:56:46.653Z] [LOG] [RouterExplorer] Mapped {/auth/login, POST} route
[2026-08-20T06:56:46.653Z] [LOG] [RouterExplorer] Mapped {/auth/refresh, POST} route
[2026-08-20T06:56:46.653Z] [LOG] [RouterExplorer] Mapped {/auth/me, GET} route
[2026-08-20T06:56:46.653Z] [LOG] [RouterExplorer] Mapped {/auth/logout, POST} route
[2026-08-20T06:56:46.653Z] [LOG] [RoutesResolver] SupplierController {/suppliers}:
[2026-08-20T06:56:46.653Z] [LOG] [RouterExplorer] Mapped {/suppliers, GET} route
[2026-08-20T06:56:46.653Z] [LOG] [RoutesResolver] AuthController {/auth}:
[2026-08-20T06:56:46.653Z] [LOG] [RouterExplorer] Mapped {/suppliers/:id, GET} route
[2026-08-20T06:56:46.653Z] [LOG] [RoutesResolver] SupplierGroupController {/supplier-groups}:
[2026-08-20T06:56:46.653Z] [LOG] [RouterExplorer] Mapped {/supplier-groups, GET} route
[2026-08-20T06:56:46.653Z] [LOG] [RouterExplorer] Mapped {/supplier-groups, POST} route
[2026-08-20T06:56:46.654Z] [LOG] [RouterExplorer] Mapped {/supplier-groups/:id, GET} route
[2026-08-20T06:56:46.654Z] [LOG] [RouterExplorer] Mapped {/supplier-groups/:id/status, PUT} route
[2026-08-20T06:56:46.654Z] [LOG] [RouterExplorer] Mapped {/supplier-groups/:id, PUT} route
[2026-08-20T06:56:46.654Z] [LOG] [RouterExplorer] Mapped {/supplier-groups/:id/assign-suppliers, POST} route
[2026-08-20T06:56:46.654Z] [LOG] [RouterExplorer] Mapped {/attendances, POST} route
[2026-08-20T06:56:46.654Z] [LOG] [RoutesResolver] AttendanceController {/attendances}:
[2026-08-20T06:56:46.654Z] [LOG] [RouterExplorer] Mapped {/attendances, GET} route
[2026-08-20T06:56:46.654Z] [LOG] [RouterExplorer] Mapped {/attendances/:id, GET} route
[2026-08-20T06:56:46.654Z] [LOG] [RouterExplorer] Mapped {/departments, POST} route
[2026-08-20T06:56:46.654Z] [LOG] [RoutesResolver] DepartmentController {/departments}:
[2026-08-20T06:56:46.654Z] [LOG] [RouterExplorer] Mapped {/departments, GET} route
[2026-08-20T06:56:46.654Z] [LOG] [RouterExplorer] Mapped {/departments/:id, GET} route
[2026-08-20T06:56:46.653Z] [LOG] [RouterExplorer] Mapped {/suppliers, POST} route
[2026-08-20T06:56:46.654Z] [LOG] [RouterExplorer] Mapped {/departments/:id/status, PUT} route
[2026-08-20T06:56:46.654Z] [LOG] [RouterExplorer] Mapped {/departments/:id, PUT} route
[2026-08-20T06:56:46.654Z] [LOG] [RouterExplorer] Mapped {/tasks, POST} route
[2026-08-20T06:56:46.655Z] [LOG] [RouterExplorer] Mapped {/tasks/:id, GET} route
[2026-08-20T06:56:46.654Z] [LOG] [RouterExplorer] Mapped {/tasks, GET} route
[2026-08-20T06:56:46.655Z] [LOG] [RoutesResolver] KpiController {/kpis}:
[2026-08-20T06:56:46.655Z] [LOG] [RouterExplorer] Mapped {/tasks/:id/status, PUT} route
[2026-08-20T06:56:46.655Z] [LOG] [RouterExplorer] Mapped {/kpis, POST} route
[2026-08-20T06:56:46.655Z] [LOG] [RouterExplorer] Mapped {/kpis/:id, GET} route
[2026-08-20T06:56:46.655Z] [LOG] [RouterExplorer] Mapped {/kpis/:id/actual, PUT} route
[2026-08-20T06:56:46.655Z] [LOG] [NestApplication] Nest application successfully started
[2026-08-20T06:56:46.655Z] [LOG] [RouterExplorer] Mapped {/kpis, GET} route
[2026-08-20T06:56:46.654Z] [LOG] [RoutesResolver] TaskController {/tasks}:
[2026-08-20T06:59:39.559Z] [LOG] [NestFactory] Starting Nest application...
[2026-08-20T06:59:39.559Z] [LOG] [InstanceLoader] TypeOrmModule dependencies initialized
[2026-08-20T06:59:39.560Z] [LOG] [InstanceLoader] ConfigHostModule dependencies initialized
[2026-08-20T06:59:39.560Z] [LOG] [InstanceLoader] AppModule dependencies initialized
[2026-08-20T06:59:39.559Z] [LOG] [InstanceLoader] TokenModule dependencies initialized
[2026-08-20T06:59:39.560Z] [LOG] [InstanceLoader] ConfigModule dependencies initialized
[2026-08-20T06:59:39.560Z] [LOG] [InstanceLoader] ConfigModule dependencies initialized
[2026-08-20T06:59:39.561Z] [LOG] [InstanceLoader] TypeOrmCoreModule dependencies initialized
[2026-08-20T06:59:39.560Z] [LOG] [InstanceLoader] RedisModule dependencies initialized
[2026-08-20T06:59:39.561Z] [LOG] [InstanceLoader] TypeOrmModule dependencies initialized
[2026-08-20T06:59:39.560Z] [LOG] [InstanceLoader] JwtModule dependencies initialized
[2026-08-20T06:59:39.561Z] [LOG] [InstanceLoader] TypeOrmModule dependencies initialized
[2026-08-20T06:59:39.561Z] [LOG] [InstanceLoader] TypeOrmModule dependencies initialized
[2026-08-20T06:59:39.561Z] [LOG] [InstanceLoader] TypeOrmModule dependencies initialized
[2026-08-20T06:59:39.561Z] [LOG] [InstanceLoader] TypeOrmModule dependencies initialized
[2026-08-20T06:59:39.561Z] [LOG] [InstanceLoader] AuthModule dependencies initialized
[2026-08-20T06:59:39.561Z] [LOG] [InstanceLoader] TypeOrmModule dependencies initialized
[2026-08-20T06:59:39.561Z] [LOG] [InstanceLoader] SupplierModule dependencies initialized
[2026-08-20T06:59:39.561Z] [LOG] [InstanceLoader] SupplierGroupModule dependencies initialized
[2026-08-20T06:59:39.561Z] [LOG] [InstanceLoader] AttendanceModule dependencies initialized
[2026-08-20T06:59:39.561Z] [LOG] [InstanceLoader] TypeOrmModule dependencies initialized
[2026-08-20T06:59:39.561Z] [LOG] [InstanceLoader] DepartmentModule dependencies initialized
[2026-08-20T06:59:39.561Z] [LOG] [InstanceLoader] TaskModule dependencies initialized
[2026-08-20T06:59:39.561Z] [LOG] [InstanceLoader] KpiModule dependencies initialized
[2026-08-20T06:59:39.561Z] [LOG] [InstanceLoader] UserModule dependencies initialized
[2026-08-20T06:59:39.562Z] [LOG] [RoutesResolver] UserController {/users}:
[2026-08-20T06:59:39.562Z] [LOG] [RouterExplorer] Mapped {/users, POST} route
[2026-08-20T06:59:39.562Z] [LOG] [RouterExplorer] Mapped {/, GET} route
[2026-08-20T06:59:39.562Z] [LOG] [RouterExplorer] Mapped {/users, GET} route
[2026-08-20T06:59:39.562Z] [LOG] [RouterExplorer] Mapped {/users/:id, GET} route
[2026-08-20T06:59:39.562Z] [LOG] [RouterExplorer] Mapped {/users/:id/status, PUT} route
[2026-08-20T06:59:39.562Z] [LOG] [RoutesResolver] AppController {/}:
[2026-08-20T06:59:39.562Z] [LOG] [RouterExplorer] Mapped {/auth/login, POST} route
[2026-08-20T06:59:39.562Z] [LOG] [RouterExplorer] Mapped {/auth/refresh, POST} route
[2026-08-20T06:59:39.562Z] [LOG] [RouterExplorer] Mapped {/auth/me, GET} route
[2026-08-20T06:59:39.562Z] [LOG] [RouterExplorer] Mapped {/auth/logout, POST} route
[2026-08-20T06:59:39.562Z] [LOG] [RouterExplorer] Mapped {/suppliers, POST} route
[2026-08-20T06:59:39.562Z] [LOG] [RoutesResolver] SupplierController {/suppliers}:
[2026-08-20T06:59:39.562Z] [LOG] [RouterExplorer] Mapped {/suppliers/:id, GET} route
[2026-08-20T06:59:39.562Z] [LOG] [RoutesResolver] AuthController {/auth}:
[2026-08-20T06:59:39.562Z] [LOG] [RouterExplorer] Mapped {/suppliers, GET} route
[2026-08-20T06:59:39.563Z] [LOG] [RouterExplorer] Mapped {/supplier-groups, POST} route
[2026-08-20T06:59:39.563Z] [LOG] [RouterExplorer] Mapped {/supplier-groups/:id, GET} route
[2026-08-20T06:59:39.562Z] [LOG] [RoutesResolver] SupplierGroupController {/supplier-groups}:
[2026-08-20T06:59:39.563Z] [LOG] [RouterExplorer] Mapped {/supplier-groups/:id/status, PUT} route
[2026-08-20T06:59:39.563Z] [LOG] [RouterExplorer] Mapped {/supplier-groups, GET} route
[2026-08-20T06:59:39.563Z] [LOG] [RouterExplorer] Mapped {/supplier-groups/:id, PUT} route
[2026-08-20T06:59:39.563Z] [LOG] [RouterExplorer] Mapped {/supplier-groups/:id/assign-suppliers, POST} route
[2026-08-20T06:59:39.563Z] [LOG] [RouterExplorer] Mapped {/attendances, GET} route
[2026-08-20T06:59:39.563Z] [LOG] [RouterExplorer] Mapped {/attendances, POST} route
[2026-08-20T06:59:39.563Z] [LOG] [RoutesResolver] AttendanceController {/attendances}:
[2026-08-20T06:59:39.563Z] [LOG] [RoutesResolver] DepartmentController {/departments}:
[2026-08-20T06:59:39.563Z] [LOG] [RouterExplorer] Mapped {/departments, GET} route
[2026-08-20T06:59:39.563Z] [LOG] [RouterExplorer] Mapped {/attendances/:id, GET} route
[2026-08-20T06:59:39.563Z] [LOG] [RouterExplorer] Mapped {/departments/:id, PUT} route
[2026-08-20T06:59:39.563Z] [LOG] [RouterExplorer] Mapped {/departments/:id, GET} route
[2026-08-20T06:59:39.563Z] [LOG] [RouterExplorer] Mapped {/departments/:id/status, PUT} route
[2026-08-20T06:59:39.564Z] [LOG] [RoutesResolver] TaskController {/tasks}:
[2026-08-20T06:59:39.563Z] [LOG] [RouterExplorer] Mapped {/departments, POST} route
[2026-08-20T06:59:39.564Z] [LOG] [RouterExplorer] Mapped {/tasks/:id, GET} route
[2026-08-20T06:59:39.564Z] [LOG] [RouterExplorer] Mapped {/tasks, GET} route
[2026-08-20T06:59:39.564Z] [LOG] [RouterExplorer] Mapped {/tasks, POST} route
[2026-08-20T06:59:39.564Z] [LOG] [RouterExplorer] Mapped {/tasks/:id/status, PUT} route
[2026-08-20T06:59:39.564Z] [LOG] [RouterExplorer] Mapped {/kpis, GET} route
[2026-08-20T06:59:39.564Z] [LOG] [RouterExplorer] Mapped {/kpis, POST} route
[2026-08-20T06:59:39.564Z] [LOG] [RouterExplorer] Mapped {/kpis/:id, GET} route
[2026-08-20T06:59:39.564Z] [LOG] [NestApplication] Nest application successfully started
[2026-08-20T06:59:39.564Z] [LOG] [RouterExplorer] Mapped {/kpis/:id/actual, PUT} route
[2026-08-20T06:59:39.564Z] [LOG] [RoutesResolver] KpiController {/kpis}:
[2026-08-20T07:14:11.322Z] [LOG] [NestFactory] Starting Nest application...
[2026-08-20T07:14:11.323Z] [LOG] [InstanceLoader] TypeOrmModule dependencies initialized
[2026-08-20T07:14:11.323Z] [LOG] [InstanceLoader] TokenModule dependencies initialized
[2026-08-20T07:14:11.323Z] [LOG] [InstanceLoader] AppModule dependencies initialized
[2026-08-20T07:14:11.323Z] [LOG] [InstanceLoader] ConfigHostModule dependencies initialized
[2026-08-20T07:14:11.324Z] [LOG] [InstanceLoader] RedisModule dependencies initialized
[2026-08-20T07:14:11.323Z] [LOG] [InstanceLoader] ConfigModule dependencies initialized
[2026-08-20T07:14:11.324Z] [LOG] [InstanceLoader] TypeOrmCoreModule dependencies initialized
[2026-08-20T07:14:11.324Z] [LOG] [InstanceLoader] JwtModule dependencies initialized
[2026-08-20T07:14:11.324Z] [LOG] [InstanceLoader] TypeOrmModule dependencies initialized
[2026-08-20T07:14:11.324Z] [LOG] [InstanceLoader] TypeOrmModule dependencies initialized
[2026-08-20T07:14:11.324Z] [LOG] [InstanceLoader] TypeOrmModule dependencies initialized
[2026-08-20T07:14:11.324Z] [LOG] [InstanceLoader] TypeOrmModule dependencies initialized
[2026-08-20T07:14:11.324Z] [LOG] [InstanceLoader] TypeOrmModule dependencies initialized
[2026-08-20T07:14:11.324Z] [LOG] [InstanceLoader] TypeOrmModule dependencies initialized
[2026-08-20T07:14:11.325Z] [LOG] [InstanceLoader] AuthModule dependencies initialized
[2026-08-20T07:14:11.324Z] [LOG] [InstanceLoader] TypeOrmModule dependencies initialized
[2026-08-20T07:14:11.325Z] [LOG] [InstanceLoader] UserModule dependencies initialized
[2026-08-20T07:14:11.325Z] [LOG] [InstanceLoader] SupplierModule dependencies initialized
[2026-08-20T07:14:11.325Z] [LOG] [InstanceLoader] SupplierGroupModule dependencies initialized
[2026-08-20T07:14:11.325Z] [LOG] [InstanceLoader] DepartmentModule dependencies initialized
[2026-08-20T07:14:11.325Z] [LOG] [InstanceLoader] AttendanceModule dependencies initialized
[2026-08-20T07:14:11.325Z] [LOG] [InstanceLoader] KpiModule dependencies initialized
[2026-08-20T07:14:11.323Z] [LOG] [InstanceLoader] ConfigModule dependencies initialized
[2026-08-20T07:14:11.325Z] [LOG] [InstanceLoader] TaskModule dependencies initialized
[2026-08-20T07:14:11.325Z] [LOG] [RoutesResolver] UserController {/users}:
[2026-08-20T07:14:11.325Z] [LOG] [RoutesResolver] AppController {/}:
[2026-08-20T07:14:11.325Z] [LOG] [RouterExplorer] Mapped {/users, POST} route
[2026-08-20T07:14:11.325Z] [LOG] [RouterExplorer] Mapped {/users/:id, GET} route
[2026-08-20T07:14:11.325Z] [LOG] [RouterExplorer] Mapped {/, GET} route
[2026-08-20T07:14:11.325Z] [LOG] [RouterExplorer] Mapped {/users, GET} route
[2026-08-20T07:14:11.325Z] [LOG] [RouterExplorer] Mapped {/auth/login, POST} route
[2026-08-20T07:14:11.325Z] [LOG] [RouterExplorer] Mapped {/users/:id/status, PUT} route
[2026-08-20T07:14:11.326Z] [LOG] [RouterExplorer] Mapped {/auth/logout, POST} route
[2026-08-20T07:14:11.326Z] [LOG] [RouterExplorer] Mapped {/auth/refresh, POST} route
[2026-08-20T07:14:11.326Z] [LOG] [RouterExplorer] Mapped {/auth/me, GET} route
[2026-08-20T07:14:11.326Z] [LOG] [RouterExplorer] Mapped {/suppliers, POST} route
[2026-08-20T07:14:11.326Z] [LOG] [RoutesResolver] SupplierController {/suppliers}:
[2026-08-20T07:14:11.326Z] [LOG] [RouterExplorer] Mapped {/suppliers/:id, GET} route
[2026-08-20T07:14:11.326Z] [LOG] [RouterExplorer] Mapped {/suppliers, GET} route
[2026-08-20T07:14:11.326Z] [LOG] [RoutesResolver] SupplierGroupController {/supplier-groups}:
[2026-08-20T07:14:11.326Z] [LOG] [RouterExplorer] Mapped {/supplier-groups, POST} route
[2026-08-20T07:14:11.325Z] [LOG] [RoutesResolver] AuthController {/auth}:
[2026-08-20T07:14:11.326Z] [LOG] [RouterExplorer] Mapped {/supplier-groups, GET} route
[2026-08-20T07:14:11.326Z] [LOG] [RouterExplorer] Mapped {/supplier-groups/:id, GET} route
[2026-08-20T07:14:11.326Z] [LOG] [RouterExplorer] Mapped {/supplier-groups/:id/assign-suppliers, POST} route
[2026-08-20T07:14:11.326Z] [LOG] [RoutesResolver] AttendanceController {/attendances}:
[2026-08-20T07:14:11.326Z] [LOG] [RouterExplorer] Mapped {/supplier-groups/:id, PUT} route
[2026-08-20T07:14:11.326Z] [LOG] [RouterExplorer] Mapped {/supplier-groups/:id/status, PUT} route
[2026-08-20T07:14:11.326Z] [LOG] [RouterExplorer] Mapped {/attendances, GET} route
[2026-08-20T07:14:11.327Z] [LOG] [RouterExplorer] Mapped {/attendances/:id, GET} route
[2026-08-20T07:14:11.327Z] [LOG] [RoutesResolver] DepartmentController {/departments}:
[2026-08-20T07:14:11.327Z] [LOG] [RouterExplorer] Mapped {/departments, GET} route
[2026-08-20T07:14:11.326Z] [LOG] [RouterExplorer] Mapped {/attendances, POST} route
[2026-08-20T07:14:11.327Z] [LOG] [RouterExplorer] Mapped {/departments/:id, GET} route
[2026-08-20T07:14:11.327Z] [LOG] [RouterExplorer] Mapped {/departments/:id/status, PUT} route
[2026-08-20T07:14:11.327Z] [LOG] [RouterExplorer] Mapped {/departments/:id, PUT} route
[2026-08-20T07:14:11.327Z] [LOG] [RoutesResolver] TaskController {/tasks}:
[2026-08-20T07:14:11.327Z] [LOG] [RouterExplorer] Mapped {/tasks, POST} route
[2026-08-20T07:14:11.327Z] [LOG] [RouterExplorer] Mapped {/departments, POST} route
[2026-08-20T07:14:11.327Z] [LOG] [RouterExplorer] Mapped {/tasks/:id, GET} route
[2026-08-20T07:14:11.327Z] [LOG] [RouterExplorer] Mapped {/tasks/:id/status, PUT} route
[2026-08-20T07:14:11.327Z] [LOG] [RoutesResolver] KpiController {/kpis}:
[2026-08-20T07:14:11.327Z] [LOG] [RouterExplorer] Mapped {/kpis, POST} route
[2026-08-20T07:14:11.328Z] [LOG] [RouterExplorer] Mapped {/kpis, GET} route
[2026-08-20T07:14:11.328Z] [LOG] [RouterExplorer] Mapped {/kpis/:id, GET} route
[2026-08-20T07:14:11.328Z] [LOG] [RouterExplorer] Mapped {/kpis/:id/actual, PUT} route
[2026-08-20T07:14:11.328Z] [LOG] [NestApplication] Nest application successfully started
[2026-08-20T07:14:11.327Z] [LOG] [RouterExplorer] Mapped {/tasks, GET} route
[2026-08-20T07:14:18.716Z] [LOG] [NestFactory] Starting Nest application...
[2026-08-20T07:14:18.716Z] [LOG] [InstanceLoader] TypeOrmModule dependencies initialized
[2026-08-20T07:14:18.716Z] [LOG] [InstanceLoader] TokenModule dependencies initialized
[2026-08-20T07:14:18.717Z] [LOG] [InstanceLoader] AppModule dependencies initialized
[2026-08-20T07:14:18.717Z] [LOG] [InstanceLoader] ConfigHostModule dependencies initialized
[2026-08-20T07:14:18.717Z] [LOG] [InstanceLoader] RedisModule dependencies initialized
[2026-08-20T07:14:18.717Z] [LOG] [InstanceLoader] ConfigModule dependencies initialized
[2026-08-20T07:14:18.718Z] [LOG] [InstanceLoader] TypeOrmCoreModule dependencies initialized
[2026-08-20T07:14:18.718Z] [LOG] [InstanceLoader] TypeOrmModule dependencies initialized
[2026-08-20T07:14:18.717Z] [LOG] [InstanceLoader] JwtModule dependencies initialized
[2026-08-20T07:14:18.717Z] [LOG] [InstanceLoader] ConfigModule dependencies initialized
[2026-08-20T07:14:18.718Z] [LOG] [InstanceLoader] TypeOrmModule dependencies initialized
[2026-08-20T07:14:18.718Z] [LOG] [InstanceLoader] TypeOrmModule dependencies initialized
[2026-08-20T07:14:18.718Z] [LOG] [InstanceLoader] TypeOrmModule dependencies initialized
[2026-08-20T07:14:18.718Z] [LOG] [InstanceLoader] TypeOrmModule dependencies initialized
[2026-08-20T07:14:18.718Z] [LOG] [InstanceLoader] TypeOrmModule dependencies initialized
[2026-08-20T07:14:18.718Z] [LOG] [InstanceLoader] AuthModule dependencies initialized
[2026-08-20T07:14:18.718Z] [LOG] [InstanceLoader] TypeOrmModule dependencies initialized
[2026-08-20T07:14:18.719Z] [LOG] [InstanceLoader] SupplierModule dependencies initialized
[2026-08-20T07:14:18.719Z] [LOG] [InstanceLoader] AttendanceModule dependencies initialized
[2026-08-20T07:14:18.719Z] [LOG] [InstanceLoader] SupplierGroupModule dependencies initialized
[2026-08-20T07:14:18.719Z] [LOG] [InstanceLoader] TaskModule dependencies initialized
[2026-08-20T07:14:18.719Z] [LOG] [InstanceLoader] DepartmentModule dependencies initialized
[2026-08-20T07:14:18.719Z] [LOG] [InstanceLoader] KpiModule dependencies initialized
[2026-08-20T07:14:18.719Z] [LOG] [RouterExplorer] Mapped {/, GET} route
[2026-08-20T07:14:18.719Z] [LOG] [RoutesResolver] UserController {/users}:
[2026-08-20T07:14:18.718Z] [LOG] [InstanceLoader] UserModule dependencies initialized
[2026-08-20T07:14:18.719Z] [LOG] [RoutesResolver] AppController {/}:
[2026-08-20T07:14:18.719Z] [LOG] [RouterExplorer] Mapped {/users, POST} route
[2026-08-20T07:14:18.719Z] [LOG] [RouterExplorer] Mapped {/users/:id, GET} route
[2026-08-20T07:14:18.719Z] [LOG] [RouterExplorer] Mapped {/users/:id/status, PUT} route
[2026-08-20T07:14:18.720Z] [LOG] [RouterExplorer] Mapped {/auth/login, POST} route
[2026-08-20T07:14:18.719Z] [LOG] [RoutesResolver] AuthController {/auth}:
[2026-08-20T07:14:18.719Z] [LOG] [RouterExplorer] Mapped {/users, GET} route
[2026-08-20T07:14:18.720Z] [LOG] [RouterExplorer] Mapped {/auth/logout, POST} route
[2026-08-20T07:14:18.720Z] [LOG] [RouterExplorer] Mapped {/auth/refresh, POST} route
[2026-08-20T07:14:18.720Z] [LOG] [RouterExplorer] Mapped {/suppliers, POST} route
[2026-08-20T07:14:18.720Z] [LOG] [RoutesResolver] SupplierController {/suppliers}:
[2026-08-20T07:14:18.720Z] [LOG] [RouterExplorer] Mapped {/suppliers/:id, GET} route
[2026-08-20T07:14:18.720Z] [LOG] [RouterExplorer] Mapped {/auth/me, GET} route
[2026-08-20T07:14:18.720Z] [LOG] [RouterExplorer] Mapped {/suppliers, GET} route
[2026-08-20T07:14:18.720Z] [LOG] [RouterExplorer] Mapped {/supplier-groups, GET} route
[2026-08-20T07:14:18.720Z] [LOG] [RoutesResolver] SupplierGroupController {/supplier-groups}:
[2026-08-20T07:14:18.720Z] [LOG] [RouterExplorer] Mapped {/supplier-groups, POST} route
[2026-08-20T07:14:18.720Z] [LOG] [RouterExplorer] Mapped {/supplier-groups/:id, GET} route
[2026-08-20T07:14:18.720Z] [LOG] [RouterExplorer] Mapped {/supplier-groups/:id/status, PUT} route
[2026-08-20T07:14:18.721Z] [LOG] [RoutesResolver] AttendanceController {/attendances}:
[2026-08-20T07:14:18.720Z] [LOG] [RouterExplorer] Mapped {/supplier-groups/:id/assign-suppliers, POST} route
[2026-08-20T07:14:18.721Z] [LOG] [RouterExplorer] Mapped {/attendances, GET} route
[2026-08-20T07:14:18.720Z] [LOG] [RouterExplorer] Mapped {/supplier-groups/:id, PUT} route
[2026-08-20T07:14:18.721Z] [LOG] [RoutesResolver] DepartmentController {/departments}:
[2026-08-20T07:14:18.721Z] [LOG] [RouterExplorer] Mapped {/attendances, POST} route
[2026-08-20T07:14:18.721Z] [LOG] [RouterExplorer] Mapped {/attendances/:id, GET} route
[2026-08-20T07:14:18.721Z] [LOG] [RouterExplorer] Mapped {/departments, GET} route
[2026-08-20T07:14:18.721Z] [LOG] [RouterExplorer] Mapped {/departments, POST} route
[2026-08-20T07:14:18.721Z] [LOG] [RouterExplorer] Mapped {/departments/:id, GET} route
[2026-08-20T07:14:18.721Z] [LOG] [RouterExplorer] Mapped {/departments/:id/status, PUT} route
[2026-08-20T07:14:18.721Z] [LOG] [RoutesResolver] TaskController {/tasks}:
[2026-08-20T07:14:18.721Z] [LOG] [RouterExplorer] Mapped {/departments/:id, PUT} route
[2026-08-20T07:14:18.721Z] [LOG] [RouterExplorer] Mapped {/tasks/:id, GET} route
[2026-08-20T07:14:18.721Z] [LOG] [RouterExplorer] Mapped {/tasks, POST} route
[2026-08-20T07:14:18.721Z] [LOG] [RouterExplorer] Mapped {/tasks/:id/status, PUT} route
[2026-08-20T07:14:18.721Z] [LOG] [RouterExplorer] Mapped {/tasks, GET} route
[2026-08-20T07:14:18.722Z] [LOG] [RoutesResolver] KpiController {/kpis}:
[2026-08-20T07:14:18.722Z] [LOG] [RouterExplorer] Mapped {/kpis, GET} route
[2026-08-20T07:14:18.722Z] [LOG] [RouterExplorer] Mapped {/kpis/:id, GET} route
[2026-08-20T07:14:18.722Z] [LOG] [RouterExplorer] Mapped {/kpis/:id/actual, PUT} route
[2026-08-20T07:14:18.722Z] [LOG] [NestApplication] Nest application successfully started
[2026-08-20T07:14:18.722Z] [LOG] [RouterExplorer] Mapped {/kpis, POST} route
[2026-08-20T09:42:18.423Z] [LOG] [NestFactory] Starting Nest application...
[2026-08-20T09:42:18.423Z] [LOG] [InstanceLoader] TypeOrmModule dependencies initialized
[2026-08-20T09:42:18.423Z] [LOG] [InstanceLoader] ConfigHostModule dependencies initialized
[2026-08-20T09:42:18.423Z] [LOG] [InstanceLoader] TokenModule dependencies initialized
[2026-08-20T09:42:18.424Z] [LOG] [InstanceLoader] ConfigModule dependencies initialized
[2026-08-20T09:42:18.424Z] [LOG] [InstanceLoader] ConfigModule dependencies initialized
[2026-08-20T09:42:18.424Z] [LOG] [InstanceLoader] JwtModule dependencies initialized
[2026-08-20T09:42:18.424Z] [LOG] [InstanceLoader] RedisModule dependencies initialized
[2026-08-20T09:42:18.424Z] [LOG] [InstanceLoader] TypeOrmCoreModule dependencies initialized
[2026-08-20T09:42:18.424Z] [LOG] [InstanceLoader] TypeOrmModule dependencies initialized
[2026-08-20T09:42:18.424Z] [LOG] [InstanceLoader] TypeOrmModule dependencies initialized
[2026-08-20T09:42:18.423Z] [LOG] [InstanceLoader] AppModule dependencies initialized
[2026-08-20T09:42:18.424Z] [LOG] [InstanceLoader] TypeOrmModule dependencies initialized
[2026-08-20T09:42:18.424Z] [LOG] [InstanceLoader] TypeOrmModule dependencies initialized
[2026-08-20T09:42:18.424Z] [LOG] [InstanceLoader] TypeOrmModule dependencies initialized
[2026-08-20T09:42:18.425Z] [LOG] [InstanceLoader] AuthModule dependencies initialized
[2026-08-20T09:42:18.424Z] [LOG] [InstanceLoader] TypeOrmModule dependencies initialized
[2026-08-20T09:42:18.425Z] [LOG] [InstanceLoader] UserModule dependencies initialized
[2026-08-20T09:42:18.425Z] [LOG] [InstanceLoader] SupplierModule dependencies initialized
[2026-08-20T09:42:18.425Z] [LOG] [InstanceLoader] SupplierGroupModule dependencies initialized
[2026-08-20T09:42:18.425Z] [LOG] [InstanceLoader] DepartmentModule dependencies initialized
[2026-08-20T09:42:18.425Z] [LOG] [InstanceLoader] AttendanceModule dependencies initialized
[2026-08-20T09:42:18.425Z] [LOG] [InstanceLoader] TypeOrmModule dependencies initialized
[2026-08-20T09:42:18.425Z] [LOG] [RoutesResolver] AppController {/}:
[2026-08-20T09:42:18.425Z] [LOG] [InstanceLoader] TaskModule dependencies initialized
[2026-08-20T09:42:18.425Z] [LOG] [RoutesResolver] UserController {/users}:
[2026-08-20T09:42:18.425Z] [LOG] [InstanceLoader] KpiModule dependencies initialized
[2026-08-20T09:42:18.425Z] [LOG] [RouterExplorer] Mapped {/users, POST} route
[2026-08-20T09:42:18.425Z] [LOG] [RouterExplorer] Mapped {/users/:id, GET} route
[2026-08-20T09:42:18.425Z] [LOG] [RouterExplorer] Mapped {/users/:id/status, PUT} route
[2026-08-20T09:42:18.425Z] [LOG] [RouterExplorer] Mapped {/users, GET} route
[2026-08-20T09:42:18.426Z] [LOG] [RouterExplorer] Mapped {/auth/login, POST} route
[2026-08-20T09:42:18.425Z] [LOG] [RouterExplorer] Mapped {/, GET} route
[2026-08-20T09:42:18.425Z] [LOG] [RoutesResolver] AuthController {/auth}:
[2026-08-20T09:42:18.426Z] [LOG] [RouterExplorer] Mapped {/auth/logout, POST} route
[2026-08-20T09:42:18.426Z] [LOG] [RouterExplorer] Mapped {/auth/refresh, POST} route
[2026-08-20T09:42:18.426Z] [LOG] [RoutesResolver] SupplierController {/suppliers}:
[2026-08-20T09:42:18.426Z] [LOG] [RouterExplorer] Mapped {/suppliers, GET} route
[2026-08-20T09:42:18.426Z] [LOG] [RouterExplorer] Mapped {/auth/me, GET} route
[2026-08-20T09:42:18.426Z] [LOG] [RouterExplorer] Mapped {/suppliers, POST} route
[2026-08-20T09:42:18.426Z] [LOG] [RouterExplorer] Mapped {/suppliers/:id, GET} route
[2026-08-20T09:42:18.426Z] [LOG] [RouterExplorer] Mapped {/supplier-groups, POST} route
[2026-08-20T09:42:18.426Z] [LOG] [RoutesResolver] SupplierGroupController {/supplier-groups}:
[2026-08-20T09:42:18.426Z] [LOG] [RouterExplorer] Mapped {/supplier-groups, GET} route
[2026-08-20T09:42:18.426Z] [LOG] [RouterExplorer] Mapped {/supplier-groups/:id, PUT} route
[2026-08-20T09:42:18.426Z] [LOG] [RouterExplorer] Mapped {/supplier-groups/:id/status, PUT} route
[2026-08-20T09:42:18.426Z] [LOG] [RouterExplorer] Mapped {/supplier-groups/:id/assign-suppliers, POST} route
[2026-08-20T09:42:18.426Z] [LOG] [RouterExplorer] Mapped {/attendances, POST} route
[2026-08-20T09:42:18.426Z] [LOG] [RouterExplorer] Mapped {/supplier-groups/:id, GET} route
[2026-08-20T09:42:18.426Z] [LOG] [RoutesResolver] AttendanceController {/attendances}:
[2026-08-20T09:42:18.427Z] [LOG] [RouterExplorer] Mapped {/attendances/:id, GET} route
[2026-08-20T09:42:18.427Z] [LOG] [RoutesResolver] DepartmentController {/departments}:
[2026-08-20T09:42:18.427Z] [LOG] [RouterExplorer] Mapped {/departments, POST} route
[2026-08-20T09:42:18.427Z] [LOG] [RouterExplorer] Mapped {/departments, GET} route
[2026-08-20T09:42:18.427Z] [LOG] [RouterExplorer] Mapped {/departments/:id, GET} route
[2026-08-20T09:42:18.427Z] [LOG] [RouterExplorer] Mapped {/departments/:id/status, PUT} route
[2026-08-20T09:42:18.427Z] [LOG] [RoutesResolver] TaskController {/tasks}:
[2026-08-20T09:42:18.427Z] [LOG] [RouterExplorer] Mapped {/departments/:id, PUT} route
[2026-08-20T09:42:18.427Z] [LOG] [RouterExplorer] Mapped {/tasks, POST} route
[2026-08-20T09:42:18.427Z] [LOG] [RouterExplorer] Mapped {/attendances, GET} route
[2026-08-20T09:42:18.427Z] [LOG] [RouterExplorer] Mapped {/tasks, GET} route
[2026-08-20T09:42:18.427Z] [LOG] [RouterExplorer] Mapped {/tasks/:id/status, PUT} route
[2026-08-20T09:42:18.427Z] [LOG] [RouterExplorer] Mapped {/kpis, POST} route
[2026-08-20T09:42:18.427Z] [LOG] [RouterExplorer] Mapped {/tasks/:id, GET} route
[2026-08-20T09:42:18.427Z] [LOG] [RouterExplorer] Mapped {/kpis/:id, GET} route
[2026-08-20T09:42:18.427Z] [LOG] [RoutesResolver] KpiController {/kpis}:
[2026-08-20T09:42:18.427Z] [LOG] [RouterExplorer] Mapped {/kpis, GET} route
[2026-08-20T09:42:18.428Z] [LOG] [RouterExplorer] Mapped {/kpis/:id/actual, PUT} route
[2026-08-20T09:42:18.428Z] [LOG] [NestApplication] Nest application successfully started
